date,material_id,transaction_type,quantity
2024-01-01,M01,OnHandSnapshot,897.88
2024-01-02,M01,OnHandSnapshot,897.88
2024-01-03,M01,Consumption,-1.78
2024-01-03,M01,OnHandSnapshot,896.09
2024-01-04,M01,Consumption,-3.21
2024-01-04,M01,OnHandSnapshot,892.88
2024-01-05,M01,OnHandSnapshot,892.88
2024-01-06,M01,Consumption,-154.56
2024-01-06,M01,OnHandSnapshot,738.32
2024-01-07,M01,Consumption,-151.33
2024-01-07,M01,OnHandSnapshot,586.99
2024-01-08,M01,Consumption,-30.24
2024-01-08,M01,OnHandSnapshot,556.75
2024-01-09,M01,Consumption,-110.32
2024-01-09,M01,OnHandSnapshot,446.43
2024-01-10,M01,Receipt,2244.7
2024-01-10,M01,Consumption,-48.72
2024-01-10,M01,OnHandSnapshot,2642.4
2024-01-11,M01,OnHandSnapshot,2642.4
2024-01-12,M01,OnHandSnapshot,2642.4
2024-01-13,M01,OnHandSnapshot,2642.4
2024-01-14,M01,OnHandSnapshot,2642.4
2024-01-15,M01,Consumption,-124.32
2024-01-15,M01,OnHandSnapshot,2518.08
2024-01-16,M01,Consumption,-49.38
2024-01-16,M01,OnHandSnapshot,2468.7
2024-01-17,M01,Consumption,-4.28
2024-01-17,M01,OnHandSnapshot,2464.41
2024-01-18,M01,Consumption,-125.24
2024-01-18,M01,OnHandSnapshot,2339.17
2024-01-19,M01,OnHandSnapshot,2339.17
2024-01-20,M01,Consumption,-3.0
2024-01-20,M01,OnHandSnapshot,2336.17
2024-01-21,M01,Consumption,-54.21
2024-01-21,M01,OnHandSnapshot,2281.96
2024-01-22,M01,Consumption,-115.92
2024-01-22,M01,OnHandSnapshot,2166.04
2024-01-23,M01,OnHandSnapshot,2166.04
2024-01-24,M01,Consumption,-276.71
2024-01-24,M01,OnHandSnapshot,1889.33
2024-01-25,M01,OnHandSnapshot,1889.33
2024-01-26,M01,OnHandSnapshot,1889.33
2024-01-27,M01,OnHandSnapshot,1889.33
2024-01-28,M01,Consumption,-42.0
2024-01-28,M01,OnHandSnapshot,1847.33
2024-01-29,M01,Consumption,-126.56
2024-01-29,M01,OnHandSnapshot,1720.77
2024-01-30,M01,OnHandSnapshot,1720.77
2024-01-31,M01,Consumption,-13.44
2024-01-31,M01,OnHandSnapshot,1707.33
2024-02-01,M01,Consumption,-22.54
2024-02-01,M01,OnHandSnapshot,1684.79
2024-02-02,M01,OnHandSnapshot,1684.79
2024-02-03,M01,OnHandSnapshot,1684.79
2024-02-04,M01,OnHandSnapshot,1684.79
2024-02-05,M01,Consumption,-104.29
2024-02-05,M01,OnHandSnapshot,1580.5
2024-02-06,M01,OnHandSnapshot,1580.5
2024-02-07,M01,Consumption,-54.39
2024-02-07,M01,OnHandSnapshot,1526.11
2024-02-08,M01,Consumption,-132.72
2024-02-08,M01,OnHandSnapshot,1393.39
2024-02-09,M01,OnHandSnapshot,1393.39
2024-02-10,M01,Consumption,-27.51
2024-02-10,M01,OnHandSnapshot,1365.88
2024-02-11,M01,Consumption,-35.28
2024-02-11,M01,OnHandSnapshot,1330.6
2024-02-12,M01,Consumption,-57.12
2024-02-12,M01,OnHandSnapshot,1273.48
2024-02-13,M01,OnHandSnapshot,1273.48
2024-02-14,M01,Consumption,-77.28
2024-02-14,M01,OnHandSnapshot,1196.2
2024-02-15,M01,OnHandSnapshot,1196.2
2024-02-16,M01,Consumption,-86.94
2024-02-16,M01,OnHandSnapshot,1109.26
2024-02-17,M01,Consumption,-177.41
2024-02-17,M01,OnHandSnapshot,931.86
2024-02-18,M01,Receipt,2244.7
2024-02-18,M01,Consumption,-2.0
2024-02-18,M01,OnHandSnapshot,3174.55
2024-02-19,M01,Consumption,-142.79
2024-02-19,M01,OnHandSnapshot,3031.77
2024-02-20,M01,Consumption,-3.21
2024-02-20,M01,OnHandSnapshot,3028.55
2024-02-21,M01,OnHandSnapshot,3028.55
2024-02-22,M01,Consumption,-2.57
2024-02-22,M01,OnHandSnapshot,3025.98
2024-02-23,M01,OnHandSnapshot,3025.98
2024-02-24,M01,Consumption,-4.28
2024-02-24,M01,OnHandSnapshot,3021.7
2024-02-25,M01,Consumption,-3.21
2024-02-25,M01,OnHandSnapshot,3018.49
2024-02-26,M01,Consumption,-3.21
2024-02-26,M01,OnHandSnapshot,3015.27
2024-02-27,M01,Consumption,-114.24
2024-02-27,M01,OnHandSnapshot,2901.03
2024-02-28,M01,Consumption,-59.27
2024-02-28,M01,OnHandSnapshot,2841.76
2024-02-29,M01,OnHandSnapshot,2841.76
2024-03-01,M01,OnHandSnapshot,2841.76
2024-03-02,M01,Consumption,-251.16
2024-03-02,M01,OnHandSnapshot,2590.6
2024-03-03,M01,OnHandSnapshot,2590.6
2024-03-04,M01,OnHandSnapshot,2590.6
2024-03-05,M01,Consumption,-37.8
2024-03-05,M01,OnHandSnapshot,2552.8
2024-03-06,M01,Consumption,-31.36
2024-03-06,M01,OnHandSnapshot,2521.44
2024-03-07,M01,Consumption,-73.54
2024-03-07,M01,OnHandSnapshot,2447.9
2024-03-08,M01,OnHandSnapshot,2447.9
2024-03-09,M01,OnHandSnapshot,2447.9
2024-03-10,M01,OnHandSnapshot,2447.9
2024-03-11,M01,Consumption,-87.55
2024-03-11,M01,OnHandSnapshot,2360.35
2024-03-12,M01,OnHandSnapshot,2360.35
2024-03-13,M01,Consumption,-230.86
2024-03-13,M01,OnHandSnapshot,2129.49
2024-03-14,M01,OnHandSnapshot,2129.49
2024-03-15,M01,OnHandSnapshot,2129.49
2024-03-16,M01,OnHandSnapshot,2129.49
2024-03-17,M01,Consumption,-110.88
2024-03-17,M01,OnHandSnapshot,2018.61
2024-03-18,M01,Consumption,-122.98
2024-03-18,M01,OnHandSnapshot,1895.63
2024-03-19,M01,OnHandSnapshot,1895.63
2024-03-20,M01,OnHandSnapshot,1895.63
2024-03-21,M01,Consumption,-86.94
2024-03-21,M01,OnHandSnapshot,1808.69
2024-03-22,M01,Consumption,-77.28
2024-03-22,M01,OnHandSnapshot,1731.41
2024-03-23,M01,Consumption,-70.56
2024-03-23,M01,OnHandSnapshot,1660.85
2024-03-24,M01,Consumption,-225.68
2024-03-24,M01,OnHandSnapshot,1435.17
2024-03-25,M01,Consumption,-3.61
2024-03-25,M01,OnHandSnapshot,1431.57
2024-03-26,M01,Consumption,-76.38
2024-03-26,M01,OnHandSnapshot,1355.18
2024-03-27,M01,OnHandSnapshot,1355.18
2024-03-28,M01,Consumption,-50.4
2024-03-28,M01,OnHandSnapshot,1304.78
2024-03-29,M01,OnHandSnapshot,1304.78
2024-03-30,M01,Consumption,-163.06
2024-03-30,M01,OnHandSnapshot,1141.72
2024-03-31,M01,OnHandSnapshot,1141.72
2024-04-01,M01,Consumption,-15.65
2024-04-01,M01,OnHandSnapshot,1126.07
2024-04-02,M01,Receipt,2244.7
2024-04-02,M01,OnHandSnapshot,3370.76
2024-04-03,M01,Consumption,-37.8
2024-04-03,M01,OnHandSnapshot,3332.96
2024-04-04,M01,OnHandSnapshot,3332.96
2024-04-05,M01,OnHandSnapshot,3332.96
2024-04-06,M01,OnHandSnapshot,3332.96
2024-04-07,M01,Consumption,-115.92
2024-04-07,M01,OnHandSnapshot,3217.04
2024-04-08,M01,OnHandSnapshot,3217.04
2024-04-09,M01,Consumption,-181.69
2024-04-09,M01,OnHandSnapshot,3035.35
2024-04-10,M01,OnHandSnapshot,3035.35
2024-04-11,M01,OnHandSnapshot,3035.35
2024-04-12,M01,OnHandSnapshot,3035.35
2024-04-13,M01,Consumption,-21.56
2024-04-13,M01,OnHandSnapshot,3013.79
2024-04-14,M01,OnHandSnapshot,3013.79
2024-04-15,M01,OnHandSnapshot,3013.79
2024-04-16,M01,OnHandSnapshot,3013.79
2024-04-17,M01,OnHandSnapshot,3013.79
2024-04-18,M01,Consumption,-113.82
2024-04-18,M01,OnHandSnapshot,2899.97
2024-04-19,M01,Consumption,-3.48
2024-04-19,M01,OnHandSnapshot,2896.5
2024-04-20,M01,OnHandSnapshot,2896.5
2024-04-21,M01,OnHandSnapshot,2896.5
2024-04-22,M01,OnHandSnapshot,2896.5
2024-04-23,M01,Consumption,-96.6
2024-04-23,M01,OnHandSnapshot,2799.9
2024-04-24,M01,OnHandSnapshot,2799.9
2024-04-25,M01,OnHandSnapshot,2799.9
2024-04-26,M01,OnHandSnapshot,2799.9
2024-04-27,M01,Consumption,-3.21
2024-04-27,M01,OnHandSnapshot,2796.68
2024-04-28,M01,OnHandSnapshot,2796.68
2024-04-29,M01,Consumption,-3.21
2024-04-29,M01,OnHandSnapshot,2793.47
2024-04-30,M01,Consumption,-39.06
2024-04-30,M01,OnHandSnapshot,2754.41
2024-05-01,M01,Consumption,-163.31
2024-05-01,M01,OnHandSnapshot,2591.1
2024-05-02,M01,Consumption,-46.82
2024-05-02,M01,OnHandSnapshot,2544.28
2024-05-03,M01,OnHandSnapshot,2544.28
2024-05-04,M01,Consumption,-70.84
2024-05-04,M01,OnHandSnapshot,2473.44
2024-05-05,M01,Consumption,-151.2
2024-05-05,M01,OnHandSnapshot,2322.24
2024-05-06,M01,Consumption,-25.76
2024-05-06,M01,OnHandSnapshot,2296.48
2024-05-07,M01,Consumption,-60.48
2024-05-07,M01,OnHandSnapshot,2236.0
2024-05-08,M01,Consumption,-1.78
2024-05-08,M01,OnHandSnapshot,2234.22
2024-05-09,M01,Consumption,-198.8
2024-05-09,M01,OnHandSnapshot,2035.42
2024-05-10,M01,Consumption,-48.72
2024-05-10,M01,OnHandSnapshot,1986.7
2024-05-11,M01,Consumption,-147.84
2024-05-11,M01,OnHandSnapshot,1838.86
2024-05-12,M01,Consumption,-61.18
2024-05-12,M01,OnHandSnapshot,1777.68
2024-05-13,M01,Consumption,-41.01
2024-05-13,M01,OnHandSnapshot,1736.67
2024-05-14,M01,OnHandSnapshot,1736.67
2024-05-15,M01,Consumption,-114.66
2024-05-15,M01,OnHandSnapshot,1622.01
2024-05-16,M01,Consumption,-226.07
2024-05-16,M01,OnHandSnapshot,1395.94
2024-05-17,M01,Consumption,-141.74
2024-05-17,M01,OnHandSnapshot,1254.2
2024-05-18,M01,Consumption,-110.88
2024-05-18,M01,OnHandSnapshot,1143.32
2024-05-19,M01,Consumption,-3.21
2024-05-19,M01,OnHandSnapshot,1140.11
2024-05-20,M01,OnHandSnapshot,1140.11
2024-05-21,M01,OnHandSnapshot,1140.11
2024-05-22,M01,OnHandSnapshot,1140.11
2024-05-23,M01,Consumption,-7.53
2024-05-23,M01,OnHandSnapshot,1132.57
2024-05-24,M01,Consumption,-161.0
2024-05-24,M01,OnHandSnapshot,971.57
2024-05-25,M01,Consumption,-86.94
2024-05-25,M01,OnHandSnapshot,884.63
2024-05-26,M01,Receipt,2244.7
2024-05-26,M01,Consumption,-50.4
2024-05-26,M01,OnHandSnapshot,3078.93
2024-05-27,M01,Consumption,-137.48
2024-05-27,M01,OnHandSnapshot,2941.45
2024-05-28,M01,Consumption,-20.22
2024-05-28,M01,OnHandSnapshot,2921.22
2024-05-29,M01,Consumption,-18.89
2024-05-29,M01,OnHandSnapshot,2902.33
2024-05-30,M01,OnHandSnapshot,2902.33
2024-05-31,M01,Consumption,-81.2
2024-05-31,M01,OnHandSnapshot,2821.13
2024-06-01,M01,OnHandSnapshot,2821.13
2024-06-02,M01,OnHandSnapshot,2821.13
2024-06-03,M01,Consumption,-76.38
2024-06-03,M01,OnHandSnapshot,2744.75
2024-06-04,M01,OnHandSnapshot,2744.75
2024-06-05,M01,Consumption,-170.02
2024-06-05,M01,OnHandSnapshot,2574.73
2024-06-06,M01,Consumption,-43.12
2024-06-06,M01,OnHandSnapshot,2531.61
2024-06-07,M01,OnHandSnapshot,2531.61
2024-06-08,M01,Consumption,-3.0
2024-06-08,M01,OnHandSnapshot,2528.61
2024-06-09,M01,Consumption,-29.54
2024-06-09,M01,OnHandSnapshot,2499.08
2024-06-10,M01,OnHandSnapshot,2499.08
2024-06-11,M01,Consumption,-122.39
2024-06-11,M01,OnHandSnapshot,2376.69
2024-06-12,M01,OnHandSnapshot,2376.69
2024-06-13,M01,Consumption,-107.56
2024-06-13,M01,OnHandSnapshot,2269.13
2024-06-14,M01,Consumption,-16.23
2024-06-14,M01,OnHandSnapshot,2252.9
2024-06-15,M01,Consumption,-77.0
2024-06-15,M01,OnHandSnapshot,2175.9
2024-06-16,M01,Consumption,-230.72
2024-06-16,M01,OnHandSnapshot,1945.18
2024-06-17,M01,Consumption,-33.6
2024-06-17,M01,OnHandSnapshot,1911.58
2024-06-18,M01,OnHandSnapshot,1911.58
2024-06-19,M01,Consumption,-70.84
2024-06-19,M01,OnHandSnapshot,1840.74
2024-06-20,M01,Consumption,-4.28
2024-06-20,M01,OnHandSnapshot,1836.46
2024-06-21,M01,Consumption,-12.88
2024-06-21,M01,OnHandSnapshot,1823.58
2024-06-22,M01,Consumption,-277.2
2024-06-22,M01,OnHandSnapshot,1546.38
2024-06-23,M01,Consumption,-271.71
2024-06-23,M01,OnHandSnapshot,1274.67
2024-06-24,M01,Consumption,-105.34
2024-06-24,M01,OnHandSnapshot,1169.33
2024-06-25,M01,Consumption,-124.88
2024-06-25,M01,OnHandSnapshot,1044.45
2024-06-26,M01,Consumption,-141.54
2024-06-26,M01,OnHandSnapshot,902.91
2024-06-27,M01,OnHandSnapshot,902.91
2024-06-28,M01,Consumption,-16.79
2024-06-28,M01,OnHandSnapshot,886.13
2024-06-29,M01,OnHandSnapshot,886.13
2024-06-30,M01,Consumption,-213.7
2024-06-30,M01,OnHandSnapshot,672.43
2024-07-01,M01,Receipt,2244.7
2024-07-01,M01,OnHandSnapshot,2917.13
2024-07-02,M01,Consumption,-36.96
2024-07-02,M01,OnHandSnapshot,2880.17
2024-07-03,M01,Consumption,-180.32
2024-07-03,M01,OnHandSnapshot,2699.85
2024-07-04,M01,Consumption,-47.04
2024-07-04,M01,OnHandSnapshot,2652.81
2024-07-05,M01,Consumption,-87.36
2024-07-05,M01,OnHandSnapshot,2565.45
2024-07-06,M01,Consumption,-50.4
2024-07-06,M01,OnHandSnapshot,2515.05
2024-07-07,M01,OnHandSnapshot,2515.05
2024-07-08,M01,Consumption,-29.48
2024-07-08,M01,OnHandSnapshot,2485.56
2024-07-09,M01,Consumption,-10.43
2024-07-09,M01,OnHandSnapshot,2475.13
2024-07-10,M01,OnHandSnapshot,2475.13
2024-07-11,M01,Consumption,-268.24
2024-07-11,M01,OnHandSnapshot,2206.89
2024-07-12,M01,OnHandSnapshot,2206.89
2024-07-13,M01,OnHandSnapshot,2206.89
2024-07-14,M01,Consumption,-91.94
2024-07-14,M01,OnHandSnapshot,2114.95
2024-07-15,M01,OnHandSnapshot,2114.95
2024-07-16,M01,Consumption,-63.08
2024-07-16,M01,OnHandSnapshot,2051.86
2024-07-17,M01,Consumption,-5.86
2024-07-17,M01,OnHandSnapshot,2046.0
2024-07-18,M01,Consumption,-141.68
2024-07-18,M01,OnHandSnapshot,1904.32
2024-07-19,M01,OnHandSnapshot,1904.32
2024-07-20,M01,OnHandSnapshot,1904.32
2024-07-21,M01,OnHandSnapshot,1904.32
2024-07-22,M01,Consumption,-6.09
2024-07-22,M01,OnHandSnapshot,1898.24
2024-07-23,M01,OnHandSnapshot,1898.24
2024-07-24,M01,Consumption,-18.22
2024-07-24,M01,OnHandSnapshot,1880.02
2024-07-25,M01,Consumption,-32.2
2024-07-25,M01,OnHandSnapshot,1847.82
2024-07-26,M01,OnHandSnapshot,1847.82
2024-07-27,M01,Consumption,-155.4
2024-07-27,M01,OnHandSnapshot,1692.42
2024-07-28,M01,Consumption,-19.85
2024-07-28,M01,OnHandSnapshot,1672.56
2024-07-29,M01,Consumption,-1.78
2024-07-29,M01,OnHandSnapshot,1670.78
2024-07-30,M01,Consumption,-154.56
2024-07-30,M01,OnHandSnapshot,1516.22
2024-07-31,M01,Consumption,-290.98
2024-07-31,M01,OnHandSnapshot,1225.24
2024-08-01,M01,Consumption,-157.77
2024-08-01,M01,OnHandSnapshot,1067.47
2024-08-02,M01,Consumption,-198.02
2024-08-02,M01,OnHandSnapshot,869.45
2024-08-03,M01,OnHandSnapshot,869.45
2024-08-04,M01,Consumption,-115.92
2024-08-04,M01,OnHandSnapshot,753.53
2024-08-05,M01,Consumption,-2.78
2024-08-05,M01,OnHandSnapshot,750.75
2024-08-06,M01,Consumption,-120.96
2024-08-06,M01,OnHandSnapshot,629.79
2024-08-07,M01,OnHandSnapshot,629.79
2024-08-08,M01,Consumption,-120.96
2024-08-08,M01,OnHandSnapshot,508.83
2024-08-09,M01,Receipt,2244.7
2024-08-09,M01,Consumption,-6.09
2024-08-09,M01,OnHandSnapshot,2747.44
2024-08-10,M01,Consumption,-179.95
2024-08-10,M01,OnHandSnapshot,2567.49
2024-08-11,M01,Consumption,-77.28
2024-08-11,M01,OnHandSnapshot,2490.21
2024-08-12,M01,OnHandSnapshot,2490.21
2024-08-13,M01,Consumption,-73.92
2024-08-13,M01,OnHandSnapshot,2416.29
2024-08-14,M01,OnHandSnapshot,2416.29
2024-08-15,M01,OnHandSnapshot,2416.29
2024-08-16,M01,OnHandSnapshot,2416.29
2024-08-17,M01,Consumption,-188.16
2024-08-17,M01,OnHandSnapshot,2228.13
2024-08-18,M01,Consumption,-141.96
2024-08-18,M01,OnHandSnapshot,2086.17
2024-08-19,M01,Consumption,-13.86
2024-08-19,M01,OnHandSnapshot,2072.31
2024-08-20,M01,OnHandSnapshot,2072.31
2024-08-21,M01,Consumption,-73.92
2024-08-21,M01,OnHandSnapshot,1998.39
2024-08-22,M01,Consumption,-135.97
2024-08-22,M01,OnHandSnapshot,1862.42
2024-08-23,M01,Consumption,-52.23
2024-08-23,M01,OnHandSnapshot,1810.19
2024-08-24,M01,Consumption,-173.88
2024-08-24,M01,OnHandSnapshot,1636.31
2024-08-25,M01,OnHandSnapshot,1636.31
2024-08-26,M01,OnHandSnapshot,1636.31
2024-08-27,M01,Consumption,-1.78
2024-08-27,M01,OnHandSnapshot,1634.53
2024-08-28,M01,Consumption,-5.64
2024-08-28,M01,OnHandSnapshot,1628.89
2024-08-29,M01,Consumption,-215.04
2024-08-29,M01,OnHandSnapshot,1413.85
2024-08-30,M01,Consumption,-4.28
2024-08-30,M01,OnHandSnapshot,1409.57
2024-08-31,M01,Consumption,-153.46
2024-08-31,M01,OnHandSnapshot,1256.11
2024-09-01,M01,Consumption,-23.52
2024-09-01,M01,OnHandSnapshot,1232.59
2024-09-02,M01,Consumption,-13.91
2024-09-02,M01,OnHandSnapshot,1218.68
2024-09-03,M01,Consumption,-244.72
2024-09-03,M01,OnHandSnapshot,973.96
2024-09-04,M01,OnHandSnapshot,973.96
2024-09-05,M01,Consumption,-15.65
2024-09-05,M01,OnHandSnapshot,958.31
2024-09-06,M01,Receipt,2244.7
2024-09-06,M01,OnHandSnapshot,3203.0
2024-09-07,M01,Consumption,-77.28
2024-09-07,M01,OnHandSnapshot,3125.72
2024-09-08,M01,Consumption,-58.8
2024-09-08,M01,OnHandSnapshot,3066.92
2024-09-09,M01,Consumption,-53.3
2024-09-09,M01,OnHandSnapshot,3013.62
2024-09-10,M01,Consumption,-124.17
2024-09-10,M01,OnHandSnapshot,2889.44
2024-09-11,M01,Consumption,-59.47
2024-09-11,M01,OnHandSnapshot,2829.97
2024-09-12,M01,Consumption,-204.96
2024-09-12,M01,OnHandSnapshot,2625.01
2024-09-13,M01,Consumption,-141.12
2024-09-13,M01,OnHandSnapshot,2483.89
2024-09-14,M01,OnHandSnapshot,2483.89
2024-09-15,M01,OnHandSnapshot,2483.89
2024-09-16,M01,Consumption,-58.39
2024-09-16,M01,OnHandSnapshot,2425.5
2024-09-17,M01,Consumption,-73.92
2024-09-17,M01,OnHandSnapshot,2351.58
2024-09-18,M01,Consumption,-2.48
2024-09-18,M01,OnHandSnapshot,2349.1
2024-09-19,M01,Consumption,-122.74
2024-09-19,M01,OnHandSnapshot,2226.36
2024-09-20,M01,Consumption,-1.29
2024-09-20,M01,OnHandSnapshot,2225.07
2024-09-21,M01,Consumption,-152.88
2024-09-21,M01,OnHandSnapshot,2072.19
2024-09-22,M01,Consumption,-3.21
2024-09-22,M01,OnHandSnapshot,2068.98
2024-09-23,M01,Consumption,-6.96
2024-09-23,M01,OnHandSnapshot,2062.02
2024-09-24,M01,Consumption,-87.36
2024-09-24,M01,OnHandSnapshot,1974.66
2024-09-25,M01,Consumption,-20.16
2024-09-25,M01,OnHandSnapshot,1954.5
2024-09-26,M01,OnHandSnapshot,1954.5
2024-09-27,M01,Consumption,-51.74
2024-09-27,M01,OnHandSnapshot,1902.76
2024-09-28,M01,OnHandSnapshot,1902.76
2024-09-29,M01,OnHandSnapshot,1902.76
2024-09-30,M01,Consumption,-22.54
2024-09-30,M01,OnHandSnapshot,1880.22
2024-10-01,M01,Consumption,-87.44
2024-10-01,M01,OnHandSnapshot,1792.77
2024-10-02,M01,Consumption,-66.17
2024-10-02,M01,OnHandSnapshot,1726.6
2024-10-03,M01,Consumption,-115.92
2024-10-03,M01,OnHandSnapshot,1610.68
2024-10-04,M01,Consumption,-68.46
2024-10-04,M01,OnHandSnapshot,1542.22
2024-10-05,M01,Consumption,-153.33
2024-10-05,M01,OnHandSnapshot,1388.9
2024-10-06,M01,OnHandSnapshot,1388.9
2024-10-07,M01,Consumption,-177.41
2024-10-07,M01,OnHandSnapshot,1211.49
2024-10-08,M01,Consumption,-4.28
2024-10-08,M01,OnHandSnapshot,1207.2
2024-10-09,M01,Consumption,-33.32
2024-10-09,M01,OnHandSnapshot,1173.88
2024-10-10,M01,Consumption,-1.78
2024-10-10,M01,OnHandSnapshot,1172.1
2024-10-11,M01,Consumption,-6.09
2024-10-11,M01,OnHandSnapshot,1166.01
2024-10-12,M01,Consumption,-4.28
2024-10-12,M01,OnHandSnapshot,1161.73
2024-10-13,M01,Receipt,2244.7
2024-10-13,M01,Consumption,-96.14
2024-10-13,M01,OnHandSnapshot,3310.28
2024-10-14,M01,OnHandSnapshot,3310.28
2024-10-15,M01,Consumption,-56.84
2024-10-15,M01,OnHandSnapshot,3253.44
2024-10-16,M01,OnHandSnapshot,3253.44
2024-10-17,M01,OnHandSnapshot,3253.44
2024-10-18,M01,OnHandSnapshot,3253.44
2024-10-19,M01,Consumption,-4.96
2024-10-19,M01,OnHandSnapshot,3248.48
2024-10-20,M01,Consumption,-116.7
2024-10-20,M01,OnHandSnapshot,3131.78
2024-10-21,M01,Consumption,-35.28
2024-10-21,M01,OnHandSnapshot,3096.5
2024-10-22,M01,Consumption,-77.28
2024-10-22,M01,OnHandSnapshot,3019.22
2024-10-23,M01,Consumption,-6.09
2024-10-23,M01,OnHandSnapshot,3013.13
2024-10-24,M01,Consumption,-96.1
2024-10-24,M01,OnHandSnapshot,2917.04
2024-10-25,M01,Consumption,-5.41
2024-10-25,M01,OnHandSnapshot,2911.63
2024-10-26,M01,OnHandSnapshot,2911.63
2024-10-27,M01,OnHandSnapshot,2911.63
2024-10-28,M01,OnHandSnapshot,2911.63
2024-10-29,M01,Consumption,-244.65
2024-10-29,M01,OnHandSnapshot,2666.98
2024-10-30,M01,Consumption,-88.72
2024-10-30,M01,OnHandSnapshot,2578.26
2024-10-31,M01,OnHandSnapshot,2578.26
2024-11-01,M01,Consumption,-37.8
2024-11-01,M01,OnHandSnapshot,2540.46
2024-11-02,M01,OnHandSnapshot,2540.46
2024-11-03,M01,Consumption,-40.32
2024-11-03,M01,OnHandSnapshot,2500.14
2024-11-04,M01,Consumption,-124.36
2024-11-04,M01,OnHandSnapshot,2375.78
2024-11-05,M01,Consumption,-6.09
2024-11-05,M01,OnHandSnapshot,2369.69
2024-11-06,M01,OnHandSnapshot,2369.69
2024-11-07,M01,Consumption,-74.06
2024-11-07,M01,OnHandSnapshot,2295.63
2024-11-08,M01,OnHandSnapshot,2295.63
2024-11-09,M01,Consumption,-53.76
2024-11-09,M01,OnHandSnapshot,2241.87
2024-11-10,M01,OnHandSnapshot,2241.87
2024-11-11,M01,OnHandSnapshot,2241.87
2024-11-12,M01,Consumption,-60.76
2024-11-12,M01,OnHandSnapshot,2181.11
2024-11-13,M01,Consumption,-108.64
2024-11-13,M01,OnHandSnapshot,2072.47
2024-11-14,M01,Consumption,-206.3
2024-11-14,M01,OnHandSnapshot,1866.17
2024-11-15,M01,Consumption,-86.94
2024-11-15,M01,OnHandSnapshot,1779.23
2024-11-16,M01,Consumption,-55.44
2024-11-16,M01,OnHandSnapshot,1723.79
2024-11-17,M01,OnHandSnapshot,1723.79
2024-11-18,M01,OnHandSnapshot,1723.79
2024-11-19,M01,OnHandSnapshot,1723.79
2024-11-20,M01,Consumption,-1.31
2024-11-20,M01,OnHandSnapshot,1722.48
2024-11-21,M01,OnHandSnapshot,1722.48
2024-11-22,M01,OnHandSnapshot,1722.48
2024-11-23,M01,Consumption,-407.36
2024-11-23,M01,OnHandSnapshot,1315.12
2024-11-24,M01,Consumption,-1.43
2024-11-24,M01,OnHandSnapshot,1313.69
2024-11-25,M01,OnHandSnapshot,1313.69
2024-11-26,M01,Consumption,-4.28
2024-11-26,M01,OnHandSnapshot,1309.41
2024-11-27,M01,Consumption,-4.0
2024-11-27,M01,OnHandSnapshot,1305.41
2024-11-28,M01,Consumption,-83.72
2024-11-28,M01,OnHandSnapshot,1221.69
2024-11-29,M01,Consumption,-1.78
2024-11-29,M01,OnHandSnapshot,1219.91
2024-11-30,M01,Consumption,-3.21
2024-11-30,M01,OnHandSnapshot,1216.69
2024-12-01,M01,Consumption,-72.99
2024-12-01,M01,OnHandSnapshot,1143.7
2024-12-02,M01,Consumption,-39.42
2024-12-02,M01,OnHandSnapshot,1104.28
2024-12-03,M01,OnHandSnapshot,1104.28
2024-12-04,M01,Consumption,-77.28
2024-12-04,M01,OnHandSnapshot,1027.0
2024-12-05,M01,Consumption,-21.94
2024-12-05,M01,OnHandSnapshot,1005.05
2024-12-06,M01,OnHandSnapshot,1005.05
2024-12-07,M01,Receipt,2244.7
2024-12-07,M01,Consumption,-58.8
2024-12-07,M01,OnHandSnapshot,3190.95
2024-12-08,M01,Consumption,-298.34
2024-12-08,M01,OnHandSnapshot,2892.61
2024-12-09,M01,OnHandSnapshot,2892.61
2024-12-10,M01,Consumption,-127.76
2024-12-10,M01,OnHandSnapshot,2764.85
2024-12-11,M01,Consumption,-10.46
2024-12-11,M01,OnHandSnapshot,2754.39
2024-12-12,M01,Consumption,-37.8
2024-12-12,M01,OnHandSnapshot,2716.59
2024-12-13,M01,Consumption,-90.16
2024-12-13,M01,OnHandSnapshot,2626.43
2024-12-14,M01,OnHandSnapshot,2626.43
2024-12-15,M01,OnHandSnapshot,2626.43
2024-12-16,M01,OnHandSnapshot,2626.43
2024-12-17,M01,Consumption,-245.34
2024-12-17,M01,OnHandSnapshot,2381.09
2024-12-18,M01,Consumption,-269.29
2024-12-18,M01,OnHandSnapshot,2111.81
2024-12-19,M01,Consumption,-80.49
2024-12-19,M01,OnHandSnapshot,2031.31
2024-12-20,M01,Consumption,-50.4
2024-12-20,M01,OnHandSnapshot,1980.91
2024-12-21,M01,OnHandSnapshot,1980.91
2024-12-22,M01,Consumption,-3.0
2024-12-22,M01,OnHandSnapshot,1977.91
2024-12-23,M01,Consumption,-162.62
2024-12-23,M01,OnHandSnapshot,1815.29
2024-12-24,M01,Consumption,-221.48
2024-12-24,M01,OnHandSnapshot,1593.81
2024-12-25,M01,Consumption,-175.67
2024-12-25,M01,OnHandSnapshot,1418.15
2024-12-26,M01,Consumption,-91.84
2024-12-26,M01,OnHandSnapshot,1326.31
2024-12-27,M01,Consumption,-39.42
2024-12-27,M01,OnHandSnapshot,1286.88
2024-12-28,M01,Consumption,-52.49
2024-12-28,M01,OnHandSnapshot,1234.39
2024-12-29,M01,OnHandSnapshot,1234.39
2024-12-30,M01,Consumption,-220.7
2024-12-30,M01,OnHandSnapshot,1013.69
2024-12-31,M01,Consumption,-30.24
2024-12-31,M01,OnHandSnapshot,983.45
2025-01-01,M01,Consumption,-102.35
2025-01-01,M01,OnHandSnapshot,881.1
2025-01-02,M01,OnHandSnapshot,881.1
2025-01-03,M01,Consumption,-77.38
2025-01-03,M01,OnHandSnapshot,803.72
2025-01-04,M01,Consumption,-73.92
2025-01-04,M01,OnHandSnapshot,729.8
2025-01-05,M01,Receipt,2244.7
2025-01-05,M01,OnHandSnapshot,2974.49
2025-01-06,M01,OnHandSnapshot,2974.49
2025-01-07,M01,Consumption,-208.35
2025-01-07,M01,OnHandSnapshot,2766.14
2025-01-08,M01,Consumption,-136.64
2025-01-08,M01,OnHandSnapshot,2629.5
2025-01-09,M01,Consumption,-28.0
2025-01-09,M01,OnHandSnapshot,2601.5
2025-01-10,M01,Consumption,-36.54
2025-01-10,M01,OnHandSnapshot,2564.96
2025-01-11,M01,Consumption,-28.0
2025-01-11,M01,OnHandSnapshot,2536.96
2025-01-12,M01,Consumption,-77.28
2025-01-12,M01,OnHandSnapshot,2459.68
2025-01-13,M01,OnHandSnapshot,2459.68
2025-01-14,M01,Consumption,-210.47
2025-01-14,M01,OnHandSnapshot,2249.21
2025-01-15,M01,Consumption,-83.72
2025-01-15,M01,OnHandSnapshot,2165.49
2025-01-16,M01,Consumption,-138.88
2025-01-16,M01,OnHandSnapshot,2026.61
2025-01-17,M01,OnHandSnapshot,2026.61
2025-01-18,M01,Consumption,-79.06
2025-01-18,M01,OnHandSnapshot,1947.55
2025-01-19,M01,OnHandSnapshot,1947.55
2025-01-20,M01,Consumption,-41.83
2025-01-20,M01,OnHandSnapshot,1905.72
2025-01-21,M01,Consumption,-211.62
2025-01-21,M01,OnHandSnapshot,1694.09
2025-01-22,M01,Consumption,-170.02
2025-01-22,M01,OnHandSnapshot,1524.08
2025-01-23,M01,OnHandSnapshot,1524.08
2025-01-24,M01,OnHandSnapshot,1524.08
2025-01-25,M01,OnHandSnapshot,1524.08
2025-01-26,M01,Consumption,-268.55
2025-01-26,M01,OnHandSnapshot,1255.53
2025-01-27,M01,Consumption,-173.44
2025-01-27,M01,OnHandSnapshot,1082.09
2025-01-28,M01,Consumption,-117.96
2025-01-28,M01,OnHandSnapshot,964.12
2025-01-29,M01,Consumption,-47.04
2025-01-29,M01,OnHandSnapshot,917.08
2025-01-30,M01,Consumption,-3.21
2025-01-30,M01,OnHandSnapshot,913.87
2025-01-31,M01,OnHandSnapshot,913.87
2025-02-01,M01,Consumption,-1.78
2025-02-01,M01,OnHandSnapshot,912.08
2025-02-02,M01,OnHandSnapshot,912.08
2025-02-03,M01,Receipt,2244.7
2025-02-03,M01,Consumption,-197.01
2025-02-03,M01,OnHandSnapshot,2959.77
2025-02-04,M01,Consumption,-91.28
2025-02-04,M01,OnHandSnapshot,2868.49
2025-02-05,M01,Consumption,-76.38
2025-02-05,M01,OnHandSnapshot,2792.11
2025-02-06,M01,Consumption,-58.8
2025-02-06,M01,OnHandSnapshot,2733.31
2025-02-07,M01,Consumption,-6.31
2025-02-07,M01,OnHandSnapshot,2727.0
2025-02-08,M01,Consumption,-84.0
2025-02-08,M01,OnHandSnapshot,2643.0
2025-02-09,M01,Consumption,-1.78
2025-02-09,M01,OnHandSnapshot,2641.21
2025-02-10,M01,OnHandSnapshot,2641.21
2025-02-11,M01,Consumption,-154.56
2025-02-11,M01,OnHandSnapshot,2486.65
2025-02-12,M01,Consumption,-58.8
2025-02-12,M01,OnHandSnapshot,2427.85
2025-02-13,M01,Consumption,-17.46
2025-02-13,M01,OnHandSnapshot,2410.39
2025-02-14,M01,OnHandSnapshot,2410.39
2025-02-15,M01,OnHandSnapshot,2410.39
2025-02-16,M01,Consumption,-77.28
2025-02-16,M01,OnHandSnapshot,2333.11
2025-02-17,M01,Consumption,-6.09
2025-02-17,M01,OnHandSnapshot,2327.02
2025-02-18,M01,Consumption,-19.77
2025-02-18,M01,OnHandSnapshot,2307.26
2025-02-19,M01,Consumption,-249.98
2025-02-19,M01,OnHandSnapshot,2057.27
2025-02-20,M01,OnHandSnapshot,2057.27
2025-02-21,M01,OnHandSnapshot,2057.27
2025-02-22,M01,OnHandSnapshot,2057.27
2025-02-23,M01,OnHandSnapshot,2057.27
2025-02-24,M01,Consumption,-154.56
2025-02-24,M01,OnHandSnapshot,1902.71
2025-02-25,M01,OnHandSnapshot,1902.71
2025-02-26,M01,Consumption,-35.28
2025-02-26,M01,OnHandSnapshot,1867.43
2025-02-27,M01,Consumption,-31.92
2025-02-27,M01,OnHandSnapshot,1835.51
2025-02-28,M01,Consumption,-29.4
2025-02-28,M01,OnHandSnapshot,1806.11
2025-03-01,M01,OnHandSnapshot,1806.11
2025-03-02,M01,OnHandSnapshot,1806.11
2025-03-03,M01,OnHandSnapshot,1806.11
2025-03-04,M01,Consumption,-50.4
2025-03-04,M01,OnHandSnapshot,1755.71
2025-03-05,M01,Consumption,-80.64
2025-03-05,M01,OnHandSnapshot,1675.07
2025-03-06,M01,Consumption,-6.96
2025-03-06,M01,OnHandSnapshot,1668.12
2025-03-07,M01,OnHandSnapshot,1668.12
2025-03-08,M01,OnHandSnapshot,1668.12
2025-03-09,M01,OnHandSnapshot,1668.12
2025-03-10,M01,Consumption,-58.8
2025-03-10,M01,OnHandSnapshot,1609.32
2025-03-11,M01,OnHandSnapshot,1609.32
2025-03-12,M01,Consumption,-170.02
2025-03-12,M01,OnHandSnapshot,1439.3
2025-03-13,M01,Consumption,-63.84
2025-03-13,M01,OnHandSnapshot,1375.46
2025-03-14,M01,Consumption,-154.56
2025-03-14,M01,OnHandSnapshot,1220.9
2025-03-15,M01,Consumption,-136.68
2025-03-15,M01,OnHandSnapshot,1084.22
2025-03-16,M01,OnHandSnapshot,1084.22
2025-03-17,M01,Consumption,-5.0
2025-03-17,M01,OnHandSnapshot,1079.22
2025-03-18,M01,Consumption,-246.62
2025-03-18,M01,OnHandSnapshot,832.59
2025-03-19,M01,OnHandSnapshot,832.59
2025-03-20,M01,Receipt,2244.7
2025-03-20,M01,Consumption,-3.71
2025-03-20,M01,OnHandSnapshot,3073.58
2025-03-21,M01,OnHandSnapshot,3073.58
2025-03-22,M01,Consumption,-152.73
2025-03-22,M01,OnHandSnapshot,2920.84
2025-03-23,M01,Consumption,-98.12
2025-03-23,M01,OnHandSnapshot,2822.73
2025-03-24,M01,Consumption,-5.86
2025-03-24,M01,OnHandSnapshot,2816.87
2025-03-25,M01,OnHandSnapshot,2816.87
2025-03-26,M01,Consumption,-112.66
2025-03-26,M01,OnHandSnapshot,2704.2
2025-03-27,M01,Consumption,-199.22
2025-03-27,M01,OnHandSnapshot,2504.98
2025-03-28,M01,Consumption,-173.88
2025-03-28,M01,OnHandSnapshot,2331.1
2025-03-29,M01,OnHandSnapshot,2331.1
2025-03-30,M01,OnHandSnapshot,2331.1
2025-03-31,M01,Consumption,-56.84
2025-03-31,M01,OnHandSnapshot,2274.26
2025-04-01,M01,Consumption,-52.61
2025-04-01,M01,OnHandSnapshot,2221.65
2025-04-02,M01,Consumption,-1.78
2025-04-02,M01,OnHandSnapshot,2219.87
2025-04-03,M01,Consumption,-123.28
2025-04-03,M01,OnHandSnapshot,2096.59
2025-04-04,M01,Consumption,-77.28
2025-04-04,M01,OnHandSnapshot,2019.31
2025-04-05,M01,Consumption,-88.45
2025-04-05,M01,OnHandSnapshot,1930.86
2025-04-06,M01,OnHandSnapshot,1930.86
2025-04-07,M01,Consumption,-202.04
2025-04-07,M01,OnHandSnapshot,1728.82
2025-04-08,M01,Consumption,-97.44
2025-04-08,M01,OnHandSnapshot,1631.38
2025-04-09,M01,Consumption,-120.81
2025-04-09,M01,OnHandSnapshot,1510.56
2025-04-10,M01,OnHandSnapshot,1510.56
2025-04-11,M01,Consumption,-24.64
2025-04-11,M01,OnHandSnapshot,1485.92
2025-04-12,M01,OnHandSnapshot,1485.92
2025-04-13,M01,Consumption,-161.28
2025-04-13,M01,OnHandSnapshot,1324.64
2025-04-14,M01,Consumption,-100.8
2025-04-14,M01,OnHandSnapshot,1223.84
2025-04-15,M01,OnHandSnapshot,1223.84
2025-04-16,M01,Consumption,-138.88
2025-04-16,M01,OnHandSnapshot,1084.96
2025-04-17,M01,OnHandSnapshot,1084.96
2025-04-18,M01,Consumption,-244.22
2025-04-18,M01,OnHandSnapshot,840.75
2025-04-19,M01,OnHandSnapshot,840.75
2025-04-20,M01,Receipt,2244.7
2025-04-20,M01,OnHandSnapshot,3085.44
2025-04-21,M01,Consumption,-116.84
2025-04-21,M01,OnHandSnapshot,2968.6
2025-04-22,M01,OnHandSnapshot,2968.6
2025-04-23,M01,OnHandSnapshot,2968.6
2025-04-24,M01,Consumption,-6.09
2025-04-24,M01,OnHandSnapshot,2962.51
2025-04-25,M01,OnHandSnapshot,2962.51
2025-04-26,M01,Consumption,-5.86
2025-04-26,M01,OnHandSnapshot,2956.65
2025-04-27,M01,Consumption,-218.82
2025-04-27,M01,OnHandSnapshot,2737.83
2025-04-28,M01,OnHandSnapshot,2737.83
2025-04-29,M01,OnHandSnapshot,2737.83
2025-04-30,M01,Consumption,-39.06
2025-04-30,M01,OnHandSnapshot,2698.77
2025-05-01,M01,Consumption,-3.21
2025-05-01,M01,OnHandSnapshot,2695.56
2025-05-02,M01,Consumption,-130.28
2025-05-02,M01,OnHandSnapshot,2565.28
2025-05-03,M01,Consumption,-68.01
2025-05-03,M01,OnHandSnapshot,2497.26
2025-05-04,M01,OnHandSnapshot,2497.26
2025-05-05,M01,Consumption,-309.79
2025-05-05,M01,OnHandSnapshot,2187.48
2025-05-06,M01,Consumption,-9.32
2025-05-06,M01,OnHandSnapshot,2178.15
2025-05-07,M01,Consumption,-37.8
2025-05-07,M01,OnHandSnapshot,2140.35
2025-05-08,M01,Consumption,-88.74
2025-05-08,M01,OnHandSnapshot,2051.61
2025-05-09,M01,OnHandSnapshot,2051.61
2025-05-10,M01,Consumption,-115.84
2025-05-10,M01,OnHandSnapshot,1935.76
2025-05-11,M01,Consumption,-4.28
2025-05-11,M01,OnHandSnapshot,1931.48
2025-05-12,M01,Consumption,-82.76
2025-05-12,M01,OnHandSnapshot,1848.72
2025-05-13,M01,Consumption,-90.72
2025-05-13,M01,OnHandSnapshot,1758.0
2025-05-14,M01,Consumption,-60.76
2025-05-14,M01,OnHandSnapshot,1697.24
2025-05-15,M01,Consumption,-86.8
2025-05-15,M01,OnHandSnapshot,1610.44
2025-05-16,M01,Consumption,-177.41
2025-05-16,M01,OnHandSnapshot,1433.04
2025-05-17,M01,OnHandSnapshot,1433.04
2025-05-18,M01,OnHandSnapshot,1433.04
2025-05-19,M01,Consumption,-21.84
2025-05-19,M01,OnHandSnapshot,1411.2
2025-05-20,M01,Consumption,-27.1
2025-05-20,M01,OnHandSnapshot,1384.09
2025-05-21,M01,OnHandSnapshot,1384.09
2025-05-22,M01,Consumption,-84.0
2025-05-22,M01,OnHandSnapshot,1300.09
2025-05-23,M01,OnHandSnapshot,1300.09
2025-05-24,M01,Consumption,-80.49
2025-05-24,M01,OnHandSnapshot,1219.6
2025-05-25,M01,Receipt,2244.7
2025-05-25,M01,OnHandSnapshot,3464.29
2025-05-26,M01,OnHandSnapshot,3464.29
2025-05-27,M01,OnHandSnapshot,3464.29
2025-05-28,M01,Consumption,-96.1
2025-05-28,M01,OnHandSnapshot,3368.2
2025-05-29,M01,Consumption,-100.8
2025-05-29,M01,OnHandSnapshot,3267.4
2025-05-30,M01,Consumption,-77.28
2025-05-30,M01,OnHandSnapshot,3190.12
2025-05-31,M01,Consumption,-215.77
2025-05-31,M01,OnHandSnapshot,2974.35
2025-06-01,M01,Consumption,-15.65
2025-06-01,M01,OnHandSnapshot,2958.7
2025-06-02,M01,Consumption,-77.28
2025-06-02,M01,OnHandSnapshot,2881.42
2025-06-03,M01,Consumption,-81.61
2025-06-03,M01,OnHandSnapshot,2799.81
2025-06-04,M01,OnHandSnapshot,2799.81
2025-06-05,M01,OnHandSnapshot,2799.81
2025-06-06,M01,Consumption,-3.21
2025-06-06,M01,OnHandSnapshot,2796.59
2025-06-07,M01,Consumption,-144.48
2025-06-07,M01,OnHandSnapshot,2652.11
2025-06-08,M01,Consumption,-37.8
2025-06-08,M01,OnHandSnapshot,2614.31
2025-06-09,M01,Consumption,-242.28
2025-06-09,M01,OnHandSnapshot,2372.04
2025-06-10,M01,OnHandSnapshot,2372.04
2025-06-11,M01,Consumption,-120.96
2025-06-11,M01,OnHandSnapshot,2251.08
2025-06-12,M01,OnHandSnapshot,2251.08
2025-06-13,M01,OnHandSnapshot,2251.08
2025-06-14,M01,Consumption,-25.62
2025-06-14,M01,OnHandSnapshot,2225.46
2025-06-15,M01,Consumption,-36.54
2025-06-15,M01,OnHandSnapshot,2188.92
2025-06-16,M01,Consumption,-179.76
2025-06-16,M01,OnHandSnapshot,2009.16
2025-06-17,M01,Consumption,-73.77
2025-06-17,M01,OnHandSnapshot,1935.38
2025-06-18,M01,Consumption,-1.78
2025-06-18,M01,OnHandSnapshot,1933.6
2025-06-19,M01,OnHandSnapshot,1933.6
2025-06-20,M01,Consumption,-158.2
2025-06-20,M01,OnHandSnapshot,1775.4
2025-06-21,M01,Consumption,-220.64
2025-06-21,M01,OnHandSnapshot,1554.76
2025-06-22,M01,OnHandSnapshot,1554.76
2025-06-23,M01,OnHandSnapshot,1554.76
2025-06-24,M01,Consumption,-78.24
2025-06-24,M01,OnHandSnapshot,1476.52
2025-06-25,M01,OnHandSnapshot,1476.52
2025-06-26,M01,OnHandSnapshot,1476.52
2025-06-27,M01,Consumption,-177.41
2025-06-27,M01,OnHandSnapshot,1299.11
2025-06-28,M01,OnHandSnapshot,1299.11
2025-06-29,M01,Consumption,-88.82
2025-06-29,M01,OnHandSnapshot,1210.29
2025-06-30,M01,OnHandSnapshot,1210.29
2025-07-01,M01,Consumption,-112.97
2025-07-01,M01,OnHandSnapshot,1097.32
2025-07-02,M01,Consumption,-84.0
2025-07-02,M01,OnHandSnapshot,1013.32
2025-07-03,M01,Receipt,2244.7
2025-07-03,M01,Consumption,-136.08
2025-07-03,M01,OnHandSnapshot,3121.94
2025-07-04,M01,OnHandSnapshot,3121.94
2025-07-05,M01,Consumption,-51.52
2025-07-05,M01,OnHandSnapshot,3070.42
2025-07-06,M01,OnHandSnapshot,3070.42
2025-07-07,M01,Consumption,-73.92
2025-07-07,M01,OnHandSnapshot,2996.5
2025-07-08,M01,Consumption,-163.06
2025-07-08,M01,OnHandSnapshot,2833.43
2025-07-09,M01,Consumption,-180.32
2025-07-09,M01,OnHandSnapshot,2653.11
2025-07-10,M01,OnHandSnapshot,2653.11
2025-07-11,M01,Consumption,-26.88
2025-07-11,M01,OnHandSnapshot,2626.23
2025-07-12,M01,Consumption,-241.81
2025-07-12,M01,OnHandSnapshot,2384.42
2025-07-13,M01,Consumption,-115.75
2025-07-13,M01,OnHandSnapshot,2268.67
2025-07-14,M01,Consumption,-50.4
2025-07-14,M01,OnHandSnapshot,2218.27
2025-07-15,M01,Consumption,-128.8
2025-07-15,M01,OnHandSnapshot,2089.47
2025-07-16,M01,OnHandSnapshot,2089.47
2025-07-17,M01,Consumption,-3.21
2025-07-17,M01,OnHandSnapshot,2086.26
2025-07-18,M01,OnHandSnapshot,2086.26
2025-07-19,M01,Consumption,-256.63
2025-07-19,M01,OnHandSnapshot,1829.63
2025-07-20,M01,Consumption,-239.12
2025-07-20,M01,OnHandSnapshot,1590.51
2025-07-21,M01,OnHandSnapshot,1590.51
2025-07-22,M01,OnHandSnapshot,1590.51
2025-07-23,M01,Consumption,-146.44
2025-07-23,M01,OnHandSnapshot,1444.07
2025-07-24,M01,Consumption,-3.71
2025-07-24,M01,OnHandSnapshot,1440.36
2025-07-25,M01,OnHandSnapshot,1440.36
2025-07-26,M01,Consumption,-20.38
2025-07-26,M01,OnHandSnapshot,1419.98
2025-07-27,M01,Consumption,-135.9
2025-07-27,M01,OnHandSnapshot,1284.07
2025-07-28,M01,Consumption,-60.76
2025-07-28,M01,OnHandSnapshot,1223.31
2025-07-29,M01,Consumption,-17.64
2025-07-29,M01,OnHandSnapshot,1205.67
2025-07-30,M01,OnHandSnapshot,1205.67
2025-07-31,M01,Receipt,2244.7
2025-07-31,M01,Consumption,-59.14
2025-07-31,M01,OnHandSnapshot,3391.23
2025-08-01,M01,Consumption,-170.02
2025-08-01,M01,OnHandSnapshot,3221.22
2025-08-02,M01,OnHandSnapshot,3221.22
2025-08-03,M01,Consumption,-15.65
2025-08-03,M01,OnHandSnapshot,3205.57
2025-08-04,M01,Consumption,-170.02
2025-08-04,M01,OnHandSnapshot,3035.55
2025-08-05,M01,OnHandSnapshot,3035.55
2025-08-06,M01,Consumption,-167.58
2025-08-06,M01,OnHandSnapshot,2867.97
2025-08-07,M01,Consumption,-2.28
2025-08-07,M01,OnHandSnapshot,2865.69
2025-08-08,M01,OnHandSnapshot,2865.69
2025-08-09,M01,Consumption,-186.06
2025-08-09,M01,OnHandSnapshot,2679.63
2025-08-10,M01,Consumption,-1.78
2025-08-10,M01,OnHandSnapshot,2677.84
2025-08-11,M01,OnHandSnapshot,2677.84
2025-08-12,M01,Consumption,-133.06
2025-08-12,M01,OnHandSnapshot,2544.78
2025-08-13,M01,Consumption,-170.55
2025-08-13,M01,OnHandSnapshot,2374.23
2025-08-14,M01,Consumption,-160.86
2025-08-14,M01,OnHandSnapshot,2213.37
2025-08-15,M01,Consumption,-3.21
2025-08-15,M01,OnHandSnapshot,2210.16
2025-08-16,M01,Consumption,-15.65
2025-08-16,M01,OnHandSnapshot,2194.51
2025-08-17,M01,OnHandSnapshot,2194.51
2025-08-18,M01,Consumption,-2.93
2025-08-18,M01,OnHandSnapshot,2191.58
2025-08-19,M01,OnHandSnapshot,2191.58
2025-08-20,M01,Consumption,-115.92
2025-08-20,M01,OnHandSnapshot,2075.66
2025-08-21,M01,Consumption,-4.28
2025-08-21,M01,OnHandSnapshot,2071.37
2025-08-22,M01,Consumption,-167.44
2025-08-22,M01,OnHandSnapshot,1903.93
2025-08-23,M01,Consumption,-149.52
2025-08-23,M01,OnHandSnapshot,1754.41
2025-08-24,M01,Consumption,-157.92
2025-08-24,M01,OnHandSnapshot,1596.49
2025-08-25,M01,Consumption,-82.28
2025-08-25,M01,OnHandSnapshot,1514.22
2025-08-26,M01,Consumption,-424.14
2025-08-26,M01,OnHandSnapshot,1090.07
2025-08-27,M01,OnHandSnapshot,1090.07
2025-08-28,M01,OnHandSnapshot,1090.07
2025-08-29,M01,Consumption,-13.44
2025-08-29,M01,OnHandSnapshot,1076.63
2025-08-30,M01,OnHandSnapshot,1076.63
2025-08-31,M01,OnHandSnapshot,1076.63
2025-09-01,M01,OnHandSnapshot,1076.63
2025-09-02,M01,Receipt,2244.7
2025-09-02,M01,Consumption,-36.8
2025-09-02,M01,OnHandSnapshot,3284.53
2025-09-03,M01,Consumption,-317.18
2025-09-03,M01,OnHandSnapshot,2967.35
2025-09-04,M01,OnHandSnapshot,2967.35
2025-09-05,M01,OnHandSnapshot,2967.35
2025-09-06,M01,OnHandSnapshot,2967.35
2025-09-07,M01,Consumption,-49.0
2025-09-07,M01,OnHandSnapshot,2918.35
2025-09-08,M01,OnHandSnapshot,2918.35
2025-09-09,M01,Consumption,-83.72
2025-09-09,M01,OnHandSnapshot,2834.63
2025-09-10,M01,Consumption,-77.28
2025-09-10,M01,OnHandSnapshot,2757.35
2025-09-11,M01,OnHandSnapshot,2757.35
2025-09-12,M01,Consumption,-9.3
2025-09-12,M01,OnHandSnapshot,2748.05
2025-09-13,M01,OnHandSnapshot,2748.05
2025-09-14,M01,Consumption,-16.23
2025-09-14,M01,OnHandSnapshot,2731.82
2025-09-15,M01,Consumption,-130.58
2025-09-15,M01,OnHandSnapshot,2601.23
2025-09-16,M01,Consumption,-77.28
2025-09-16,M01,OnHandSnapshot,2523.95
2025-09-17,M01,Consumption,-1.71
2025-09-17,M01,OnHandSnapshot,2522.24
2025-09-18,M01,Consumption,-5.86
2025-09-18,M01,OnHandSnapshot,2516.38
2025-09-19,M01,OnHandSnapshot,2516.38
2025-09-20,M01,OnHandSnapshot,2516.38
2025-09-21,M01,Consumption,-116.7
2025-09-21,M01,OnHandSnapshot,2399.68
2025-09-22,M01,OnHandSnapshot,2399.68
2025-09-23,M01,Consumption,-21.16
2025-09-23,M01,OnHandSnapshot,2378.52
2025-09-24,M01,Consumption,-15.07
2025-09-24,M01,OnHandSnapshot,2363.45
2025-09-25,M01,Consumption,-10.08
2025-09-25,M01,OnHandSnapshot,2353.37
2025-09-26,M01,OnHandSnapshot,2353.37
2025-09-27,M01,Consumption,-184.89
2025-09-27,M01,OnHandSnapshot,2168.48
2025-09-28,M01,Consumption,-90.49
2025-09-28,M01,OnHandSnapshot,2077.99
2025-09-29,M01,Consumption,-130.76
2025-09-29,M01,OnHandSnapshot,1947.23
2025-09-30,M01,Consumption,-203.28
2025-09-30,M01,OnHandSnapshot,1743.95
2025-10-01,M01,Consumption,-181.69
2025-10-01,M01,OnHandSnapshot,1562.26
2025-10-02,M01,Consumption,-5.04
2025-10-02,M01,OnHandSnapshot,1557.22
2025-10-03,M01,Consumption,-115.92
2025-10-03,M01,OnHandSnapshot,1441.3
2025-10-04,M01,Consumption,-225.12
2025-10-04,M01,OnHandSnapshot,1216.18
2025-10-05,M01,Consumption,-64.89
2025-10-05,M01,OnHandSnapshot,1151.29
2025-10-06,M01,OnHandSnapshot,1151.29
2025-10-07,M01,OnHandSnapshot,1151.29
2025-10-08,M01,Consumption,-72.42
2025-10-08,M01,OnHandSnapshot,1078.88
2025-10-09,M01,OnHandSnapshot,1078.88
2025-10-10,M01,Consumption,-23.52
2025-10-10,M01,OnHandSnapshot,1055.36
2025-10-11,M01,Consumption,-39.42
2025-10-11,M01,OnHandSnapshot,1015.93
2025-10-12,M01,Receipt,2244.7
2025-10-12,M01,OnHandSnapshot,3260.63
2025-10-13,M01,Consumption,-194.21
2025-10-13,M01,OnHandSnapshot,3066.42
2025-10-14,M01,OnHandSnapshot,3066.42
2025-10-15,M01,OnHandSnapshot,3066.42
2025-10-16,M01,Consumption,-11.64
2025-10-16,M01,OnHandSnapshot,3054.78
2025-10-17,M01,Consumption,-120.96
2025-10-17,M01,OnHandSnapshot,2933.82
2025-10-18,M01,Consumption,-123.06
2025-10-18,M01,OnHandSnapshot,2810.76
2025-10-19,M01,Consumption,-112.0
2025-10-19,M01,OnHandSnapshot,2698.76
2025-10-20,M01,Consumption,-82.47
2025-10-20,M01,OnHandSnapshot,2616.29
2025-10-21,M01,Consumption,-1.78
2025-10-21,M01,OnHandSnapshot,2614.5
2025-10-22,M01,Consumption,-56.84
2025-10-22,M01,OnHandSnapshot,2557.66
2025-10-23,M01,Consumption,-209.3
2025-10-23,M01,OnHandSnapshot,2348.36
2025-10-24,M01,Consumption,-52.92
2025-10-24,M01,OnHandSnapshot,2295.44
2025-10-25,M01,OnHandSnapshot,2295.44
2025-10-26,M01,OnHandSnapshot,2295.44
2025-10-27,M01,Consumption,-25.2
2025-10-27,M01,OnHandSnapshot,2270.24
2025-10-28,M01,OnHandSnapshot,2270.24
2025-10-29,M01,Consumption,-333.48
2025-10-29,M01,OnHandSnapshot,1936.76
2025-10-30,M01,Consumption,-73.92
2025-10-30,M01,OnHandSnapshot,1862.84
2025-10-31,M01,OnHandSnapshot,1862.84
2025-11-01,M01,Consumption,-156.16
2025-11-01,M01,OnHandSnapshot,1706.68
2025-11-02,M01,Consumption,-271.15
2025-11-02,M01,OnHandSnapshot,1435.53
2025-11-03,M01,Consumption,-23.52
2025-11-03,M01,OnHandSnapshot,1412.01
2025-11-04,M01,OnHandSnapshot,1412.01
2025-11-05,M01,Consumption,-80.64
2025-11-05,M01,OnHandSnapshot,1331.37
2025-11-06,M01,Consumption,-177.41
2025-11-06,M01,OnHandSnapshot,1153.96
2025-11-07,M01,OnHandSnapshot,1153.96
2025-11-08,M01,Consumption,-141.15
2025-11-08,M01,OnHandSnapshot,1012.82
2025-11-09,M01,Consumption,-67.07
2025-11-09,M01,OnHandSnapshot,945.75
2025-11-10,M01,Consumption,-39.06
2025-11-10,M01,OnHandSnapshot,906.69
2025-11-11,M01,Consumption,-39.06
2025-11-11,M01,OnHandSnapshot,867.63
2025-11-12,M01,Receipt,2244.7
2025-11-12,M01,Consumption,-173.88
2025-11-12,M01,OnHandSnapshot,2938.44
2025-11-13,M01,Consumption,-94.38
2025-11-13,M01,OnHandSnapshot,2844.06
2025-11-14,M01,OnHandSnapshot,2844.06
2025-11-15,M01,OnHandSnapshot,2844.06
2025-11-16,M01,Consumption,-102.76
2025-11-16,M01,OnHandSnapshot,2741.3
2025-11-17,M01,OnHandSnapshot,2741.3
2025-11-18,M01,Consumption,-177.41
2025-11-18,M01,OnHandSnapshot,2563.89
2025-11-19,M01,Consumption,-9.3
2025-11-19,M01,OnHandSnapshot,2554.59
2025-11-20,M01,OnHandSnapshot,2554.59
2025-11-21,M01,Consumption,-138.17
2025-11-21,M01,OnHandSnapshot,2416.42
2025-11-22,M01,Consumption,-429.46
2025-11-22,M01,OnHandSnapshot,1986.97
2025-11-23,M01,Consumption,-162.83
2025-11-23,M01,OnHandSnapshot,1824.14
2025-11-24,M01,OnHandSnapshot,1824.14
2025-11-25,M01,Consumption,-1.78
2025-11-25,M01,OnHandSnapshot,1822.35
2025-11-26,M01,Consumption,-10.43
2025-11-26,M01,OnHandSnapshot,1811.92
2025-11-27,M01,Consumption,-195.02
2025-11-27,M01,OnHandSnapshot,1616.9
2025-11-28,M01,Consumption,-173.88
2025-11-28,M01,OnHandSnapshot,1443.02
2025-11-29,M01,Consumption,-70.66
2025-11-29,M01,OnHandSnapshot,1372.36
2025-11-30,M01,OnHandSnapshot,1372.36
2025-12-01,M01,Consumption,-80.64
2025-12-01,M01,OnHandSnapshot,1291.72
2025-12-02,M01,OnHandSnapshot,1291.72
2025-12-03,M01,Consumption,-39.24
2025-12-03,M01,OnHandSnapshot,1252.48
2025-12-04,M01,Consumption,-1.78
2025-12-04,M01,OnHandSnapshot,1250.7
2025-12-05,M01,OnHandSnapshot,1250.7
2025-12-06,M01,Consumption,-79.69
2025-12-06,M01,OnHandSnapshot,1171.01
2025-12-07,M01,Consumption,-63.0
2025-12-07,M01,OnHandSnapshot,1108.01
2025-12-08,M01,Consumption,-86.56
2025-12-08,M01,OnHandSnapshot,1021.45
2025-12-09,M01,Receipt,2244.7
2025-12-09,M01,Consumption,-73.92
2025-12-09,M01,OnHandSnapshot,3192.22
2025-12-10,M01,OnHandSnapshot,3192.22
2025-12-11,M01,OnHandSnapshot,3192.22
2025-12-12,M01,OnHandSnapshot,3192.22
2025-12-13,M01,Consumption,-19.95
2025-12-13,M01,OnHandSnapshot,3172.28
2025-12-14,M01,Consumption,-19.32
2025-12-14,M01,OnHandSnapshot,3152.96
2025-12-15,M01,OnHandSnapshot,3152.96
2025-12-16,M01,Consumption,-9.3
2025-12-16,M01,OnHandSnapshot,3143.66
2025-12-17,M01,Consumption,-212.02
2025-12-17,M01,OnHandSnapshot,2931.64
2025-12-18,M01,Consumption,-192.15
2025-12-18,M01,OnHandSnapshot,2739.49
2025-12-19,M01,Consumption,-2.14
2025-12-19,M01,OnHandSnapshot,2737.35
2025-12-20,M01,Consumption,-21.96
2025-12-20,M01,OnHandSnapshot,2715.39
2025-12-21,M01,Consumption,-317.97
2025-12-21,M01,OnHandSnapshot,2397.42
2025-12-22,M01,Consumption,-10.8
2025-12-22,M01,OnHandSnapshot,2386.62
2025-12-23,M01,Consumption,-126.64
2025-12-23,M01,OnHandSnapshot,2259.97
2025-12-24,M01,Consumption,-16.1
2025-12-24,M01,OnHandSnapshot,2243.87
2025-12-25,M01,Consumption,-136.08
2025-12-25,M01,OnHandSnapshot,2107.79
2025-12-26,M01,Consumption,-1.78
2025-12-26,M01,OnHandSnapshot,2106.01
2025-12-27,M01,Consumption,-60.47
2025-12-27,M01,OnHandSnapshot,2045.54
2025-12-28,M01,OnHandSnapshot,2045.54
2025-12-29,M01,Consumption,-4.28
2025-12-29,M01,OnHandSnapshot,2041.26
2025-12-30,M01,Consumption,-6.07
2025-12-30,M01,OnHandSnapshot,2035.19
2025-12-31,M01,OnHandSnapshot,2035.19
2024-01-01,M02,OnHandSnapshot,673.41
2024-01-02,M02,OnHandSnapshot,673.41
2024-01-03,M02,Consumption,-1.34
2024-01-03,M02,OnHandSnapshot,672.07
2024-01-04,M02,Consumption,-2.41
2024-01-04,M02,OnHandSnapshot,669.66
2024-01-05,M02,OnHandSnapshot,669.66
2024-01-06,M02,Consumption,-115.92
2024-01-06,M02,OnHandSnapshot,553.74
2024-01-07,M02,Consumption,-113.5
2024-01-07,M02,OnHandSnapshot,440.24
2024-01-08,M02,Consumption,-22.68
2024-01-08,M02,OnHandSnapshot,417.56
2024-01-09,M02,Consumption,-82.74
2024-01-09,M02,OnHandSnapshot,334.82
2024-01-10,M02,Consumption,-36.54
2024-01-10,M02,OnHandSnapshot,298.28
2024-01-11,M02,Receipt,1481.5
2024-01-11,M02,OnHandSnapshot,1779.78
2024-01-12,M02,OnHandSnapshot,1779.78
2024-01-13,M02,OnHandSnapshot,1779.78
2024-01-14,M02,OnHandSnapshot,1779.78
2024-01-15,M02,Consumption,-93.24
2024-01-15,M02,OnHandSnapshot,1686.54
2024-01-16,M02,Consumption,-37.04
2024-01-16,M02,OnHandSnapshot,1649.5
2024-01-17,M02,Consumption,-3.21
2024-01-17,M02,OnHandSnapshot,1646.29
2024-01-18,M02,Consumption,-93.93
2024-01-18,M02,OnHandSnapshot,1552.35
2024-01-19,M02,OnHandSnapshot,1552.35
2024-01-20,M02,Consumption,-2.25
2024-01-20,M02,OnHandSnapshot,1550.11
2024-01-21,M02,Consumption,-40.66
2024-01-21,M02,OnHandSnapshot,1509.45
2024-01-22,M02,Consumption,-86.94
2024-01-22,M02,OnHandSnapshot,1422.51
2024-01-23,M02,OnHandSnapshot,1422.51
2024-01-24,M02,Consumption,-207.53
2024-01-24,M02,OnHandSnapshot,1214.98
2024-01-25,M02,OnHandSnapshot,1214.98
2024-01-26,M02,OnHandSnapshot,1214.98
2024-01-27,M02,OnHandSnapshot,1214.98
2024-01-28,M02,Consumption,-31.5
2024-01-28,M02,OnHandSnapshot,1183.48
2024-01-29,M02,Consumption,-94.92
2024-01-29,M02,OnHandSnapshot,1088.56
2024-01-30,M02,OnHandSnapshot,1088.56
2024-01-31,M02,Consumption,-10.08
2024-01-31,M02,OnHandSnapshot,1078.48
2024-02-01,M02,Consumption,-16.9
2024-02-01,M02,OnHandSnapshot,1061.57
2024-02-02,M02,OnHandSnapshot,1061.57
2024-02-03,M02,OnHandSnapshot,1061.57
2024-02-04,M02,OnHandSnapshot,1061.57
2024-02-05,M02,Consumption,-78.22
2024-02-05,M02,OnHandSnapshot,983.36
2024-02-06,M02,OnHandSnapshot,983.36
2024-02-07,M02,Consumption,-40.8
2024-02-07,M02,OnHandSnapshot,942.56
2024-02-08,M02,Consumption,-99.54
2024-02-08,M02,OnHandSnapshot,843.02
2024-02-09,M02,OnHandSnapshot,843.02
2024-02-10,M02,Consumption,-20.63
2024-02-10,M02,OnHandSnapshot,822.39
2024-02-11,M02,Consumption,-26.46
2024-02-11,M02,OnHandSnapshot,795.93
2024-02-12,M02,Consumption,-42.84
2024-02-12,M02,OnHandSnapshot,753.09
2024-02-13,M02,OnHandSnapshot,753.09
2024-02-14,M02,Consumption,-57.96
2024-02-14,M02,OnHandSnapshot,695.13
2024-02-15,M02,Receipt,1481.5
2024-02-15,M02,OnHandSnapshot,2176.63
2024-02-16,M02,Consumption,-65.2
2024-02-16,M02,OnHandSnapshot,2111.43
2024-02-17,M02,Consumption,-133.06
2024-02-17,M02,OnHandSnapshot,1978.37
2024-02-18,M02,Consumption,-1.5
2024-02-18,M02,OnHandSnapshot,1976.87
2024-02-19,M02,Consumption,-107.09
2024-02-19,M02,OnHandSnapshot,1869.78
2024-02-20,M02,Consumption,-2.41
2024-02-20,M02,OnHandSnapshot,1867.37
2024-02-21,M02,OnHandSnapshot,1867.37
2024-02-22,M02,Consumption,-1.93
2024-02-22,M02,OnHandSnapshot,1865.44
2024-02-23,M02,OnHandSnapshot,1865.44
2024-02-24,M02,Consumption,-3.21
2024-02-24,M02,OnHandSnapshot,1862.23
2024-02-25,M02,Consumption,-2.41
2024-02-25,M02,OnHandSnapshot,1859.82
2024-02-26,M02,Consumption,-2.41
2024-02-26,M02,OnHandSnapshot,1857.41
2024-02-27,M02,Consumption,-85.68
2024-02-27,M02,OnHandSnapshot,1771.73
2024-02-28,M02,Consumption,-44.45
2024-02-28,M02,OnHandSnapshot,1727.28
2024-02-29,M02,OnHandSnapshot,1727.28
2024-03-01,M02,OnHandSnapshot,1727.28
2024-03-02,M02,Consumption,-188.37
2024-03-02,M02,OnHandSnapshot,1538.91
2024-03-03,M02,OnHandSnapshot,1538.91
2024-03-04,M02,OnHandSnapshot,1538.91
2024-03-05,M02,Consumption,-28.35
2024-03-05,M02,OnHandSnapshot,1510.56
2024-03-06,M02,Consumption,-23.52
2024-03-06,M02,OnHandSnapshot,1487.04
2024-03-07,M02,Consumption,-55.16
2024-03-07,M02,OnHandSnapshot,1431.88
2024-03-08,M02,OnHandSnapshot,1431.88
2024-03-09,M02,OnHandSnapshot,1431.88
2024-03-10,M02,OnHandSnapshot,1431.88
2024-03-11,M02,Consumption,-65.66
2024-03-11,M02,OnHandSnapshot,1366.21
2024-03-12,M02,OnHandSnapshot,1366.21
2024-03-13,M02,Consumption,-173.14
2024-03-13,M02,OnHandSnapshot,1193.07
2024-03-14,M02,OnHandSnapshot,1193.07
2024-03-15,M02,OnHandSnapshot,1193.07
2024-03-16,M02,OnHandSnapshot,1193.07
2024-03-17,M02,Consumption,-83.16
2024-03-17,M02,OnHandSnapshot,1109.91
2024-03-18,M02,Consumption,-92.23
2024-03-18,M02,OnHandSnapshot,1017.68
2024-03-19,M02,OnHandSnapshot,1017.68
2024-03-20,M02,OnHandSnapshot,1017.68
2024-03-21,M02,Consumption,-65.2
2024-03-21,M02,OnHandSnapshot,952.47
2024-03-22,M02,Consumption,-57.96
2024-03-22,M02,OnHandSnapshot,894.51
2024-03-23,M02,Consumption,-52.92
2024-03-23,M02,OnHandSnapshot,841.59
2024-03-24,M02,Consumption,-169.26
2024-03-24,M02,OnHandSnapshot,672.33
2024-03-25,M02,Consumption,-2.7
2024-03-25,M02,OnHandSnapshot,669.63
2024-03-26,M02,Consumption,-57.29
2024-03-26,M02,OnHandSnapshot,612.34
2024-03-27,M02,OnHandSnapshot,612.34
2024-03-28,M02,Consumption,-37.8
2024-03-28,M02,OnHandSnapshot,574.54
2024-03-29,M02,OnHandSnapshot,574.54
2024-03-30,M02,Receipt,1481.5
2024-03-30,M02,Consumption,-122.3
2024-03-30,M02,OnHandSnapshot,1933.74
2024-03-31,M02,OnHandSnapshot,1933.74
2024-04-01,M02,Consumption,-11.74
2024-04-01,M02,OnHandSnapshot,1922.01
2024-04-02,M02,OnHandSnapshot,1922.01
2024-04-03,M02,Consumption,-28.35
2024-04-03,M02,OnHandSnapshot,1893.66
2024-04-04,M02,OnHandSnapshot,1893.66
2024-04-05,M02,OnHandSnapshot,1893.66
2024-04-06,M02,OnHandSnapshot,1893.66
2024-04-07,M02,Consumption,-86.94
2024-04-07,M02,OnHandSnapshot,1806.72
2024-04-08,M02,OnHandSnapshot,1806.72
2024-04-09,M02,Consumption,-136.27
2024-04-09,M02,OnHandSnapshot,1670.45
2024-04-10,M02,OnHandSnapshot,1670.45
2024-04-11,M02,OnHandSnapshot,1670.45
2024-04-12,M02,OnHandSnapshot,1670.45
2024-04-13,M02,Consumption,-16.17
2024-04-13,M02,OnHandSnapshot,1654.28
2024-04-14,M02,OnHandSnapshot,1654.28
2024-04-15,M02,OnHandSnapshot,1654.28
2024-04-16,M02,OnHandSnapshot,1654.28
2024-04-17,M02,OnHandSnapshot,1654.28
2024-04-18,M02,Consumption,-85.36
2024-04-18,M02,OnHandSnapshot,1568.91
2024-04-19,M02,Consumption,-2.61
2024-04-19,M02,OnHandSnapshot,1566.3
2024-04-20,M02,OnHandSnapshot,1566.3
2024-04-21,M02,OnHandSnapshot,1566.3
2024-04-22,M02,OnHandSnapshot,1566.3
2024-04-23,M02,Consumption,-72.45
2024-04-23,M02,OnHandSnapshot,1493.85
2024-04-24,M02,OnHandSnapshot,1493.85
2024-04-25,M02,OnHandSnapshot,1493.85
2024-04-26,M02,OnHandSnapshot,1493.85
2024-04-27,M02,Consumption,-2.41
2024-04-27,M02,OnHandSnapshot,1491.44
2024-04-28,M02,OnHandSnapshot,1491.44
2024-04-29,M02,Consumption,-2.41
2024-04-29,M02,OnHandSnapshot,1489.03
2024-04-30,M02,Consumption,-29.3
2024-04-30,M02,OnHandSnapshot,1459.74
2024-05-01,M02,Consumption,-122.48
2024-05-01,M02,OnHandSnapshot,1337.26
2024-05-02,M02,Consumption,-35.11
2024-05-02,M02,OnHandSnapshot,1302.15
2024-05-03,M02,OnHandSnapshot,1302.15
2024-05-04,M02,Consumption,-53.13
2024-05-04,M02,OnHandSnapshot,1249.02
2024-05-05,M02,Consumption,-113.4
2024-05-05,M02,OnHandSnapshot,1135.62
2024-05-06,M02,Consumption,-19.32
2024-05-06,M02,OnHandSnapshot,1116.3
2024-05-07,M02,Consumption,-45.36
2024-05-07,M02,OnHandSnapshot,1070.94
2024-05-08,M02,Consumption,-1.34
2024-05-08,M02,OnHandSnapshot,1069.6
2024-05-09,M02,Consumption,-149.1
2024-05-09,M02,OnHandSnapshot,920.5
2024-05-10,M02,Consumption,-36.54
2024-05-10,M02,OnHandSnapshot,883.96
2024-05-11,M02,Consumption,-110.88
2024-05-11,M02,OnHandSnapshot,773.08
2024-05-12,M02,Consumption,-45.88
2024-05-12,M02,OnHandSnapshot,727.19
2024-05-13,M02,Consumption,-30.76
2024-05-13,M02,OnHandSnapshot,696.43
2024-05-14,M02,OnHandSnapshot,696.43
2024-05-15,M02,Consumption,-86.0
2024-05-15,M02,OnHandSnapshot,610.44
2024-05-16,M02,Consumption,-169.55
2024-05-16,M02,OnHandSnapshot,440.89
2024-05-17,M02,Consumption,-106.31
2024-05-17,M02,OnHandSnapshot,334.58
2024-05-18,M02,Consumption,-83.16
2024-05-18,M02,OnHandSnapshot,251.42
2024-05-19,M02,Receipt,1481.5
2024-05-19,M02,Consumption,-2.41
2024-05-19,M02,OnHandSnapshot,1730.51
2024-05-20,M02,OnHandSnapshot,1730.51
2024-05-21,M02,OnHandSnapshot,1730.51
2024-05-22,M02,OnHandSnapshot,1730.51
2024-05-23,M02,Consumption,-5.65
2024-05-23,M02,OnHandSnapshot,1724.86
2024-05-24,M02,Consumption,-120.75
2024-05-24,M02,OnHandSnapshot,1604.11
2024-05-25,M02,Consumption,-65.2
2024-05-25,M02,OnHandSnapshot,1538.9
2024-05-26,M02,Consumption,-37.8
2024-05-26,M02,OnHandSnapshot,1501.1
2024-05-27,M02,Consumption,-103.11
2024-05-27,M02,OnHandSnapshot,1397.99
2024-05-28,M02,Consumption,-15.17
2024-05-28,M02,OnHandSnapshot,1382.83
2024-05-29,M02,Consumption,-14.17
2024-05-29,M02,OnHandSnapshot,1368.66
2024-05-30,M02,OnHandSnapshot,1368.66
2024-05-31,M02,Consumption,-60.9
2024-05-31,M02,OnHandSnapshot,1307.76
2024-06-01,M02,OnHandSnapshot,1307.76
2024-06-02,M02,OnHandSnapshot,1307.76
2024-06-03,M02,Consumption,-57.29
2024-06-03,M02,OnHandSnapshot,1250.47
2024-06-04,M02,OnHandSnapshot,1250.47
2024-06-05,M02,Consumption,-127.51
2024-06-05,M02,OnHandSnapshot,1122.96
2024-06-06,M02,Consumption,-32.34
2024-06-06,M02,OnHandSnapshot,1090.62
2024-06-07,M02,OnHandSnapshot,1090.62
2024-06-08,M02,Consumption,-2.25
2024-06-08,M02,OnHandSnapshot,1088.37
2024-06-09,M02,Consumption,-22.15
2024-06-09,M02,OnHandSnapshot,1066.22
2024-06-10,M02,OnHandSnapshot,1066.22
2024-06-11,M02,Consumption,-91.79
2024-06-11,M02,OnHandSnapshot,974.43
2024-06-12,M02,OnHandSnapshot,974.43
2024-06-13,M02,Consumption,-80.67
2024-06-13,M02,OnHandSnapshot,893.76
2024-06-14,M02,Consumption,-12.17
2024-06-14,M02,OnHandSnapshot,881.59
2024-06-15,M02,Consumption,-57.75
2024-06-15,M02,OnHandSnapshot,823.84
2024-06-16,M02,Consumption,-173.04
2024-06-16,M02,OnHandSnapshot,650.8
2024-06-17,M02,Consumption,-25.2
2024-06-17,M02,OnHandSnapshot,625.6
2024-06-18,M02,OnHandSnapshot,625.6
2024-06-19,M02,Consumption,-53.13
2024-06-19,M02,OnHandSnapshot,572.47
2024-06-20,M02,Consumption,-3.21
2024-06-20,M02,OnHandSnapshot,569.25
2024-06-21,M02,Receipt,1481.5
2024-06-21,M02,Consumption,-9.66
2024-06-21,M02,OnHandSnapshot,2041.09
2024-06-22,M02,Consumption,-207.9
2024-06-22,M02,OnHandSnapshot,1833.19
2024-06-23,M02,Consumption,-203.78
2024-06-23,M02,OnHandSnapshot,1629.41
2024-06-24,M02,Consumption,-79.0
2024-06-24,M02,OnHandSnapshot,1550.41
2024-06-25,M02,Consumption,-93.66
2024-06-25,M02,OnHandSnapshot,1456.75
2024-06-26,M02,Consumption,-106.16
2024-06-26,M02,OnHandSnapshot,1350.59
2024-06-27,M02,OnHandSnapshot,1350.59
2024-06-28,M02,Consumption,-12.59
2024-06-28,M02,OnHandSnapshot,1338.01
2024-06-29,M02,OnHandSnapshot,1338.01
2024-06-30,M02,Consumption,-160.27
2024-06-30,M02,OnHandSnapshot,1177.73
2024-07-01,M02,OnHandSnapshot,1177.73
2024-07-02,M02,Consumption,-27.72
2024-07-02,M02,OnHandSnapshot,1150.01
2024-07-03,M02,Consumption,-135.24
2024-07-03,M02,OnHandSnapshot,1014.77
2024-07-04,M02,Consumption,-35.28
2024-07-04,M02,OnHandSnapshot,979.49
2024-07-05,M02,Consumption,-65.52
2024-07-05,M02,OnHandSnapshot,913.97
2024-07-06,M02,Consumption,-37.8
2024-07-06,M02,OnHandSnapshot,876.17
2024-07-07,M02,OnHandSnapshot,876.17
2024-07-08,M02,Consumption,-22.11
2024-07-08,M02,OnHandSnapshot,854.06
2024-07-09,M02,Consumption,-7.82
2024-07-09,M02,OnHandSnapshot,846.24
2024-07-10,M02,OnHandSnapshot,846.24
2024-07-11,M02,Consumption,-201.18
2024-07-11,M02,OnHandSnapshot,645.06
2024-07-12,M02,OnHandSnapshot,645.06
2024-07-13,M02,OnHandSnapshot,645.06
2024-07-14,M02,Consumption,-68.96
2024-07-14,M02,OnHandSnapshot,576.1
2024-07-15,M02,OnHandSnapshot,576.1
2024-07-16,M02,Receipt,1481.5
2024-07-16,M02,Consumption,-47.31
2024-07-16,M02,OnHandSnapshot,2010.28
2024-07-17,M02,Consumption,-4.4
2024-07-17,M02,OnHandSnapshot,2005.89
2024-07-18,M02,Consumption,-106.26
2024-07-18,M02,OnHandSnapshot,1899.63
2024-07-19,M02,OnHandSnapshot,1899.63
2024-07-20,M02,OnHandSnapshot,1899.63
2024-07-21,M02,OnHandSnapshot,1899.63
2024-07-22,M02,Consumption,-4.56
2024-07-22,M02,OnHandSnapshot,1895.06
2024-07-23,M02,OnHandSnapshot,1895.06
2024-07-24,M02,Consumption,-13.66
2024-07-24,M02,OnHandSnapshot,1881.4
2024-07-25,M02,Consumption,-24.15
2024-07-25,M02,OnHandSnapshot,1857.25
2024-07-26,M02,OnHandSnapshot,1857.25
2024-07-27,M02,Consumption,-116.55
2024-07-27,M02,OnHandSnapshot,1740.7
2024-07-28,M02,Consumption,-14.89
2024-07-28,M02,OnHandSnapshot,1725.81
2024-07-29,M02,Consumption,-1.34
2024-07-29,M02,OnHandSnapshot,1724.47
2024-07-30,M02,Consumption,-115.92
2024-07-30,M02,OnHandSnapshot,1608.55
2024-07-31,M02,Consumption,-218.23
2024-07-31,M02,OnHandSnapshot,1390.32
2024-08-01,M02,Consumption,-118.33
2024-08-01,M02,OnHandSnapshot,1271.99
2024-08-02,M02,Consumption,-148.51
2024-08-02,M02,OnHandSnapshot,1123.48
2024-08-03,M02,OnHandSnapshot,1123.48
2024-08-04,M02,Consumption,-86.94
2024-08-04,M02,OnHandSnapshot,1036.54
2024-08-05,M02,Consumption,-2.09
2024-08-05,M02,OnHandSnapshot,1034.45
2024-08-06,M02,Consumption,-90.72
2024-08-06,M02,OnHandSnapshot,943.73
2024-08-07,M02,OnHandSnapshot,943.73
2024-08-08,M02,Consumption,-90.72
2024-08-08,M02,OnHandSnapshot,853.01
2024-08-09,M02,Consumption,-4.56
2024-08-09,M02,OnHandSnapshot,848.44
2024-08-10,M02,Consumption,-134.96
2024-08-10,M02,OnHandSnapshot,713.48
2024-08-11,M02,Consumption,-57.96
2024-08-11,M02,OnHandSnapshot,655.52
2024-08-12,M02,OnHandSnapshot,655.52
2024-08-13,M02,Consumption,-55.44
2024-08-13,M02,OnHandSnapshot,600.08
2024-08-14,M02,OnHandSnapshot,600.08
2024-08-15,M02,OnHandSnapshot,600.08
2024-08-16,M02,OnHandSnapshot,600.08
2024-08-17,M02,Receipt,1481.5
2024-08-17,M02,Consumption,-141.12
2024-08-17,M02,OnHandSnapshot,1940.46
2024-08-18,M02,Consumption,-106.47
2024-08-18,M02,OnHandSnapshot,1833.99
2024-08-19,M02,Consumption,-10.4
2024-08-19,M02,OnHandSnapshot,1823.6
2024-08-20,M02,OnHandSnapshot,1823.6
2024-08-21,M02,Consumption,-55.44
2024-08-21,M02,OnHandSnapshot,1768.16
2024-08-22,M02,Consumption,-101.98
2024-08-22,M02,OnHandSnapshot,1666.18
2024-08-23,M02,Consumption,-39.17
2024-08-23,M02,OnHandSnapshot,1627.01
2024-08-24,M02,Consumption,-130.41
2024-08-24,M02,OnHandSnapshot,1496.6
2024-08-25,M02,OnHandSnapshot,1496.6
2024-08-26,M02,OnHandSnapshot,1496.6
2024-08-27,M02,Consumption,-1.34
2024-08-27,M02,OnHandSnapshot,1495.26
2024-08-28,M02,Consumption,-4.23
2024-08-28,M02,OnHandSnapshot,1491.03
2024-08-29,M02,Consumption,-161.28
2024-08-29,M02,OnHandSnapshot,1329.75
2024-08-30,M02,Consumption,-3.21
2024-08-30,M02,OnHandSnapshot,1326.54
2024-08-31,M02,Consumption,-115.1
2024-08-31,M02,OnHandSnapshot,1211.44
2024-09-01,M02,Consumption,-17.64
2024-09-01,M02,OnHandSnapshot,1193.8
2024-09-02,M02,Consumption,-10.43
2024-09-02,M02,OnHandSnapshot,1183.37
2024-09-03,M02,Consumption,-183.54
2024-09-03,M02,OnHandSnapshot,999.83
2024-09-04,M02,OnHandSnapshot,999.83
2024-09-05,M02,Consumption,-11.74
2024-09-05,M02,OnHandSnapshot,988.09
2024-09-06,M02,OnHandSnapshot,988.09
2024-09-07,M02,Consumption,-57.96
2024-09-07,M02,OnHandSnapshot,930.13
2024-09-08,M02,Consumption,-44.1
2024-09-08,M02,OnHandSnapshot,886.03
2024-09-09,M02,Consumption,-39.98
2024-09-09,M02,OnHandSnapshot,846.05
2024-09-10,M02,Consumption,-93.13
2024-09-10,M02,OnHandSnapshot,752.92
2024-09-11,M02,Consumption,-44.61
2024-09-11,M02,OnHandSnapshot,708.32
2024-09-12,M02,Consumption,-153.72
2024-09-12,M02,OnHandSnapshot,554.6
2024-09-13,M02,Consumption,-105.84
2024-09-13,M02,OnHandSnapshot,448.76
2024-09-14,M02,OnHandSnapshot,448.76
2024-09-15,M02,OnHandSnapshot,448.76
2024-09-16,M02,Consumption,-43.79
2024-09-16,M02,OnHandSnapshot,404.97
2024-09-17,M02,Consumption,-55.44
2024-09-17,M02,OnHandSnapshot,349.53
2024-09-18,M02,Receipt,1481.5
2024-09-18,M02,Consumption,-1.86
2024-09-18,M02,OnHandSnapshot,1829.17
2024-09-19,M02,Consumption,-92.06
2024-09-19,M02,OnHandSnapshot,1737.11
2024-09-20,M02,Consumption,-0.96
2024-09-20,M02,OnHandSnapshot,1736.14
2024-09-21,M02,Consumption,-114.66
2024-09-21,M02,OnHandSnapshot,1621.48
2024-09-22,M02,Consumption,-2.41
2024-09-22,M02,OnHandSnapshot,1619.07
2024-09-23,M02,Consumption,-5.22
2024-09-23,M02,OnHandSnapshot,1613.86
2024-09-24,M02,Consumption,-65.52
2024-09-24,M02,OnHandSnapshot,1548.34
2024-09-25,M02,Consumption,-15.12
2024-09-25,M02,OnHandSnapshot,1533.22
2024-09-26,M02,OnHandSnapshot,1533.22
2024-09-27,M02,Consumption,-38.81
2024-09-27,M02,OnHandSnapshot,1494.41
2024-09-28,M02,OnHandSnapshot,1494.41
2024-09-29,M02,OnHandSnapshot,1494.41
2024-09-30,M02,Consumption,-16.9
2024-09-30,M02,OnHandSnapshot,1477.5
2024-10-01,M02,Consumption,-65.58
2024-10-01,M02,OnHandSnapshot,1411.92
2024-10-02,M02,Consumption,-49.63
2024-10-02,M02,OnHandSnapshot,1362.29
2024-10-03,M02,Consumption,-86.94
2024-10-03,M02,OnHandSnapshot,1275.35
2024-10-04,M02,Consumption,-51.34
2024-10-04,M02,OnHandSnapshot,1224.01
2024-10-05,M02,Consumption,-115.0
2024-10-05,M02,OnHandSnapshot,1109.01
2024-10-06,M02,OnHandSnapshot,1109.01
2024-10-07,M02,Consumption,-133.06
2024-10-07,M02,OnHandSnapshot,975.96
2024-10-08,M02,Consumption,-3.21
2024-10-08,M02,OnHandSnapshot,972.74
2024-10-09,M02,Consumption,-24.99
2024-10-09,M02,OnHandSnapshot,947.75
2024-10-10,M02,Consumption,-1.34
2024-10-10,M02,OnHandSnapshot,946.42
2024-10-11,M02,Consumption,-4.56
2024-10-11,M02,OnHandSnapshot,941.85
2024-10-12,M02,Consumption,-3.21
2024-10-12,M02,OnHandSnapshot,938.64
2024-10-13,M02,Consumption,-72.11
2024-10-13,M02,OnHandSnapshot,866.53
2024-10-14,M02,OnHandSnapshot,866.53
2024-10-15,M02,Consumption,-42.63
2024-10-15,M02,OnHandSnapshot,823.9
2024-10-16,M02,OnHandSnapshot,823.9
2024-10-17,M02,Receipt,1481.5
2024-10-17,M02,OnHandSnapshot,2305.4
2024-10-18,M02,OnHandSnapshot,2305.4
2024-10-19,M02,Consumption,-3.72
2024-10-19,M02,OnHandSnapshot,2301.68
2024-10-20,M02,Consumption,-87.53
2024-10-20,M02,OnHandSnapshot,2214.15
2024-10-21,M02,Consumption,-26.46
2024-10-21,M02,OnHandSnapshot,2187.69
2024-10-22,M02,Consumption,-57.96
2024-10-22,M02,OnHandSnapshot,2129.73
2024-10-23,M02,Consumption,-4.56
2024-10-23,M02,OnHandSnapshot,2125.17
2024-10-24,M02,Consumption,-72.07
2024-10-24,M02,OnHandSnapshot,2053.1
2024-10-25,M02,Consumption,-4.06
2024-10-25,M02,OnHandSnapshot,2049.04
2024-10-26,M02,OnHandSnapshot,2049.04
2024-10-27,M02,OnHandSnapshot,2049.04
2024-10-28,M02,OnHandSnapshot,2049.04
2024-10-29,M02,Consumption,-183.48
2024-10-29,M02,OnHandSnapshot,1865.55
2024-10-30,M02,Consumption,-66.54
2024-10-30,M02,OnHandSnapshot,1799.01
2024-10-31,M02,OnHandSnapshot,1799.01
2024-11-01,M02,Consumption,-28.35
2024-11-01,M02,OnHandSnapshot,1770.66
2024-11-02,M02,OnHandSnapshot,1770.66
2024-11-03,M02,Consumption,-30.24
2024-11-03,M02,OnHandSnapshot,1740.42
2024-11-04,M02,Consumption,-93.27
2024-11-04,M02,OnHandSnapshot,1647.15
2024-11-05,M02,Consumption,-4.56
2024-11-05,M02,OnHandSnapshot,1642.59
2024-11-06,M02,OnHandSnapshot,1642.59
2024-11-07,M02,Consumption,-55.54
2024-11-07,M02,OnHandSnapshot,1587.04
2024-11-08,M02,OnHandSnapshot,1587.04
2024-11-09,M02,Consumption,-40.32
2024-11-09,M02,OnHandSnapshot,1546.72
2024-11-10,M02,OnHandSnapshot,1546.72
2024-11-11,M02,OnHandSnapshot,1546.72
2024-11-12,M02,Consumption,-45.57
2024-11-12,M02,OnHandSnapshot,1501.15
2024-11-13,M02,Consumption,-81.48
2024-11-13,M02,OnHandSnapshot,1419.67
2024-11-14,M02,Consumption,-154.73
2024-11-14,M02,OnHandSnapshot,1264.94
2024-11-15,M02,Consumption,-65.2
2024-11-15,M02,OnHandSnapshot,1199.74
2024-11-16,M02,Consumption,-41.58
2024-11-16,M02,OnHandSnapshot,1158.16
2024-11-17,M02,OnHandSnapshot,1158.16
2024-11-18,M02,OnHandSnapshot,1158.16
2024-11-19,M02,OnHandSnapshot,1158.16
2024-11-20,M02,Consumption,-0.98
2024-11-20,M02,OnHandSnapshot,1157.18
2024-11-21,M02,OnHandSnapshot,1157.18
2024-11-22,M02,OnHandSnapshot,1157.18
2024-11-23,M02,Consumption,-305.52
2024-11-23,M02,OnHandSnapshot,851.66
2024-11-24,M02,Consumption,-1.07
2024-11-24,M02,OnHandSnapshot,850.59
2024-11-25,M02,OnHandSnapshot,850.59
2024-11-26,M02,Consumption,-3.21
2024-11-26,M02,OnHandSnapshot,847.37
2024-11-27,M02,Consumption,-3.0
2024-11-27,M02,OnHandSnapshot,844.38
2024-11-28,M02,Consumption,-62.79
2024-11-28,M02,OnHandSnapshot,781.59
2024-11-29,M02,Consumption,-1.34
2024-11-29,M02,OnHandSnapshot,780.25
2024-11-30,M02,Consumption,-2.41
2024-11-30,M02,OnHandSnapshot,777.84
2024-12-01,M02,Consumption,-54.74
2024-12-01,M02,OnHandSnapshot,723.09
2024-12-02,M02,Receipt,1481.5
2024-12-02,M02,Consumption,-29.57
2024-12-02,M02,OnHandSnapshot,2175.03
2024-12-03,M02,OnHandSnapshot,2175.03
2024-12-04,M02,Consumption,-57.96
2024-12-04,M02,OnHandSnapshot,2117.07
2024-12-05,M02,Consumption,-16.46
2024-12-05,M02,OnHandSnapshot,2100.61
2024-12-06,M02,OnHandSnapshot,2100.61
2024-12-07,M02,Consumption,-44.1
2024-12-07,M02,OnHandSnapshot,2056.51
2024-12-08,M02,Consumption,-223.76
2024-12-08,M02,OnHandSnapshot,1832.75
2024-12-09,M02,OnHandSnapshot,1832.75
2024-12-10,M02,Consumption,-95.82
2024-12-10,M02,OnHandSnapshot,1736.93
2024-12-11,M02,Consumption,-7.85
2024-12-11,M02,OnHandSnapshot,1729.09
2024-12-12,M02,Consumption,-28.35
2024-12-12,M02,OnHandSnapshot,1700.74
2024-12-13,M02,Consumption,-67.62
2024-12-13,M02,OnHandSnapshot,1633.12
2024-12-14,M02,OnHandSnapshot,1633.12
2024-12-15,M02,OnHandSnapshot,1633.12
2024-12-16,M02,OnHandSnapshot,1633.12
2024-12-17,M02,Consumption,-184.0
2024-12-17,M02,OnHandSnapshot,1449.11
2024-12-18,M02,Consumption,-201.96
2024-12-18,M02,OnHandSnapshot,1247.15
2024-12-19,M02,Consumption,-60.37
2024-12-19,M02,OnHandSnapshot,1186.78
2024-12-20,M02,Consumption,-37.8
2024-12-20,M02,OnHandSnapshot,1148.98
2024-12-21,M02,OnHandSnapshot,1148.98
2024-12-22,M02,Consumption,-2.25
2024-12-22,M02,OnHandSnapshot,1146.73
2024-12-23,M02,Consumption,-121.97
2024-12-23,M02,OnHandSnapshot,1024.76
2024-12-24,M02,Consumption,-166.11
2024-12-24,M02,OnHandSnapshot,858.65
2024-12-25,M02,Consumption,-131.75
2024-12-25,M02,OnHandSnapshot,726.9
2024-12-26,M02,Consumption,-68.88
2024-12-26,M02,OnHandSnapshot,658.02
2024-12-27,M02,Consumption,-29.57
2024-12-27,M02,OnHandSnapshot,628.46
2024-12-28,M02,Consumption,-39.37
2024-12-28,M02,OnHandSnapshot,589.09
2024-12-29,M02,OnHandSnapshot,589.09
2024-12-30,M02,Consumption,-165.52
2024-12-30,M02,OnHandSnapshot,423.56
2024-12-31,M02,Consumption,-22.68
2024-12-31,M02,OnHandSnapshot,400.88
2025-01-01,M02,Consumption,-76.76
2025-01-01,M02,OnHandSnapshot,324.12
2025-01-02,M02,OnHandSnapshot,324.12
2025-01-03,M02,Consumption,-58.04
2025-01-03,M02,OnHandSnapshot,266.08
2025-01-04,M02,Receipt,1481.5
2025-01-04,M02,Consumption,-55.44
2025-01-04,M02,OnHandSnapshot,1692.14
2025-01-05,M02,OnHandSnapshot,1692.14
2025-01-06,M02,OnHandSnapshot,1692.14
2025-01-07,M02,Consumption,-156.26
2025-01-07,M02,OnHandSnapshot,1535.88
2025-01-08,M02,Consumption,-102.48
2025-01-08,M02,OnHandSnapshot,1433.4
2025-01-09,M02,Consumption,-21.0
2025-01-09,M02,OnHandSnapshot,1412.4
2025-01-10,M02,Consumption,-27.4
2025-01-10,M02,OnHandSnapshot,1385.0
2025-01-11,M02,Consumption,-21.0
2025-01-11,M02,OnHandSnapshot,1364.0
2025-01-12,M02,Consumption,-57.96
2025-01-12,M02,OnHandSnapshot,1306.04
2025-01-13,M02,OnHandSnapshot,1306.04
2025-01-14,M02,Consumption,-157.85
2025-01-14,M02,OnHandSnapshot,1148.18
2025-01-15,M02,Consumption,-62.79
2025-01-15,M02,OnHandSnapshot,1085.39
2025-01-16,M02,Consumption,-104.16
2025-01-16,M02,OnHandSnapshot,981.23
2025-01-17,M02,OnHandSnapshot,981.23
2025-01-18,M02,Consumption,-59.3
2025-01-18,M02,OnHandSnapshot,921.93
2025-01-19,M02,OnHandSnapshot,921.93
2025-01-20,M02,Consumption,-31.37
2025-01-20,M02,OnHandSnapshot,890.56
2025-01-21,M02,Consumption,-158.72
2025-01-21,M02,OnHandSnapshot,731.84
2025-01-22,M02,Consumption,-127.51
2025-01-22,M02,OnHandSnapshot,604.33
2025-01-23,M02,Receipt,1481.5
2025-01-23,M02,OnHandSnapshot,2085.83
2025-01-24,M02,OnHandSnapshot,2085.83
2025-01-25,M02,OnHandSnapshot,2085.83
2025-01-26,M02,Consumption,-201.41
2025-01-26,M02,OnHandSnapshot,1884.42
2025-01-27,M02,Consumption,-130.08
2025-01-27,M02,OnHandSnapshot,1754.34
2025-01-28,M02,Consumption,-88.47
2025-01-28,M02,OnHandSnapshot,1665.86
2025-01-29,M02,Consumption,-35.28
2025-01-29,M02,OnHandSnapshot,1630.58
2025-01-30,M02,Consumption,-2.41
2025-01-30,M02,OnHandSnapshot,1628.17
2025-01-31,M02,OnHandSnapshot,1628.17
2025-02-01,M02,Consumption,-1.34
2025-02-01,M02,OnHandSnapshot,1626.83
2025-02-02,M02,OnHandSnapshot,1626.83
2025-02-03,M02,Consumption,-147.76
2025-02-03,M02,OnHandSnapshot,1479.08
2025-02-04,M02,Consumption,-68.46
2025-02-04,M02,OnHandSnapshot,1410.62
2025-02-05,M02,Consumption,-57.29
2025-02-05,M02,OnHandSnapshot,1353.33
2025-02-06,M02,Consumption,-44.1
2025-02-06,M02,OnHandSnapshot,1309.23
2025-02-07,M02,Consumption,-4.73
2025-02-07,M02,OnHandSnapshot,1304.5
2025-02-08,M02,Consumption,-63.0
2025-02-08,M02,OnHandSnapshot,1241.5
2025-02-09,M02,Consumption,-1.34
2025-02-09,M02,OnHandSnapshot,1240.16
2025-02-10,M02,OnHandSnapshot,1240.16
2025-02-11,M02,Consumption,-115.92
2025-02-11,M02,OnHandSnapshot,1124.24
2025-02-12,M02,Consumption,-44.1
2025-02-12,M02,OnHandSnapshot,1080.14
2025-02-13,M02,Consumption,-13.1
2025-02-13,M02,OnHandSnapshot,1067.04
2025-02-14,M02,OnHandSnapshot,1067.04
2025-02-15,M02,OnHandSnapshot,1067.04
2025-02-16,M02,Consumption,-57.96
2025-02-16,M02,OnHandSnapshot,1009.08
2025-02-17,M02,Consumption,-4.56
2025-02-17,M02,OnHandSnapshot,1004.52
2025-02-18,M02,Consumption,-14.82
2025-02-18,M02,OnHandSnapshot,989.69
2025-02-19,M02,Consumption,-187.49
2025-02-19,M02,OnHandSnapshot,802.2
2025-02-20,M02,OnHandSnapshot,802.2
2025-02-21,M02,OnHandSnapshot,802.2
2025-02-22,M02,OnHandSnapshot,802.2
2025-02-23,M02,OnHandSnapshot,802.2
2025-02-24,M02,Consumption,-115.92
2025-02-24,M02,OnHandSnapshot,686.28
2025-02-25,M02,OnHandSnapshot,686.28
2025-02-26,M02,Consumption,-26.46
2025-02-26,M02,OnHandSnapshot,659.82
2025-02-27,M02,Consumption,-23.94
2025-02-27,M02,OnHandSnapshot,635.88
2025-02-28,M02,Receipt,1481.5
2025-02-28,M02,Consumption,-22.05
2025-02-28,M02,OnHandSnapshot,2095.33
2025-03-01,M02,OnHandSnapshot,2095.33
2025-03-02,M02,OnHandSnapshot,2095.33
2025-03-03,M02,OnHandSnapshot,2095.33
2025-03-04,M02,Consumption,-37.8
2025-03-04,M02,OnHandSnapshot,2057.53
2025-03-05,M02,Consumption,-60.48
2025-03-05,M02,OnHandSnapshot,1997.05
2025-03-06,M02,Consumption,-5.22
2025-03-06,M02,OnHandSnapshot,1991.84
2025-03-07,M02,OnHandSnapshot,1991.84
2025-03-08,M02,OnHandSnapshot,1991.84
2025-03-09,M02,OnHandSnapshot,1991.84
2025-03-10,M02,Consumption,-44.1
2025-03-10,M02,OnHandSnapshot,1947.74
2025-03-11,M02,OnHandSnapshot,1947.74
2025-03-12,M02,Consumption,-127.51
2025-03-12,M02,OnHandSnapshot,1820.22
2025-03-13,M02,Consumption,-47.88
2025-03-13,M02,OnHandSnapshot,1772.34
2025-03-14,M02,Consumption,-115.92
2025-03-14,M02,OnHandSnapshot,1656.42
2025-03-15,M02,Consumption,-102.51
2025-03-15,M02,OnHandSnapshot,1553.91
2025-03-16,M02,OnHandSnapshot,1553.91
2025-03-17,M02,Consumption,-3.75
2025-03-17,M02,OnHandSnapshot,1550.16
2025-03-18,M02,Consumption,-184.97
2025-03-18,M02,OnHandSnapshot,1365.19
2025-03-19,M02,OnHandSnapshot,1365.19
2025-03-20,M02,Consumption,-2.78
2025-03-20,M02,OnHandSnapshot,1362.41
2025-03-21,M02,OnHandSnapshot,1362.41
2025-03-22,M02,Consumption,-114.55
2025-03-22,M02,OnHandSnapshot,1247.86
2025-03-23,M02,Consumption,-73.59
2025-03-23,M02,OnHandSnapshot,1174.27
2025-03-24,M02,Consumption,-4.4
2025-03-24,M02,OnHandSnapshot,1169.88
2025-03-25,M02,OnHandSnapshot,1169.88
2025-03-26,M02,Consumption,-84.5
2025-03-26,M02,OnHandSnapshot,1085.38
2025-03-27,M02,Consumption,-149.42
2025-03-27,M02,OnHandSnapshot,935.96
2025-03-28,M02,Consumption,-130.41
2025-03-28,M02,OnHandSnapshot,805.55
2025-03-29,M02,OnHandSnapshot,805.55
2025-03-30,M02,OnHandSnapshot,805.55
2025-03-31,M02,Consumption,-42.63
2025-03-31,M02,OnHandSnapshot,762.92
2025-04-01,M02,Consumption,-39.46
2025-04-01,M02,OnHandSnapshot,723.47
2025-04-02,M02,Consumption,-1.34
2025-04-02,M02,OnHandSnapshot,722.13
2025-04-03,M02,Receipt,1481.5
2025-04-03,M02,Consumption,-92.46
2025-04-03,M02,OnHandSnapshot,2111.17
2025-04-04,M02,Consumption,-57.96
2025-04-04,M02,OnHandSnapshot,2053.21
2025-04-05,M02,Consumption,-66.34
2025-04-05,M02,OnHandSnapshot,1986.87
2025-04-06,M02,OnHandSnapshot,1986.87
2025-04-07,M02,Consumption,-151.53
2025-04-07,M02,OnHandSnapshot,1835.34
2025-04-08,M02,Consumption,-73.08
2025-04-08,M02,OnHandSnapshot,1762.26
2025-04-09,M02,Consumption,-90.61
2025-04-09,M02,OnHandSnapshot,1671.65
2025-04-10,M02,OnHandSnapshot,1671.65
2025-04-11,M02,Consumption,-18.48
2025-04-11,M02,OnHandSnapshot,1653.17
2025-04-12,M02,OnHandSnapshot,1653.17
2025-04-13,M02,Consumption,-120.96
2025-04-13,M02,OnHandSnapshot,1532.21
2025-04-14,M02,Consumption,-75.6
2025-04-14,M02,OnHandSnapshot,1456.61
2025-04-15,M02,OnHandSnapshot,1456.61
2025-04-16,M02,Consumption,-104.16
2025-04-16,M02,OnHandSnapshot,1352.45
2025-04-17,M02,OnHandSnapshot,1352.45
2025-04-18,M02,Consumption,-183.16
2025-04-18,M02,OnHandSnapshot,1169.29
2025-04-19,M02,OnHandSnapshot,1169.29
2025-04-20,M02,OnHandSnapshot,1169.29
2025-04-21,M02,Consumption,-87.63
2025-04-21,M02,OnHandSnapshot,1081.65
2025-04-22,M02,OnHandSnapshot,1081.65
2025-04-23,M02,OnHandSnapshot,1081.65
2025-04-24,M02,Consumption,-4.56
2025-04-24,M02,OnHandSnapshot,1077.09
2025-04-25,M02,OnHandSnapshot,1077.09
2025-04-26,M02,Consumption,-4.4
2025-04-26,M02,OnHandSnapshot,1072.69
2025-04-27,M02,Consumption,-164.12
2025-04-27,M02,OnHandSnapshot,908.58
2025-04-28,M02,OnHandSnapshot,908.58
2025-04-29,M02,OnHandSnapshot,908.58
2025-04-30,M02,Consumption,-29.3
2025-04-30,M02,OnHandSnapshot,879.28
2025-05-01,M02,Consumption,-2.41
2025-05-01,M02,OnHandSnapshot,876.87
2025-05-02,M02,Consumption,-97.71
2025-05-02,M02,OnHandSnapshot,779.16
2025-05-03,M02,Consumption,-51.01
2025-05-03,M02,OnHandSnapshot,728.15
2025-05-04,M02,OnHandSnapshot,728.15
2025-05-05,M02,Receipt,1481.5
2025-05-05,M02,Consumption,-232.34
2025-05-05,M02,OnHandSnapshot,1977.31
2025-05-06,M02,Consumption,-6.99
2025-05-06,M02,OnHandSnapshot,1970.32
2025-05-07,M02,Consumption,-28.35
2025-05-07,M02,OnHandSnapshot,1941.97
2025-05-08,M02,Consumption,-66.56
2025-05-08,M02,OnHandSnapshot,1875.41
2025-05-09,M02,OnHandSnapshot,1875.41
2025-05-10,M02,Consumption,-86.88
2025-05-10,M02,OnHandSnapshot,1788.53
2025-05-11,M02,Consumption,-3.21
2025-05-11,M02,OnHandSnapshot,1785.31
2025-05-12,M02,Consumption,-62.07
2025-05-12,M02,OnHandSnapshot,1723.25
2025-05-13,M02,Consumption,-68.04
2025-05-13,M02,OnHandSnapshot,1655.21
2025-05-14,M02,Consumption,-45.57
2025-05-14,M02,OnHandSnapshot,1609.64
2025-05-15,M02,Consumption,-65.1
2025-05-15,M02,OnHandSnapshot,1544.54
2025-05-16,M02,Consumption,-133.06
2025-05-16,M02,OnHandSnapshot,1411.48
2025-05-17,M02,OnHandSnapshot,1411.48
2025-05-18,M02,OnHandSnapshot,1411.48
2025-05-19,M02,Consumption,-16.38
2025-05-19,M02,OnHandSnapshot,1395.1
2025-05-20,M02,Consumption,-20.33
2025-05-20,M02,OnHandSnapshot,1374.77
2025-05-21,M02,OnHandSnapshot,1374.77
2025-05-22,M02,Consumption,-63.0
2025-05-22,M02,OnHandSnapshot,1311.77
2025-05-23,M02,OnHandSnapshot,1311.77
2025-05-24,M02,Consumption,-60.37
2025-05-24,M02,OnHandSnapshot,1251.4
2025-05-25,M02,OnHandSnapshot,1251.4
2025-05-26,M02,OnHandSnapshot,1251.4
2025-05-27,M02,OnHandSnapshot,1251.4
2025-05-28,M02,Consumption,-72.07
2025-05-28,M02,OnHandSnapshot,1179.33
2025-05-29,M02,Consumption,-75.6
2025-05-29,M02,OnHandSnapshot,1103.73
2025-05-30,M02,Consumption,-57.96
2025-05-30,M02,OnHandSnapshot,1045.77
2025-05-31,M02,Consumption,-161.83
2025-05-31,M02,OnHandSnapshot,883.95
2025-06-01,M02,Consumption,-11.74
2025-06-01,M02,OnHandSnapshot,872.21
2025-06-02,M02,Consumption,-57.96
2025-06-02,M02,OnHandSnapshot,814.25
2025-06-03,M02,Consumption,-61.21
2025-06-03,M02,OnHandSnapshot,753.04
2025-06-04,M02,OnHandSnapshot,753.04
2025-06-05,M02,OnHandSnapshot,753.04
2025-06-06,M02,Consumption,-2.41
2025-06-06,M02,OnHandSnapshot,750.63
2025-06-07,M02,Consumption,-108.36
2025-06-07,M02,OnHandSnapshot,642.27
2025-06-08,M02,Consumption,-28.35
2025-06-08,M02,OnHandSnapshot,613.92
2025-06-09,M02,Consumption,-181.71
2025-06-09,M02,OnHandSnapshot,432.21
2025-06-10,M02,OnHandSnapshot,432.21
2025-06-11,M02,Receipt,1481.5
2025-06-11,M02,Consumption,-90.72
2025-06-11,M02,OnHandSnapshot,1822.99
2025-06-12,M02,OnHandSnapshot,1822.99
2025-06-13,M02,OnHandSnapshot,1822.99
2025-06-14,M02,Consumption,-19.21
2025-06-14,M02,OnHandSnapshot,1803.78
2025-06-15,M02,Consumption,-27.4
2025-06-15,M02,OnHandSnapshot,1776.37
2025-06-16,M02,Consumption,-134.82
2025-06-16,M02,OnHandSnapshot,1641.55
2025-06-17,M02,Consumption,-55.33
2025-06-17,M02,OnHandSnapshot,1586.22
2025-06-18,M02,Consumption,-1.34
2025-06-18,M02,OnHandSnapshot,1584.88
2025-06-19,M02,OnHandSnapshot,1584.88
2025-06-20,M02,Consumption,-118.65
2025-06-20,M02,OnHandSnapshot,1466.23
2025-06-21,M02,Consumption,-165.48
2025-06-21,M02,OnHandSnapshot,1300.75
2025-06-22,M02,OnHandSnapshot,1300.75
2025-06-23,M02,OnHandSnapshot,1300.75
2025-06-24,M02,Consumption,-58.68
2025-06-24,M02,OnHandSnapshot,1242.07
2025-06-25,M02,OnHandSnapshot,1242.07
2025-06-26,M02,OnHandSnapshot,1242.07
2025-06-27,M02,Consumption,-133.06
2025-06-27,M02,OnHandSnapshot,1109.01
2025-06-28,M02,OnHandSnapshot,1109.01
2025-06-29,M02,Consumption,-66.61
2025-06-29,M02,OnHandSnapshot,1042.4
2025-06-30,M02,OnHandSnapshot,1042.4
2025-07-01,M02,Consumption,-84.73
2025-07-01,M02,OnHandSnapshot,957.67
2025-07-02,M02,Consumption,-63.0
2025-07-02,M02,OnHandSnapshot,894.67
2025-07-03,M02,Consumption,-102.06
2025-07-03,M02,OnHandSnapshot,792.61
2025-07-04,M02,OnHandSnapshot,792.61
2025-07-05,M02,Consumption,-38.64
2025-07-05,M02,OnHandSnapshot,753.97
2025-07-06,M02,OnHandSnapshot,753.97
2025-07-07,M02,Consumption,-55.44
2025-07-07,M02,OnHandSnapshot,698.53
2025-07-08,M02,Consumption,-122.3
2025-07-08,M02,OnHandSnapshot,576.23
2025-07-09,M02,Consumption,-135.24
2025-07-09,M02,OnHandSnapshot,440.99
2025-07-10,M02,OnHandSnapshot,440.99
2025-07-11,M02,Receipt,1481.5
2025-07-11,M02,Consumption,-20.16
2025-07-11,M02,OnHandSnapshot,1902.33
2025-07-12,M02,Consumption,-181.36
2025-07-12,M02,OnHandSnapshot,1720.98
2025-07-13,M02,Consumption,-86.81
2025-07-13,M02,OnHandSnapshot,1634.16
2025-07-14,M02,Consumption,-37.8
2025-07-14,M02,OnHandSnapshot,1596.36
2025-07-15,M02,Consumption,-96.6
2025-07-15,M02,OnHandSnapshot,1499.76
2025-07-16,M02,OnHandSnapshot,1499.76
2025-07-17,M02,Consumption,-2.41
2025-07-17,M02,OnHandSnapshot,1497.35
2025-07-18,M02,OnHandSnapshot,1497.35
2025-07-19,M02,Consumption,-192.47
2025-07-19,M02,OnHandSnapshot,1304.88
2025-07-20,M02,Consumption,-179.34
2025-07-20,M02,OnHandSnapshot,1125.54
2025-07-21,M02,OnHandSnapshot,1125.54
2025-07-22,M02,OnHandSnapshot,1125.54
2025-07-23,M02,Consumption,-109.83
2025-07-23,M02,OnHandSnapshot,1015.71
2025-07-24,M02,Consumption,-2.78
2025-07-24,M02,OnHandSnapshot,1012.93
2025-07-25,M02,OnHandSnapshot,1012.93
2025-07-26,M02,Consumption,-15.29
2025-07-26,M02,OnHandSnapshot,997.64
2025-07-27,M02,Consumption,-101.93
2025-07-27,M02,OnHandSnapshot,895.71
2025-07-28,M02,Consumption,-45.57
2025-07-28,M02,OnHandSnapshot,850.14
2025-07-29,M02,Consumption,-13.23
2025-07-29,M02,OnHandSnapshot,836.91
2025-07-30,M02,OnHandSnapshot,836.91
2025-07-31,M02,Consumption,-44.35
2025-07-31,M02,OnHandSnapshot,792.56
2025-08-01,M02,Consumption,-127.51
2025-08-01,M02,OnHandSnapshot,665.05
2025-08-02,M02,OnHandSnapshot,665.05
2025-08-03,M02,Consumption,-11.74
2025-08-03,M02,OnHandSnapshot,653.31
2025-08-04,M02,Consumption,-127.51
2025-08-04,M02,OnHandSnapshot,525.8
2025-08-05,M02,OnHandSnapshot,525.8
2025-08-06,M02,Receipt,1481.5
2025-08-06,M02,Consumption,-125.68
2025-08-06,M02,OnHandSnapshot,1881.61
2025-08-07,M02,Consumption,-1.71
2025-08-07,M02,OnHandSnapshot,1879.9
2025-08-08,M02,OnHandSnapshot,1879.9
2025-08-09,M02,Consumption,-139.55
2025-08-09,M02,OnHandSnapshot,1740.36
2025-08-10,M02,Consumption,-1.34
2025-08-10,M02,OnHandSnapshot,1739.02
2025-08-11,M02,OnHandSnapshot,1739.02
2025-08-12,M02,Consumption,-99.79
2025-08-12,M02,OnHandSnapshot,1639.22
2025-08-13,M02,Consumption,-127.92
2025-08-13,M02,OnHandSnapshot,1511.31
2025-08-14,M02,Consumption,-120.65
2025-08-14,M02,OnHandSnapshot,1390.66
2025-08-15,M02,Consumption,-2.41
2025-08-15,M02,OnHandSnapshot,1388.25
2025-08-16,M02,Consumption,-11.74
2025-08-16,M02,OnHandSnapshot,1376.52
2025-08-17,M02,OnHandSnapshot,1376.52
2025-08-18,M02,Consumption,-2.2
2025-08-18,M02,OnHandSnapshot,1374.32
2025-08-19,M02,OnHandSnapshot,1374.32
2025-08-20,M02,Consumption,-86.94
2025-08-20,M02,OnHandSnapshot,1287.38
2025-08-21,M02,Consumption,-3.21
2025-08-21,M02,OnHandSnapshot,1284.17
2025-08-22,M02,Consumption,-125.58
2025-08-22,M02,OnHandSnapshot,1158.59
2025-08-23,M02,Consumption,-112.14
2025-08-23,M02,OnHandSnapshot,1046.45
2025-08-24,M02,Consumption,-118.44
2025-08-24,M02,OnHandSnapshot,928.01
2025-08-25,M02,Consumption,-61.71
2025-08-25,M02,OnHandSnapshot,866.3
2025-08-26,M02,Consumption,-318.11
2025-08-26,M02,OnHandSnapshot,548.19
2025-08-27,M02,OnHandSnapshot,548.19
2025-08-28,M02,OnHandSnapshot,548.19
2025-08-29,M02,Consumption,-10.08
2025-08-29,M02,OnHandSnapshot,538.11
2025-08-30,M02,OnHandSnapshot,538.11
2025-08-31,M02,OnHandSnapshot,538.11
2025-09-01,M02,OnHandSnapshot,538.11
2025-09-02,M02,Receipt,1481.5
2025-09-02,M02,Consumption,-27.6
2025-09-02,M02,OnHandSnapshot,1992.01
2025-09-03,M02,Consumption,-237.89
2025-09-03,M02,OnHandSnapshot,1754.12
2025-09-04,M02,OnHandSnapshot,1754.12
2025-09-05,M02,OnHandSnapshot,1754.12
2025-09-06,M02,OnHandSnapshot,1754.12
2025-09-07,M02,Consumption,-36.75
2025-09-07,M02,OnHandSnapshot,1717.37
2025-09-08,M02,OnHandSnapshot,1717.37
2025-09-09,M02,Consumption,-62.79
2025-09-09,M02,OnHandSnapshot,1654.58
2025-09-10,M02,Consumption,-57.96
2025-09-10,M02,OnHandSnapshot,1596.62
2025-09-11,M02,OnHandSnapshot,1596.62
2025-09-12,M02,Consumption,-6.97
2025-09-12,M02,OnHandSnapshot,1589.65
2025-09-13,M02,OnHandSnapshot,1589.65
2025-09-14,M02,Consumption,-12.17
2025-09-14,M02,OnHandSnapshot,1577.48
2025-09-15,M02,Consumption,-97.94
2025-09-15,M02,OnHandSnapshot,1479.54
2025-09-16,M02,Consumption,-57.96
2025-09-16,M02,OnHandSnapshot,1421.58
2025-09-17,M02,Consumption,-1.29
2025-09-17,M02,OnHandSnapshot,1420.29
2025-09-18,M02,Consumption,-4.4
2025-09-18,M02,OnHandSnapshot,1415.9
2025-09-19,M02,OnHandSnapshot,1415.9
2025-09-20,M02,OnHandSnapshot,1415.9
2025-09-21,M02,Consumption,-87.53
2025-09-21,M02,OnHandSnapshot,1328.37
2025-09-22,M02,OnHandSnapshot,1328.37
2025-09-23,M02,Consumption,-15.87
2025-09-23,M02,OnHandSnapshot,1312.5
2025-09-24,M02,Consumption,-11.3
2025-09-24,M02,OnHandSnapshot,1301.2
2025-09-25,M02,Consumption,-7.56
2025-09-25,M02,OnHandSnapshot,1293.64
2025-09-26,M02,OnHandSnapshot,1293.64
2025-09-27,M02,Consumption,-138.67
2025-09-27,M02,OnHandSnapshot,1154.97
2025-09-28,M02,Consumption,-67.87
2025-09-28,M02,OnHandSnapshot,1087.11
2025-09-29,M02,Consumption,-98.07
2025-09-29,M02,OnHandSnapshot,989.04
2025-09-30,M02,Consumption,-152.46
2025-09-30,M02,OnHandSnapshot,836.58
2025-10-01,M02,Consumption,-136.27
2025-10-01,M02,OnHandSnapshot,700.31
2025-10-02,M02,Consumption,-3.78
2025-10-02,M02,OnHandSnapshot,696.53
2025-10-03,M02,Consumption,-86.94
2025-10-03,M02,OnHandSnapshot,609.59
2025-10-04,M02,Consumption,-168.84
2025-10-04,M02,OnHandSnapshot,440.75
2025-10-05,M02,Consumption,-48.66
2025-10-05,M02,OnHandSnapshot,392.08
2025-10-06,M02,OnHandSnapshot,392.08
2025-10-07,M02,OnHandSnapshot,392.08
2025-10-08,M02,Consumption,-54.31
2025-10-08,M02,OnHandSnapshot,337.77
2025-10-09,M02,OnHandSnapshot,337.77
2025-10-10,M02,Receipt,1481.5
2025-10-10,M02,Consumption,-17.64
2025-10-10,M02,OnHandSnapshot,1801.63
2025-10-11,M02,Consumption,-29.57
2025-10-11,M02,OnHandSnapshot,1772.06
2025-10-12,M02,OnHandSnapshot,1772.06
2025-10-13,M02,Consumption,-145.66
2025-10-13,M02,OnHandSnapshot,1626.41
2025-10-14,M02,OnHandSnapshot,1626.41
2025-10-15,M02,OnHandSnapshot,1626.41
2025-10-16,M02,Consumption,-8.73
2025-10-16,M02,OnHandSnapshot,1617.67
2025-10-17,M02,Consumption,-90.72
2025-10-17,M02,OnHandSnapshot,1526.95
2025-10-18,M02,Consumption,-92.3
2025-10-18,M02,OnHandSnapshot,1434.66
2025-10-19,M02,Consumption,-84.0
2025-10-19,M02,OnHandSnapshot,1350.66
2025-10-20,M02,Consumption,-61.85
2025-10-20,M02,OnHandSnapshot,1288.81
2025-10-21,M02,Consumption,-1.34
2025-10-21,M02,OnHandSnapshot,1287.47
2025-10-22,M02,Consumption,-42.63
2025-10-22,M02,OnHandSnapshot,1244.84
2025-10-23,M02,Consumption,-156.98
2025-10-23,M02,OnHandSnapshot,1087.86
2025-10-24,M02,Consumption,-39.69
2025-10-24,M02,OnHandSnapshot,1048.17
2025-10-25,M02,OnHandSnapshot,1048.17
2025-10-26,M02,OnHandSnapshot,1048.17
2025-10-27,M02,Consumption,-18.9
2025-10-27,M02,OnHandSnapshot,1029.27
2025-10-28,M02,OnHandSnapshot,1029.27
2025-10-29,M02,Consumption,-250.11
2025-10-29,M02,OnHandSnapshot,779.16
2025-10-30,M02,Consumption,-55.44
2025-10-30,M02,OnHandSnapshot,723.72
2025-10-31,M02,OnHandSnapshot,723.72
2025-11-01,M02,Consumption,-117.12
2025-11-01,M02,OnHandSnapshot,606.6
2025-11-02,M02,Consumption,-203.36
2025-11-02,M02,OnHandSnapshot,403.24
2025-11-03,M02,Consumption,-17.64
2025-11-03,M02,OnHandSnapshot,385.6
2025-11-04,M02,OnHandSnapshot,385.6
2025-11-05,M02,Consumption,-60.48
2025-11-05,M02,OnHandSnapshot,325.12
2025-11-06,M02,Consumption,-133.06
2025-11-06,M02,OnHandSnapshot,192.06
2025-11-07,M02,OnHandSnapshot,192.06
2025-11-08,M02,Consumption,-105.86
2025-11-08,M02,OnHandSnapshot,86.2
2025-11-09,M02,Receipt,1481.5
2025-11-09,M02,Consumption,-50.3
2025-11-09,M02,OnHandSnapshot,1517.4
2025-11-10,M02,Consumption,-29.3
2025-11-10,M02,OnHandSnapshot,1488.1
2025-11-11,M02,Consumption,-29.3
2025-11-11,M02,OnHandSnapshot,1458.81
2025-11-12,M02,Consumption,-130.41
2025-11-12,M02,OnHandSnapshot,1328.4
2025-11-13,M02,Consumption,-70.79
2025-11-13,M02,OnHandSnapshot,1257.61
2025-11-14,M02,OnHandSnapshot,1257.61
2025-11-15,M02,OnHandSnapshot,1257.61
2025-11-16,M02,Consumption,-77.07
2025-11-16,M02,OnHandSnapshot,1180.54
2025-11-17,M02,OnHandSnapshot,1180.54
2025-11-18,M02,Consumption,-133.06
2025-11-18,M02,OnHandSnapshot,1047.49
2025-11-19,M02,Consumption,-6.97
2025-11-19,M02,OnHandSnapshot,1040.51
2025-11-20,M02,OnHandSnapshot,1040.51
2025-11-21,M02,Consumption,-103.63
2025-11-21,M02,OnHandSnapshot,936.89
2025-11-22,M02,Consumption,-322.09
2025-11-22,M02,OnHandSnapshot,614.79
2025-11-23,M02,Consumption,-122.12
2025-11-23,M02,OnHandSnapshot,492.67
2025-11-24,M02,OnHandSnapshot,492.67
2025-11-25,M02,Consumption,-1.34
2025-11-25,M02,OnHandSnapshot,491.33
2025-11-26,M02,Consumption,-7.82
2025-11-26,M02,OnHandSnapshot,483.51
2025-11-27,M02,Consumption,-146.26
2025-11-27,M02,OnHandSnapshot,337.24
2025-11-28,M02,Consumption,-130.41
2025-11-28,M02,OnHandSnapshot,206.83
2025-11-29,M02,Consumption,-53.0
2025-11-29,M02,OnHandSnapshot,153.84
2025-11-30,M02,OnHandSnapshot,153.84
2025-12-01,M02,Consumption,-60.48
2025-12-01,M02,OnHandSnapshot,93.36
2025-12-02,M02,Receipt,1481.5
2025-12-02,M02,OnHandSnapshot,1574.86
2025-12-03,M02,Consumption,-29.43
2025-12-03,M02,OnHandSnapshot,1545.43
2025-12-04,M02,Consumption,-1.34
2025-12-04,M02,OnHandSnapshot,1544.09
2025-12-05,M02,OnHandSnapshot,1544.09
2025-12-06,M02,Consumption,-59.77
2025-12-06,M02,OnHandSnapshot,1484.32
2025-12-07,M02,Consumption,-47.25
2025-12-07,M02,OnHandSnapshot,1437.07
2025-12-08,M02,Consumption,-64.92
2025-12-08,M02,OnHandSnapshot,1372.15
2025-12-09,M02,Consumption,-55.44
2025-12-09,M02,OnHandSnapshot,1316.71
2025-12-10,M02,OnHandSnapshot,1316.71
2025-12-11,M02,OnHandSnapshot,1316.71
2025-12-12,M02,OnHandSnapshot,1316.71
2025-12-13,M02,Consumption,-14.96
2025-12-13,M02,OnHandSnapshot,1301.75
2025-12-14,M02,Consumption,-14.49
2025-12-14,M02,OnHandSnapshot,1287.26
2025-12-15,M02,OnHandSnapshot,1287.26
2025-12-16,M02,Consumption,-6.97
2025-12-16,M02,OnHandSnapshot,1280.29
2025-12-17,M02,Consumption,-159.01
2025-12-17,M02,OnHandSnapshot,1121.28
2025-12-18,M02,Consumption,-144.11
2025-12-18,M02,OnHandSnapshot,977.16
2025-12-19,M02,Consumption,-1.61
2025-12-19,M02,OnHandSnapshot,975.56
2025-12-20,M02,Consumption,-16.47
2025-12-20,M02,OnHandSnapshot,959.09
2025-12-21,M02,Consumption,-238.48
2025-12-21,M02,OnHandSnapshot,720.61
2025-12-22,M02,Consumption,-8.1
2025-12-22,M02,OnHandSnapshot,712.51
2025-12-23,M02,Consumption,-94.98
2025-12-23,M02,OnHandSnapshot,617.53
2025-12-24,M02,Consumption,-12.08
2025-12-24,M02,OnHandSnapshot,605.45
2025-12-25,M02,Consumption,-102.06
2025-12-25,M02,OnHandSnapshot,503.39
2025-12-26,M02,Consumption,-1.34
2025-12-26,M02,OnHandSnapshot,502.05
2025-12-27,M02,Receipt,1481.5
2025-12-27,M02,Consumption,-45.35
2025-12-27,M02,OnHandSnapshot,1938.2
2025-12-28,M02,OnHandSnapshot,1938.2
2025-12-29,M02,Consumption,-3.21
2025-12-29,M02,OnHandSnapshot,1934.99
2025-12-30,M02,Consumption,-4.55
2025-12-30,M02,OnHandSnapshot,1930.44
2025-12-31,M02,OnHandSnapshot,1930.44
2024-01-01,M03,OnHandSnapshot,448.94
2024-01-02,M03,OnHandSnapshot,448.94
2024-01-03,M03,Consumption,-0.89
2024-01-03,M03,OnHandSnapshot,448.05
2024-01-04,M03,Consumption,-1.61
2024-01-04,M03,OnHandSnapshot,446.44
2024-01-05,M03,Receipt,718.3
2024-01-05,M03,OnHandSnapshot,1164.74
2024-01-06,M03,Consumption,-77.28
2024-01-06,M03,OnHandSnapshot,1087.46
2024-01-07,M03,Consumption,-75.67
2024-01-07,M03,OnHandSnapshot,1011.8
2024-01-08,M03,Consumption,-15.12
2024-01-08,M03,OnHandSnapshot,996.68
2024-01-09,M03,Consumption,-55.16
2024-01-09,M03,OnHandSnapshot,941.52
2024-01-10,M03,Consumption,-24.36
2024-01-10,M03,OnHandSnapshot,917.16
2024-01-11,M03,OnHandSnapshot,917.16
2024-01-12,M03,OnHandSnapshot,917.16
2024-01-13,M03,OnHandSnapshot,917.16
2024-01-14,M03,OnHandSnapshot,917.16
2024-01-15,M03,Consumption,-62.16
2024-01-15,M03,OnHandSnapshot,855.0
2024-01-16,M03,Consumption,-24.69
2024-01-16,M03,OnHandSnapshot,830.3
2024-01-17,M03,Consumption,-2.14
2024-01-17,M03,OnHandSnapshot,828.16
2024-01-18,M03,Consumption,-62.62
2024-01-18,M03,OnHandSnapshot,765.54
2024-01-19,M03,OnHandSnapshot,765.54
2024-01-20,M03,Consumption,-1.5
2024-01-20,M03,OnHandSnapshot,764.04
2024-01-21,M03,Consumption,-27.1
2024-01-21,M03,OnHandSnapshot,736.94
2024-01-22,M03,Consumption,-57.96
2024-01-22,M03,OnHandSnapshot,678.98
2024-01-23,M03,OnHandSnapshot,678.98
2024-01-24,M03,Consumption,-138.35
2024-01-24,M03,OnHandSnapshot,540.62
2024-01-25,M03,OnHandSnapshot,540.62
2024-01-26,M03,OnHandSnapshot,540.62
2024-01-27,M03,OnHandSnapshot,540.62
2024-01-28,M03,Consumption,-21.0
2024-01-28,M03,OnHandSnapshot,519.62
2024-01-29,M03,Consumption,-63.28
2024-01-29,M03,OnHandSnapshot,456.34
2024-01-30,M03,OnHandSnapshot,456.34
2024-01-31,M03,Consumption,-6.72
2024-01-31,M03,OnHandSnapshot,449.62
2024-02-01,M03,Consumption,-11.27
2024-02-01,M03,OnHandSnapshot,438.35
2024-02-02,M03,Receipt,718.3
2024-02-02,M03,OnHandSnapshot,1156.65
2024-02-03,M03,OnHandSnapshot,1156.65
2024-02-04,M03,OnHandSnapshot,1156.65
2024-02-05,M03,Consumption,-52.15
2024-02-05,M03,OnHandSnapshot,1104.51
2024-02-06,M03,OnHandSnapshot,1104.51
2024-02-07,M03,Consumption,-27.2
2024-02-07,M03,OnHandSnapshot,1077.31
2024-02-08,M03,Consumption,-66.36
2024-02-08,M03,OnHandSnapshot,1010.95
2024-02-09,M03,OnHandSnapshot,1010.95
2024-02-10,M03,Consumption,-13.75
2024-02-10,M03,OnHandSnapshot,997.2
2024-02-11,M03,Consumption,-17.64
2024-02-11,M03,OnHandSnapshot,979.56
2024-02-12,M03,Consumption,-28.56
2024-02-12,M03,OnHandSnapshot,951.0
2024-02-13,M03,OnHandSnapshot,951.0
2024-02-14,M03,Consumption,-38.64
2024-02-14,M03,OnHandSnapshot,912.36
2024-02-15,M03,OnHandSnapshot,912.36
2024-02-16,M03,Consumption,-43.47
2024-02-16,M03,OnHandSnapshot,868.89
2024-02-17,M03,Consumption,-88.7
2024-02-17,M03,OnHandSnapshot,780.19
2024-02-18,M03,Consumption,-1.0
2024-02-18,M03,OnHandSnapshot,779.19
2024-02-19,M03,Consumption,-71.39
2024-02-19,M03,OnHandSnapshot,707.79
2024-02-20,M03,Consumption,-1.61
2024-02-20,M03,OnHandSnapshot,706.19
2024-02-21,M03,OnHandSnapshot,706.19
2024-02-22,M03,Consumption,-1.29
2024-02-22,M03,OnHandSnapshot,704.9
2024-02-23,M03,OnHandSnapshot,704.9
2024-02-24,M03,Consumption,-2.14
2024-02-24,M03,OnHandSnapshot,702.76
2024-02-25,M03,Consumption,-1.61
2024-02-25,M03,OnHandSnapshot,701.15
2024-02-26,M03,Consumption,-1.61
2024-02-26,M03,OnHandSnapshot,699.55
2024-02-27,M03,Consumption,-57.12
2024-02-27,M03,OnHandSnapshot,642.43
2024-02-28,M03,Consumption,-29.64
2024-02-28,M03,OnHandSnapshot,612.79
2024-02-29,M03,OnHandSnapshot,612.79
2024-03-01,M03,OnHandSnapshot,612.79
2024-03-02,M03,Consumption,-125.58
2024-03-02,M03,OnHandSnapshot,487.21
2024-03-03,M03,OnHandSnapshot,487.21
2024-03-04,M03,OnHandSnapshot,487.21
2024-03-05,M03,Consumption,-18.9
2024-03-05,M03,OnHandSnapshot,468.31
2024-03-06,M03,Consumption,-15.68
2024-03-06,M03,OnHandSnapshot,452.63
2024-03-07,M03,Consumption,-36.77
2024-03-07,M03,OnHandSnapshot,415.86
2024-03-08,M03,OnHandSnapshot,415.86
2024-03-09,M03,OnHandSnapshot,415.86
2024-03-10,M03,OnHandSnapshot,415.86
2024-03-11,M03,Consumption,-43.78
2024-03-11,M03,OnHandSnapshot,372.08
2024-03-12,M03,OnHandSnapshot,372.08
2024-03-13,M03,Receipt,718.3
2024-03-13,M03,Consumption,-115.43
2024-03-13,M03,OnHandSnapshot,974.96
2024-03-14,M03,OnHandSnapshot,974.96
2024-03-15,M03,OnHandSnapshot,974.96
2024-03-16,M03,OnHandSnapshot,974.96
2024-03-17,M03,Consumption,-55.44
2024-03-17,M03,OnHandSnapshot,919.52
2024-03-18,M03,Consumption,-61.49
2024-03-18,M03,OnHandSnapshot,858.03
2024-03-19,M03,OnHandSnapshot,858.03
2024-03-20,M03,OnHandSnapshot,858.03
2024-03-21,M03,Consumption,-43.47
2024-03-21,M03,OnHandSnapshot,814.56
2024-03-22,M03,Consumption,-38.64
2024-03-22,M03,OnHandSnapshot,775.92
2024-03-23,M03,Consumption,-35.28
2024-03-23,M03,OnHandSnapshot,740.64
2024-03-24,M03,Consumption,-112.84
2024-03-24,M03,OnHandSnapshot,627.8
2024-03-25,M03,Consumption,-1.8
2024-03-25,M03,OnHandSnapshot,626.0
2024-03-26,M03,Consumption,-38.19
2024-03-26,M03,OnHandSnapshot,587.8
2024-03-27,M03,OnHandSnapshot,587.8
2024-03-28,M03,Consumption,-25.2
2024-03-28,M03,OnHandSnapshot,562.6
2024-03-29,M03,OnHandSnapshot,562.6
2024-03-30,M03,Consumption,-81.53
2024-03-30,M03,OnHandSnapshot,481.07
2024-03-31,M03,OnHandSnapshot,481.07
2024-04-01,M03,Consumption,-7.82
2024-04-01,M03,OnHandSnapshot,473.25
2024-04-02,M03,OnHandSnapshot,473.25
2024-04-03,M03,Consumption,-18.9
2024-04-03,M03,OnHandSnapshot,454.35
2024-04-04,M03,OnHandSnapshot,454.35
2024-04-05,M03,OnHandSnapshot,454.35
2024-04-06,M03,Receipt,718.3
2024-04-06,M03,OnHandSnapshot,1172.65
2024-04-07,M03,Consumption,-57.96
2024-04-07,M03,OnHandSnapshot,1114.69
2024-04-08,M03,OnHandSnapshot,1114.69
2024-04-09,M03,Consumption,-90.85
2024-04-09,M03,OnHandSnapshot,1023.84
2024-04-10,M03,OnHandSnapshot,1023.84
2024-04-11,M03,OnHandSnapshot,1023.84
2024-04-12,M03,OnHandSnapshot,1023.84
2024-04-13,M03,Consumption,-10.78
2024-04-13,M03,OnHandSnapshot,1013.06
2024-04-14,M03,OnHandSnapshot,1013.06
2024-04-15,M03,OnHandSnapshot,1013.06
2024-04-16,M03,OnHandSnapshot,1013.06
2024-04-17,M03,OnHandSnapshot,1013.06
2024-04-18,M03,Consumption,-56.91
2024-04-18,M03,OnHandSnapshot,956.15
2024-04-19,M03,Consumption,-1.74
2024-04-19,M03,OnHandSnapshot,954.41
2024-04-20,M03,OnHandSnapshot,954.41
2024-04-21,M03,OnHandSnapshot,954.41
2024-04-22,M03,OnHandSnapshot,954.41
2024-04-23,M03,Consumption,-48.3
2024-04-23,M03,OnHandSnapshot,906.11
2024-04-24,M03,OnHandSnapshot,906.11
2024-04-25,M03,OnHandSnapshot,906.11
2024-04-26,M03,OnHandSnapshot,906.11
2024-04-27,M03,Consumption,-1.61
2024-04-27,M03,OnHandSnapshot,904.51
2024-04-28,M03,OnHandSnapshot,904.51
2024-04-29,M03,Consumption,-1.61
2024-04-29,M03,OnHandSnapshot,902.9
2024-04-30,M03,Consumption,-19.53
2024-04-30,M03,OnHandSnapshot,883.37
2024-05-01,M03,Consumption,-81.65
2024-05-01,M03,OnHandSnapshot,801.72
2024-05-02,M03,Consumption,-23.41
2024-05-02,M03,OnHandSnapshot,778.31
2024-05-03,M03,OnHandSnapshot,778.31
2024-05-04,M03,Consumption,-35.42
2024-05-04,M03,OnHandSnapshot,742.89
2024-05-05,M03,Consumption,-75.6
2024-05-05,M03,OnHandSnapshot,667.29
2024-05-06,M03,Consumption,-12.88
2024-05-06,M03,OnHandSnapshot,654.41
2024-05-07,M03,Consumption,-30.24
2024-05-07,M03,OnHandSnapshot,624.17
2024-05-08,M03,Consumption,-0.89
2024-05-08,M03,OnHandSnapshot,623.28
2024-05-09,M03,Consumption,-99.4
2024-05-09,M03,OnHandSnapshot,523.88
2024-05-10,M03,Consumption,-24.36
2024-05-10,M03,OnHandSnapshot,499.52
2024-05-11,M03,Consumption,-73.92
2024-05-11,M03,OnHandSnapshot,425.6
2024-05-12,M03,Consumption,-30.59
2024-05-12,M03,OnHandSnapshot,395.01
2024-05-13,M03,Consumption,-20.51
2024-05-13,M03,OnHandSnapshot,374.5
2024-05-14,M03,OnHandSnapshot,374.5
2024-05-15,M03,Consumption,-57.33
2024-05-15,M03,OnHandSnapshot,317.17
2024-05-16,M03,Receipt,718.3
2024-05-16,M03,Consumption,-113.03
2024-05-16,M03,OnHandSnapshot,922.44
2024-05-17,M03,Consumption,-70.87
2024-05-17,M03,OnHandSnapshot,851.57
2024-05-18,M03,Consumption,-55.44
2024-05-18,M03,OnHandSnapshot,796.13
2024-05-19,M03,Consumption,-1.61
2024-05-19,M03,OnHandSnapshot,794.52
2024-05-20,M03,OnHandSnapshot,794.52
2024-05-21,M03,OnHandSnapshot,794.52
2024-05-22,M03,OnHandSnapshot,794.52
2024-05-23,M03,Consumption,-3.77
2024-05-23,M03,OnHandSnapshot,790.75
2024-05-24,M03,Consumption,-80.5
2024-05-24,M03,OnHandSnapshot,710.25
2024-05-25,M03,Consumption,-43.47
2024-05-25,M03,OnHandSnapshot,666.78
2024-05-26,M03,Consumption,-25.2
2024-05-26,M03,OnHandSnapshot,641.58
2024-05-27,M03,Consumption,-68.74
2024-05-27,M03,OnHandSnapshot,572.84
2024-05-28,M03,Consumption,-10.11
2024-05-28,M03,OnHandSnapshot,562.73
2024-05-29,M03,Consumption,-9.45
2024-05-29,M03,OnHandSnapshot,553.29
2024-05-30,M03,OnHandSnapshot,553.29
2024-05-31,M03,Consumption,-40.6
2024-05-31,M03,OnHandSnapshot,512.69
2024-06-01,M03,OnHandSnapshot,512.69
2024-06-02,M03,OnHandSnapshot,512.69
2024-06-03,M03,Consumption,-38.19
2024-06-03,M03,OnHandSnapshot,474.5
2024-06-04,M03,OnHandSnapshot,474.5
2024-06-05,M03,Consumption,-85.01
2024-06-05,M03,OnHandSnapshot,389.49
2024-06-06,M03,Consumption,-21.56
2024-06-06,M03,OnHandSnapshot,367.93
2024-06-07,M03,Receipt,718.3
2024-06-07,M03,OnHandSnapshot,1086.23
2024-06-08,M03,Consumption,-1.5
2024-06-08,M03,OnHandSnapshot,1084.73
2024-06-09,M03,Consumption,-14.77
2024-06-09,M03,OnHandSnapshot,1069.96
2024-06-10,M03,OnHandSnapshot,1069.96
2024-06-11,M03,Consumption,-61.19
2024-06-11,M03,OnHandSnapshot,1008.77
2024-06-12,M03,OnHandSnapshot,1008.77
2024-06-13,M03,Consumption,-53.78
2024-06-13,M03,OnHandSnapshot,954.99
2024-06-14,M03,Consumption,-8.11
2024-06-14,M03,OnHandSnapshot,946.88
2024-06-15,M03,Consumption,-38.5
2024-06-15,M03,OnHandSnapshot,908.38
2024-06-16,M03,Consumption,-115.36
2024-06-16,M03,OnHandSnapshot,793.02
2024-06-17,M03,Consumption,-16.8
2024-06-17,M03,OnHandSnapshot,776.22
2024-06-18,M03,OnHandSnapshot,776.22
2024-06-19,M03,Consumption,-35.42
2024-06-19,M03,OnHandSnapshot,740.8
2024-06-20,M03,Consumption,-2.14
2024-06-20,M03,OnHandSnapshot,738.65
2024-06-21,M03,Consumption,-6.44
2024-06-21,M03,OnHandSnapshot,732.21
2024-06-22,M03,Consumption,-138.6
2024-06-22,M03,OnHandSnapshot,593.61
2024-06-23,M03,Consumption,-135.85
2024-06-23,M03,OnHandSnapshot,457.76
2024-06-24,M03,Consumption,-52.67
2024-06-24,M03,OnHandSnapshot,405.09
2024-06-25,M03,Consumption,-62.44
2024-06-25,M03,OnHandSnapshot,342.65
2024-06-26,M03,Consumption,-70.77
2024-06-26,M03,OnHandSnapshot,271.88
2024-06-27,M03,Receipt,718.3
2024-06-27,M03,OnHandSnapshot,990.18
2024-06-28,M03,Consumption,-8.39
2024-06-28,M03,OnHandSnapshot,981.79
2024-06-29,M03,OnHandSnapshot,981.79
2024-06-30,M03,Consumption,-106.85
2024-06-30,M03,OnHandSnapshot,874.94
2024-07-01,M03,OnHandSnapshot,874.94
2024-07-02,M03,Consumption,-18.48
2024-07-02,M03,OnHandSnapshot,856.46
2024-07-03,M03,Consumption,-90.16
2024-07-03,M03,OnHandSnapshot,766.3
2024-07-04,M03,Consumption,-23.52
2024-07-04,M03,OnHandSnapshot,742.78
2024-07-05,M03,Consumption,-43.68
2024-07-05,M03,OnHandSnapshot,699.1
2024-07-06,M03,Consumption,-25.2
2024-07-06,M03,OnHandSnapshot,673.9
2024-07-07,M03,OnHandSnapshot,673.9
2024-07-08,M03,Consumption,-14.74
2024-07-08,M03,OnHandSnapshot,659.16
2024-07-09,M03,Consumption,-5.22
2024-07-09,M03,OnHandSnapshot,653.95
2024-07-10,M03,OnHandSnapshot,653.95
2024-07-11,M03,Consumption,-134.12
2024-07-11,M03,OnHandSnapshot,519.83
2024-07-12,M03,OnHandSnapshot,519.83
2024-07-13,M03,OnHandSnapshot,519.83
2024-07-14,M03,Consumption,-45.97
2024-07-14,M03,OnHandSnapshot,473.85
2024-07-15,M03,OnHandSnapshot,473.85
2024-07-16,M03,Consumption,-31.54
2024-07-16,M03,OnHandSnapshot,442.31
2024-07-17,M03,Consumption,-2.93
2024-07-17,M03,OnHandSnapshot,439.38
2024-07-18,M03,Consumption,-70.84
2024-07-18,M03,OnHandSnapshot,368.54
2024-07-19,M03,OnHandSnapshot,368.54
2024-07-20,M03,OnHandSnapshot,368.54
2024-07-21,M03,OnHandSnapshot,368.54
2024-07-22,M03,Consumption,-3.04
2024-07-22,M03,OnHandSnapshot,365.5
2024-07-23,M03,Receipt,718.3
2024-07-23,M03,OnHandSnapshot,1083.8
2024-07-24,M03,Consumption,-9.11
2024-07-24,M03,OnHandSnapshot,1074.69
2024-07-25,M03,Consumption,-16.1
2024-07-25,M03,OnHandSnapshot,1058.59
2024-07-26,M03,OnHandSnapshot,1058.59
2024-07-27,M03,Consumption,-77.7
2024-07-27,M03,OnHandSnapshot,980.89
2024-07-28,M03,Consumption,-9.93
2024-07-28,M03,OnHandSnapshot,970.96
2024-07-29,M03,Consumption,-0.89
2024-07-29,M03,OnHandSnapshot,970.07
2024-07-30,M03,Consumption,-77.28
2024-07-30,M03,OnHandSnapshot,892.79
2024-07-31,M03,Consumption,-145.49
2024-07-31,M03,OnHandSnapshot,747.3
2024-08-01,M03,Consumption,-78.89
2024-08-01,M03,OnHandSnapshot,668.42
2024-08-02,M03,Consumption,-99.01
2024-08-02,M03,OnHandSnapshot,569.41
2024-08-03,M03,OnHandSnapshot,569.41
2024-08-04,M03,Consumption,-57.96
2024-08-04,M03,OnHandSnapshot,511.45
2024-08-05,M03,Consumption,-1.39
2024-08-05,M03,OnHandSnapshot,510.06
2024-08-06,M03,Consumption,-60.48
2024-08-06,M03,OnHandSnapshot,449.58
2024-08-07,M03,OnHandSnapshot,449.58
2024-08-08,M03,Consumption,-60.48
2024-08-08,M03,OnHandSnapshot,389.1
2024-08-09,M03,Consumption,-3.04
2024-08-09,M03,OnHandSnapshot,386.05
2024-08-10,M03,Consumption,-89.97
2024-08-10,M03,OnHandSnapshot,296.08
2024-08-11,M03,Consumption,-38.64
2024-08-11,M03,OnHandSnapshot,257.44
2024-08-12,M03,OnHandSnapshot,257.44
2024-08-13,M03,Consumption,-36.96
2024-08-13,M03,OnHandSnapshot,220.48
2024-08-14,M03,Receipt,718.3
2024-08-14,M03,OnHandSnapshot,938.78
2024-08-15,M03,OnHandSnapshot,938.78
2024-08-16,M03,OnHandSnapshot,938.78
2024-08-17,M03,Consumption,-94.08
2024-08-17,M03,OnHandSnapshot,844.7
2024-08-18,M03,Consumption,-70.98
2024-08-18,M03,OnHandSnapshot,773.72
2024-08-19,M03,Consumption,-6.93
2024-08-19,M03,OnHandSnapshot,766.79
2024-08-20,M03,OnHandSnapshot,766.79
2024-08-21,M03,Consumption,-36.96
2024-08-21,M03,OnHandSnapshot,729.83
2024-08-22,M03,Consumption,-67.98
2024-08-22,M03,OnHandSnapshot,661.85
2024-08-23,M03,Consumption,-26.12
2024-08-23,M03,OnHandSnapshot,635.73
2024-08-24,M03,Consumption,-86.94
2024-08-24,M03,OnHandSnapshot,548.79
2024-08-25,M03,OnHandSnapshot,548.79
2024-08-26,M03,OnHandSnapshot,548.79
2024-08-27,M03,Consumption,-0.89
2024-08-27,M03,OnHandSnapshot,547.9
2024-08-28,M03,Consumption,-2.82
2024-08-28,M03,OnHandSnapshot,545.08
2024-08-29,M03,Consumption,-107.52
2024-08-29,M03,OnHandSnapshot,437.56
2024-08-30,M03,Consumption,-2.14
2024-08-30,M03,OnHandSnapshot,435.42
2024-08-31,M03,Consumption,-76.73
2024-08-31,M03,OnHandSnapshot,358.69
2024-09-01,M03,Receipt,718.3
2024-09-01,M03,Consumption,-11.76
2024-09-01,M03,OnHandSnapshot,1065.23
2024-09-02,M03,Consumption,-6.96
2024-09-02,M03,OnHandSnapshot,1058.28
2024-09-03,M03,Consumption,-122.36
2024-09-03,M03,OnHandSnapshot,935.92
2024-09-04,M03,OnHandSnapshot,935.92
2024-09-05,M03,Consumption,-7.82
2024-09-05,M03,OnHandSnapshot,928.09
2024-09-06,M03,OnHandSnapshot,928.09
2024-09-07,M03,Consumption,-38.64
2024-09-07,M03,OnHandSnapshot,889.45
2024-09-08,M03,Consumption,-29.4
2024-09-08,M03,OnHandSnapshot,860.05
2024-09-09,M03,Consumption,-26.65
2024-09-09,M03,OnHandSnapshot,833.4
2024-09-10,M03,Consumption,-62.09
2024-09-10,M03,OnHandSnapshot,771.31
2024-09-11,M03,Consumption,-29.74
2024-09-11,M03,OnHandSnapshot,741.58
2024-09-12,M03,Consumption,-102.48
2024-09-12,M03,OnHandSnapshot,639.1
2024-09-13,M03,Consumption,-70.56
2024-09-13,M03,OnHandSnapshot,568.54
2024-09-14,M03,OnHandSnapshot,568.54
2024-09-15,M03,OnHandSnapshot,568.54
2024-09-16,M03,Consumption,-29.2
2024-09-16,M03,OnHandSnapshot,539.34
2024-09-17,M03,Consumption,-36.96
2024-09-17,M03,OnHandSnapshot,502.38
2024-09-18,M03,Consumption,-1.24
2024-09-18,M03,OnHandSnapshot,501.14
2024-09-19,M03,Consumption,-61.37
2024-09-19,M03,OnHandSnapshot,439.77
2024-09-20,M03,Consumption,-0.64
2024-09-20,M03,OnHandSnapshot,439.13
2024-09-21,M03,Consumption,-76.44
2024-09-21,M03,OnHandSnapshot,362.69
2024-09-22,M03,Consumption,-1.61
2024-09-22,M03,OnHandSnapshot,361.08
2024-09-23,M03,Receipt,718.3
2024-09-23,M03,Consumption,-3.48
2024-09-23,M03,OnHandSnapshot,1075.9
2024-09-24,M03,Consumption,-43.68
2024-09-24,M03,OnHandSnapshot,1032.22
2024-09-25,M03,Consumption,-10.08
2024-09-25,M03,OnHandSnapshot,1022.14
2024-09-26,M03,OnHandSnapshot,1022.14
2024-09-27,M03,Consumption,-25.87
2024-09-27,M03,OnHandSnapshot,996.27
2024-09-28,M03,OnHandSnapshot,996.27
2024-09-29,M03,OnHandSnapshot,996.27
2024-09-30,M03,Consumption,-11.27
2024-09-30,M03,OnHandSnapshot,985.0
2024-10-01,M03,Consumption,-43.72
2024-10-01,M03,OnHandSnapshot,941.28
2024-10-02,M03,Consumption,-33.08
2024-10-02,M03,OnHandSnapshot,908.2
2024-10-03,M03,Consumption,-57.96
2024-10-03,M03,OnHandSnapshot,850.24
2024-10-04,M03,Consumption,-34.23
2024-10-04,M03,OnHandSnapshot,816.01
2024-10-05,M03,Consumption,-76.66
2024-10-05,M03,OnHandSnapshot,739.34
2024-10-06,M03,OnHandSnapshot,739.34
2024-10-07,M03,Consumption,-88.7
2024-10-07,M03,OnHandSnapshot,650.64
2024-10-08,M03,Consumption,-2.14
2024-10-08,M03,OnHandSnapshot,648.5
2024-10-09,M03,Consumption,-16.66
2024-10-09,M03,OnHandSnapshot,631.84
2024-10-10,M03,Consumption,-0.89
2024-10-10,M03,OnHandSnapshot,630.94
2024-10-11,M03,Consumption,-3.04
2024-10-11,M03,OnHandSnapshot,627.9
2024-10-12,M03,Consumption,-2.14
2024-10-12,M03,OnHandSnapshot,625.76
2024-10-13,M03,Consumption,-48.07
2024-10-13,M03,OnHandSnapshot,577.69
2024-10-14,M03,OnHandSnapshot,577.69
2024-10-15,M03,Consumption,-28.42
2024-10-15,M03,OnHandSnapshot,549.27
2024-10-16,M03,OnHandSnapshot,549.27
2024-10-17,M03,OnHandSnapshot,549.27
2024-10-18,M03,OnHandSnapshot,549.27
2024-10-19,M03,Consumption,-2.48
2024-10-19,M03,OnHandSnapshot,546.79
2024-10-20,M03,Consumption,-58.35
2024-10-20,M03,OnHandSnapshot,488.43
2024-10-21,M03,Consumption,-17.64
2024-10-21,M03,OnHandSnapshot,470.79
2024-10-22,M03,Consumption,-38.64
2024-10-22,M03,OnHandSnapshot,432.15
2024-10-23,M03,Consumption,-3.04
2024-10-23,M03,OnHandSnapshot,429.11
2024-10-24,M03,Receipt,718.3
2024-10-24,M03,Consumption,-48.05
2024-10-24,M03,OnHandSnapshot,1099.37
2024-10-25,M03,Consumption,-2.7
2024-10-25,M03,OnHandSnapshot,1096.66
2024-10-26,M03,OnHandSnapshot,1096.66
2024-10-27,M03,OnHandSnapshot,1096.66
2024-10-28,M03,OnHandSnapshot,1096.66
2024-10-29,M03,Consumption,-122.32
2024-10-29,M03,OnHandSnapshot,974.34
2024-10-30,M03,Consumption,-44.36
2024-10-30,M03,OnHandSnapshot,929.98
2024-10-31,M03,OnHandSnapshot,929.98
2024-11-01,M03,Consumption,-18.9
2024-11-01,M03,OnHandSnapshot,911.08
2024-11-02,M03,OnHandSnapshot,911.08
2024-11-03,M03,Consumption,-20.16
2024-11-03,M03,OnHandSnapshot,890.92
2024-11-04,M03,Consumption,-62.18
2024-11-04,M03,OnHandSnapshot,828.74
2024-11-05,M03,Consumption,-3.04
2024-11-05,M03,OnHandSnapshot,825.69
2024-11-06,M03,OnHandSnapshot,825.69
2024-11-07,M03,Consumption,-37.03
2024-11-07,M03,OnHandSnapshot,788.66
2024-11-08,M03,OnHandSnapshot,788.66
2024-11-09,M03,Consumption,-26.88
2024-11-09,M03,OnHandSnapshot,761.78
2024-11-10,M03,OnHandSnapshot,761.78
2024-11-11,M03,OnHandSnapshot,761.78
2024-11-12,M03,Consumption,-30.38
2024-11-12,M03,OnHandSnapshot,731.4
2024-11-13,M03,Consumption,-54.32
2024-11-13,M03,OnHandSnapshot,677.08
2024-11-14,M03,Consumption,-103.15
2024-11-14,M03,OnHandSnapshot,573.93
2024-11-15,M03,Consumption,-43.47
2024-11-15,M03,OnHandSnapshot,530.46
2024-11-16,M03,Consumption,-27.72
2024-11-16,M03,OnHandSnapshot,502.74
2024-11-17,M03,OnHandSnapshot,502.74
2024-11-18,M03,OnHandSnapshot,502.74
2024-11-19,M03,OnHandSnapshot,502.74
2024-11-20,M03,Consumption,-0.65
2024-11-20,M03,OnHandSnapshot,502.09
2024-11-21,M03,OnHandSnapshot,502.09
2024-11-22,M03,OnHandSnapshot,502.09
2024-11-23,M03,Consumption,-203.68
2024-11-23,M03,OnHandSnapshot,298.41
2024-11-24,M03,Consumption,-0.71
2024-11-24,M03,OnHandSnapshot,297.7
2024-11-25,M03,OnHandSnapshot,297.7
2024-11-26,M03,Consumption,-2.14
2024-11-26,M03,OnHandSnapshot,295.55
2024-11-27,M03,Consumption,-2.0
2024-11-27,M03,OnHandSnapshot,293.55
2024-11-28,M03,Receipt,718.3
2024-11-28,M03,Consumption,-41.86
2024-11-28,M03,OnHandSnapshot,970.0
2024-11-29,M03,Consumption,-0.89
2024-11-29,M03,OnHandSnapshot,969.1
2024-11-30,M03,Consumption,-1.61
2024-11-30,M03,OnHandSnapshot,967.5
2024-12-01,M03,Consumption,-36.5
2024-12-01,M03,OnHandSnapshot,931.0
2024-12-02,M03,Consumption,-19.71
2024-12-02,M03,OnHandSnapshot,911.29
2024-12-03,M03,OnHandSnapshot,911.29
2024-12-04,M03,Consumption,-38.64
2024-12-04,M03,OnHandSnapshot,872.65
2024-12-05,M03,Consumption,-10.97
2024-12-05,M03,OnHandSnapshot,861.68
2024-12-06,M03,OnHandSnapshot,861.68
2024-12-07,M03,Consumption,-29.4
2024-12-07,M03,OnHandSnapshot,832.28
2024-12-08,M03,Consumption,-149.17
2024-12-08,M03,OnHandSnapshot,683.11
2024-12-09,M03,OnHandSnapshot,683.11
2024-12-10,M03,Consumption,-63.88
2024-12-10,M03,OnHandSnapshot,619.23
2024-12-11,M03,Consumption,-5.23
2024-12-11,M03,OnHandSnapshot,614.0
2024-12-12,M03,Consumption,-18.9
2024-12-12,M03,OnHandSnapshot,595.1
2024-12-13,M03,Consumption,-45.08
2024-12-13,M03,OnHandSnapshot,550.02
2024-12-14,M03,OnHandSnapshot,550.02
2024-12-15,M03,OnHandSnapshot,550.02
2024-12-16,M03,OnHandSnapshot,550.02
2024-12-17,M03,Consumption,-122.67
2024-12-17,M03,OnHandSnapshot,427.35
2024-12-18,M03,Consumption,-134.64
2024-12-18,M03,OnHandSnapshot,292.71
2024-12-19,M03,Consumption,-40.25
2024-12-19,M03,OnHandSnapshot,252.46
2024-12-20,M03,Consumption,-25.2
2024-12-20,M03,OnHandSnapshot,227.26
2024-12-21,M03,OnHandSnapshot,227.26
2024-12-22,M03,Consumption,-1.5
2024-12-22,M03,OnHandSnapshot,225.76
2024-12-23,M03,Consumption,-81.31
2024-12-23,M03,OnHandSnapshot,144.45
2024-12-24,M03,Consumption,-110.74
2024-12-24,M03,OnHandSnapshot,33.71
2024-12-25,M03,Consumption,-87.83
2024-12-25,M03,OnHandSnapshot,-54.12
2024-12-26,M03,Consumption,-45.92
2024-12-26,M03,OnHandSnapshot,-100.04
2024-12-27,M03,Receipt,718.3
2024-12-27,M03,Consumption,-19.71
2024-12-27,M03,OnHandSnapshot,598.55
2024-12-28,M03,Consumption,-26.25
2024-12-28,M03,OnHandSnapshot,572.3
2024-12-29,M03,OnHandSnapshot,572.3
2024-12-30,M03,Consumption,-110.35
2024-12-30,M03,OnHandSnapshot,461.95
2024-12-31,M03,Consumption,-15.12
2024-12-31,M03,OnHandSnapshot,446.83
2025-01-01,M03,Consumption,-51.18
2025-01-01,M03,OnHandSnapshot,395.66
2025-01-02,M03,OnHandSnapshot,395.66
2025-01-03,M03,Receipt,718.3
2025-01-03,M03,Consumption,-38.69
2025-01-03,M03,OnHandSnapshot,1075.27
2025-01-04,M03,Consumption,-36.96
2025-01-04,M03,OnHandSnapshot,1038.31
2025-01-05,M03,OnHandSnapshot,1038.31
2025-01-06,M03,OnHandSnapshot,1038.31
2025-01-07,M03,Consumption,-104.17
2025-01-07,M03,OnHandSnapshot,934.13
2025-01-08,M03,Consumption,-68.32
2025-01-08,M03,OnHandSnapshot,865.81
2025-01-09,M03,Consumption,-14.0
2025-01-09,M03,OnHandSnapshot,851.81
2025-01-10,M03,Consumption,-18.27
2025-01-10,M03,OnHandSnapshot,833.54
2025-01-11,M03,Consumption,-14.0
2025-01-11,M03,OnHandSnapshot,819.54
2025-01-12,M03,Consumption,-38.64
2025-01-12,M03,OnHandSnapshot,780.9
2025-01-13,M03,OnHandSnapshot,780.9
2025-01-14,M03,Consumption,-105.24
2025-01-14,M03,OnHandSnapshot,675.67
2025-01-15,M03,Consumption,-41.86
2025-01-15,M03,OnHandSnapshot,633.81
2025-01-16,M03,Consumption,-69.44
2025-01-16,M03,OnHandSnapshot,564.37
2025-01-17,M03,OnHandSnapshot,564.37
2025-01-18,M03,Consumption,-39.53
2025-01-18,M03,OnHandSnapshot,524.84
2025-01-19,M03,OnHandSnapshot,524.84
2025-01-20,M03,Consumption,-20.92
2025-01-20,M03,OnHandSnapshot,503.92
2025-01-21,M03,Consumption,-105.81
2025-01-21,M03,OnHandSnapshot,398.11
2025-01-22,M03,Consumption,-85.01
2025-01-22,M03,OnHandSnapshot,313.1
2025-01-23,M03,OnHandSnapshot,313.1
2025-01-24,M03,OnHandSnapshot,313.1
2025-01-25,M03,OnHandSnapshot,313.1
2025-01-26,M03,Consumption,-134.27
2025-01-26,M03,OnHandSnapshot,178.83
2025-01-27,M03,Consumption,-86.72
2025-01-27,M03,OnHandSnapshot,92.1
2025-01-28,M03,Receipt,718.3
2025-01-28,M03,Consumption,-58.98
2025-01-28,M03,OnHandSnapshot,751.42
2025-01-29,M03,Consumption,-23.52
2025-01-29,M03,OnHandSnapshot,727.9
2025-01-30,M03,Consumption,-1.61
2025-01-30,M03,OnHandSnapshot,726.3
2025-01-31,M03,OnHandSnapshot,726.3
2025-02-01,M03,Consumption,-0.89
2025-02-01,M03,OnHandSnapshot,725.41
2025-02-02,M03,OnHandSnapshot,725.41
2025-02-03,M03,Consumption,-98.5
2025-02-03,M03,OnHandSnapshot,626.9
2025-02-04,M03,Consumption,-45.64
2025-02-04,M03,OnHandSnapshot,581.26
2025-02-05,M03,Consumption,-38.19
2025-02-05,M03,OnHandSnapshot,543.07
2025-02-06,M03,Consumption,-29.4
2025-02-06,M03,OnHandSnapshot,513.67
2025-02-07,M03,Consumption,-3.16
2025-02-07,M03,OnHandSnapshot,510.51
2025-02-08,M03,Consumption,-42.0
2025-02-08,M03,OnHandSnapshot,468.51
2025-02-09,M03,Consumption,-0.89
2025-02-09,M03,OnHandSnapshot,467.62
2025-02-10,M03,OnHandSnapshot,467.62
2025-02-11,M03,Consumption,-77.28
2025-02-11,M03,OnHandSnapshot,390.34
2025-02-12,M03,Consumption,-29.4
2025-02-12,M03,OnHandSnapshot,360.94
2025-02-13,M03,Consumption,-8.73
2025-02-13,M03,OnHandSnapshot,352.21
2025-02-14,M03,OnHandSnapshot,352.21
2025-02-15,M03,OnHandSnapshot,352.21
2025-02-16,M03,Receipt,718.3
2025-02-16,M03,Consumption,-38.64
2025-02-16,M03,OnHandSnapshot,1031.87
2025-02-17,M03,Consumption,-3.04
2025-02-17,M03,OnHandSnapshot,1028.83
2025-02-18,M03,Consumption,-9.88
2025-02-18,M03,OnHandSnapshot,1018.95
2025-02-19,M03,Consumption,-124.99
2025-02-19,M03,OnHandSnapshot,893.95
2025-02-20,M03,OnHandSnapshot,893.95
2025-02-21,M03,OnHandSnapshot,893.95
2025-02-22,M03,OnHandSnapshot,893.95
2025-02-23,M03,OnHandSnapshot,893.95
2025-02-24,M03,Consumption,-77.28
2025-02-24,M03,OnHandSnapshot,816.67
2025-02-25,M03,OnHandSnapshot,816.67
2025-02-26,M03,Consumption,-17.64
2025-02-26,M03,OnHandSnapshot,799.03
2025-02-27,M03,Consumption,-15.96
2025-02-27,M03,OnHandSnapshot,783.07
2025-02-28,M03,Consumption,-14.7
2025-02-28,M03,OnHandSnapshot,768.37
2025-03-01,M03,OnHandSnapshot,768.37
2025-03-02,M03,OnHandSnapshot,768.37
2025-03-03,M03,OnHandSnapshot,768.37
2025-03-04,M03,Consumption,-25.2
2025-03-04,M03,OnHandSnapshot,743.17
2025-03-05,M03,Consumption,-40.32
2025-03-05,M03,OnHandSnapshot,702.85
2025-03-06,M03,Consumption,-3.48
2025-03-06,M03,OnHandSnapshot,699.38
2025-03-07,M03,OnHandSnapshot,699.38
2025-03-08,M03,OnHandSnapshot,699.38
2025-03-09,M03,OnHandSnapshot,699.38
2025-03-10,M03,Consumption,-29.4
2025-03-10,M03,OnHandSnapshot,669.98
2025-03-11,M03,OnHandSnapshot,669.98
2025-03-12,M03,Consumption,-85.01
2025-03-12,M03,OnHandSnapshot,584.97
2025-03-13,M03,Consumption,-31.92
2025-03-13,M03,OnHandSnapshot,553.05
2025-03-14,M03,Consumption,-77.28
2025-03-14,M03,OnHandSnapshot,475.77
2025-03-15,M03,Consumption,-68.34
2025-03-15,M03,OnHandSnapshot,407.43
2025-03-16,M03,OnHandSnapshot,407.43
2025-03-17,M03,Consumption,-2.5
2025-03-17,M03,OnHandSnapshot,404.93
2025-03-18,M03,Consumption,-123.31
2025-03-18,M03,OnHandSnapshot,281.61
2025-03-19,M03,OnHandSnapshot,281.61
2025-03-20,M03,Receipt,718.3
2025-03-20,M03,Consumption,-1.86
2025-03-20,M03,OnHandSnapshot,998.06
2025-03-21,M03,OnHandSnapshot,998.06
2025-03-22,M03,Consumption,-76.37
2025-03-22,M03,OnHandSnapshot,921.69
2025-03-23,M03,Consumption,-49.06
2025-03-23,M03,OnHandSnapshot,872.64
2025-03-24,M03,Consumption,-2.93
2025-03-24,M03,OnHandSnapshot,869.71
2025-03-25,M03,OnHandSnapshot,869.71
2025-03-26,M03,Consumption,-56.33
2025-03-26,M03,OnHandSnapshot,813.37
2025-03-27,M03,Consumption,-99.61
2025-03-27,M03,OnHandSnapshot,713.76
2025-03-28,M03,Consumption,-86.94
2025-03-28,M03,OnHandSnapshot,626.82
2025-03-29,M03,OnHandSnapshot,626.82
2025-03-30,M03,OnHandSnapshot,626.82
2025-03-31,M03,Consumption,-28.42
2025-03-31,M03,OnHandSnapshot,598.4
2025-04-01,M03,Consumption,-26.3
2025-04-01,M03,OnHandSnapshot,572.1
2025-04-02,M03,Consumption,-0.89
2025-04-02,M03,OnHandSnapshot,571.21
2025-04-03,M03,Consumption,-61.64
2025-04-03,M03,OnHandSnapshot,509.57
2025-04-04,M03,Consumption,-38.64
2025-04-04,M03,OnHandSnapshot,470.93
2025-04-05,M03,Consumption,-44.22
2025-04-05,M03,OnHandSnapshot,426.7
2025-04-06,M03,OnHandSnapshot,426.7
2025-04-07,M03,Consumption,-101.02
2025-04-07,M03,OnHandSnapshot,325.68
2025-04-08,M03,Consumption,-48.72
2025-04-08,M03,OnHandSnapshot,276.96
2025-04-09,M03,Consumption,-60.41
2025-04-09,M03,OnHandSnapshot,216.55
2025-04-10,M03,OnHandSnapshot,216.55
2025-04-11,M03,Receipt,718.3
2025-04-11,M03,Consumption,-12.32
2025-04-11,M03,OnHandSnapshot,922.54
2025-04-12,M03,OnHandSnapshot,922.54
2025-04-13,M03,Consumption,-80.64
2025-04-13,M03,OnHandSnapshot,841.9
2025-04-14,M03,Consumption,-50.4
2025-04-14,M03,OnHandSnapshot,791.5
2025-04-15,M03,OnHandSnapshot,791.5
2025-04-16,M03,Consumption,-69.44
2025-04-16,M03,OnHandSnapshot,722.06
2025-04-17,M03,OnHandSnapshot,722.06
2025-04-18,M03,Consumption,-122.11
2025-04-18,M03,OnHandSnapshot,599.95
2025-04-19,M03,OnHandSnapshot,599.95
2025-04-20,M03,OnHandSnapshot,599.95
2025-04-21,M03,Consumption,-58.42
2025-04-21,M03,OnHandSnapshot,541.53
2025-04-22,M03,OnHandSnapshot,541.53
2025-04-23,M03,OnHandSnapshot,541.53
2025-04-24,M03,Consumption,-3.04
2025-04-24,M03,OnHandSnapshot,538.48
2025-04-25,M03,OnHandSnapshot,538.48
2025-04-26,M03,Consumption,-2.93
2025-04-26,M03,OnHandSnapshot,535.55
2025-04-27,M03,Consumption,-109.41
2025-04-27,M03,OnHandSnapshot,426.14
2025-04-28,M03,OnHandSnapshot,426.14
2025-04-29,M03,OnHandSnapshot,426.14
2025-04-30,M03,Consumption,-19.53
2025-04-30,M03,OnHandSnapshot,406.61
2025-05-01,M03,Consumption,-1.61
2025-05-01,M03,OnHandSnapshot,405.01
2025-05-02,M03,Consumption,-65.14
2025-05-02,M03,OnHandSnapshot,339.87
2025-05-03,M03,Receipt,718.3
2025-05-03,M03,Consumption,-34.01
2025-05-03,M03,OnHandSnapshot,1024.16
2025-05-04,M03,OnHandSnapshot,1024.16
2025-05-05,M03,Consumption,-154.89
2025-05-05,M03,OnHandSnapshot,869.27
2025-05-06,M03,Consumption,-4.66
2025-05-06,M03,OnHandSnapshot,864.61
2025-05-07,M03,Consumption,-18.9
2025-05-07,M03,OnHandSnapshot,845.71
2025-05-08,M03,Consumption,-44.37
2025-05-08,M03,OnHandSnapshot,801.33
2025-05-09,M03,OnHandSnapshot,801.33
2025-05-10,M03,Consumption,-57.92
2025-05-10,M03,OnHandSnapshot,743.41
2025-05-11,M03,Consumption,-2.14
2025-05-11,M03,OnHandSnapshot,741.27
2025-05-12,M03,Consumption,-41.38
2025-05-12,M03,OnHandSnapshot,699.89
2025-05-13,M03,Consumption,-45.36
2025-05-13,M03,OnHandSnapshot,654.53
2025-05-14,M03,Consumption,-30.38
2025-05-14,M03,OnHandSnapshot,624.15
2025-05-15,M03,Consumption,-43.4
2025-05-15,M03,OnHandSnapshot,580.75
2025-05-16,M03,Consumption,-88.7
2025-05-16,M03,OnHandSnapshot,492.05
2025-05-17,M03,OnHandSnapshot,492.05
2025-05-18,M03,OnHandSnapshot,492.05
2025-05-19,M03,Consumption,-10.92
2025-05-19,M03,OnHandSnapshot,481.13
2025-05-20,M03,Consumption,-13.55
2025-05-20,M03,OnHandSnapshot,467.58
2025-05-21,M03,OnHandSnapshot,467.58
2025-05-22,M03,Consumption,-42.0
2025-05-22,M03,OnHandSnapshot,425.58
2025-05-23,M03,OnHandSnapshot,425.58
2025-05-24,M03,Receipt,718.3
2025-05-24,M03,Consumption,-40.25
2025-05-24,M03,OnHandSnapshot,1103.63
2025-05-25,M03,OnHandSnapshot,1103.63
2025-05-26,M03,OnHandSnapshot,1103.63
2025-05-27,M03,OnHandSnapshot,1103.63
2025-05-28,M03,Consumption,-48.05
2025-05-28,M03,OnHandSnapshot,1055.58
2025-05-29,M03,Consumption,-50.4
2025-05-29,M03,OnHandSnapshot,1005.18
2025-05-30,M03,Consumption,-38.64
2025-05-30,M03,OnHandSnapshot,966.54
2025-05-31,M03,Consumption,-107.88
2025-05-31,M03,OnHandSnapshot,858.66
2025-06-01,M03,Consumption,-7.82
2025-06-01,M03,OnHandSnapshot,850.84
2025-06-02,M03,Consumption,-38.64
2025-06-02,M03,OnHandSnapshot,812.2
2025-06-03,M03,Consumption,-40.81
2025-06-03,M03,OnHandSnapshot,771.39
2025-06-04,M03,OnHandSnapshot,771.39
2025-06-05,M03,OnHandSnapshot,771.39
2025-06-06,M03,Consumption,-1.61
2025-06-06,M03,OnHandSnapshot,769.78
2025-06-07,M03,Consumption,-72.24
2025-06-07,M03,OnHandSnapshot,697.54
2025-06-08,M03,Consumption,-18.9
2025-06-08,M03,OnHandSnapshot,678.64
2025-06-09,M03,Consumption,-121.14
2025-06-09,M03,OnHandSnapshot,557.5
2025-06-10,M03,OnHandSnapshot,557.5
2025-06-11,M03,Consumption,-60.48
2025-06-11,M03,OnHandSnapshot,497.02
2025-06-12,M03,OnHandSnapshot,497.02
2025-06-13,M03,OnHandSnapshot,497.02
2025-06-14,M03,Consumption,-12.81
2025-06-14,M03,OnHandSnapshot,484.21
2025-06-15,M03,Consumption,-18.27
2025-06-15,M03,OnHandSnapshot,465.94
2025-06-16,M03,Consumption,-89.88
2025-06-16,M03,OnHandSnapshot,376.06
2025-06-17,M03,Consumption,-36.89
2025-06-17,M03,OnHandSnapshot,339.18
2025-06-18,M03,Receipt,718.3
2025-06-18,M03,Consumption,-0.89
2025-06-18,M03,OnHandSnapshot,1056.59
2025-06-19,M03,OnHandSnapshot,1056.59
2025-06-20,M03,Consumption,-79.1
2025-06-20,M03,OnHandSnapshot,977.49
2025-06-21,M03,Consumption,-110.32
2025-06-21,M03,OnHandSnapshot,867.17
2025-06-22,M03,OnHandSnapshot,867.17
2025-06-23,M03,OnHandSnapshot,867.17
2025-06-24,M03,Consumption,-39.12
2025-06-24,M03,OnHandSnapshot,828.05
2025-06-25,M03,OnHandSnapshot,828.05
2025-06-26,M03,OnHandSnapshot,828.05
2025-06-27,M03,Consumption,-88.7
2025-06-27,M03,OnHandSnapshot,739.34
2025-06-28,M03,OnHandSnapshot,739.34
2025-06-29,M03,Consumption,-44.41
2025-06-29,M03,OnHandSnapshot,694.93
2025-06-30,M03,OnHandSnapshot,694.93
2025-07-01,M03,Consumption,-56.49
2025-07-01,M03,OnHandSnapshot,638.45
2025-07-02,M03,Consumption,-42.0
2025-07-02,M03,OnHandSnapshot,596.45
2025-07-03,M03,Consumption,-68.04
2025-07-03,M03,OnHandSnapshot,528.41
2025-07-04,M03,OnHandSnapshot,528.41
2025-07-05,M03,Consumption,-25.76
2025-07-05,M03,OnHandSnapshot,502.65
2025-07-06,M03,OnHandSnapshot,502.65
2025-07-07,M03,Consumption,-36.96
2025-07-07,M03,OnHandSnapshot,465.69
2025-07-08,M03,Consumption,-81.53
2025-07-08,M03,OnHandSnapshot,384.16
2025-07-09,M03,Consumption,-90.16
2025-07-09,M03,OnHandSnapshot,294.0
2025-07-10,M03,OnHandSnapshot,294.0
2025-07-11,M03,Consumption,-13.44
2025-07-11,M03,OnHandSnapshot,280.56
2025-07-12,M03,Consumption,-120.9
2025-07-12,M03,OnHandSnapshot,159.65
2025-07-13,M03,Consumption,-57.88
2025-07-13,M03,OnHandSnapshot,101.78
2025-07-14,M03,Receipt,718.3
2025-07-14,M03,Consumption,-25.2
2025-07-14,M03,OnHandSnapshot,794.88
2025-07-15,M03,Consumption,-64.4
2025-07-15,M03,OnHandSnapshot,730.48
2025-07-16,M03,OnHandSnapshot,730.48
2025-07-17,M03,Consumption,-1.61
2025-07-17,M03,OnHandSnapshot,728.87
2025-07-18,M03,OnHandSnapshot,728.87
2025-07-19,M03,Consumption,-128.31
2025-07-19,M03,OnHandSnapshot,600.56
2025-07-20,M03,Consumption,-119.56
2025-07-20,M03,OnHandSnapshot,481.0
2025-07-21,M03,OnHandSnapshot,481.0
2025-07-22,M03,OnHandSnapshot,481.0
2025-07-23,M03,Consumption,-73.22
2025-07-23,M03,OnHandSnapshot,407.78
2025-07-24,M03,Consumption,-1.86
2025-07-24,M03,OnHandSnapshot,405.92
2025-07-25,M03,OnHandSnapshot,405.92
2025-07-26,M03,Consumption,-10.19
2025-07-26,M03,OnHandSnapshot,395.73
2025-07-27,M03,Consumption,-67.95
2025-07-27,M03,OnHandSnapshot,327.78
2025-07-28,M03,Receipt,718.3
2025-07-28,M03,Consumption,-30.38
2025-07-28,M03,OnHandSnapshot,1015.7
2025-07-29,M03,Consumption,-8.82
2025-07-29,M03,OnHandSnapshot,1006.88
2025-07-30,M03,OnHandSnapshot,1006.88
2025-07-31,M03,Consumption,-29.57
2025-07-31,M03,OnHandSnapshot,977.31
2025-08-01,M03,Consumption,-85.01
2025-08-01,M03,OnHandSnapshot,892.31
2025-08-02,M03,OnHandSnapshot,892.31
2025-08-03,M03,Consumption,-7.82
2025-08-03,M03,OnHandSnapshot,884.48
2025-08-04,M03,Consumption,-85.01
2025-08-04,M03,OnHandSnapshot,799.47
2025-08-05,M03,OnHandSnapshot,799.47
2025-08-06,M03,Consumption,-83.79
2025-08-06,M03,OnHandSnapshot,715.68
2025-08-07,M03,Consumption,-1.14
2025-08-07,M03,OnHandSnapshot,714.54
2025-08-08,M03,OnHandSnapshot,714.54
2025-08-09,M03,Consumption,-93.03
2025-08-09,M03,OnHandSnapshot,621.51
2025-08-10,M03,Consumption,-0.89
2025-08-10,M03,OnHandSnapshot,620.62
2025-08-11,M03,OnHandSnapshot,620.62
2025-08-12,M03,Consumption,-66.53
2025-08-12,M03,OnHandSnapshot,554.09
2025-08-13,M03,Consumption,-85.28
2025-08-13,M03,OnHandSnapshot,468.81
2025-08-14,M03,Consumption,-80.43
2025-08-14,M03,OnHandSnapshot,388.38
2025-08-15,M03,Consumption,-1.61
2025-08-15,M03,OnHandSnapshot,386.78
2025-08-16,M03,Consumption,-7.82
2025-08-16,M03,OnHandSnapshot,378.95
2025-08-17,M03,OnHandSnapshot,378.95
2025-08-18,M03,Consumption,-1.47
2025-08-18,M03,OnHandSnapshot,377.49
2025-08-19,M03,Receipt,718.3
2025-08-19,M03,OnHandSnapshot,1095.79
2025-08-20,M03,Consumption,-57.96
2025-08-20,M03,OnHandSnapshot,1037.83
2025-08-21,M03,Consumption,-2.14
2025-08-21,M03,OnHandSnapshot,1035.69
2025-08-22,M03,Consumption,-83.72
2025-08-22,M03,OnHandSnapshot,951.97
2025-08-23,M03,Consumption,-74.76
2025-08-23,M03,OnHandSnapshot,877.21
2025-08-24,M03,Consumption,-78.96
2025-08-24,M03,OnHandSnapshot,798.25
2025-08-25,M03,Consumption,-41.14
2025-08-25,M03,OnHandSnapshot,757.11
2025-08-26,M03,Consumption,-212.07
2025-08-26,M03,OnHandSnapshot,545.04
2025-08-27,M03,OnHandSnapshot,545.04
2025-08-28,M03,OnHandSnapshot,545.04
2025-08-29,M03,Consumption,-6.72
2025-08-29,M03,OnHandSnapshot,538.32
2025-08-30,M03,OnHandSnapshot,538.32
2025-08-31,M03,OnHandSnapshot,538.32
2025-09-01,M03,OnHandSnapshot,538.32
2025-09-02,M03,Consumption,-18.4
2025-09-02,M03,OnHandSnapshot,519.92
2025-09-03,M03,Consumption,-158.59
2025-09-03,M03,OnHandSnapshot,361.33
2025-09-04,M03,OnHandSnapshot,361.33
2025-09-05,M03,OnHandSnapshot,361.33
2025-09-06,M03,OnHandSnapshot,361.33
2025-09-07,M03,Consumption,-24.5
2025-09-07,M03,OnHandSnapshot,336.83
2025-09-08,M03,OnHandSnapshot,336.83
2025-09-09,M03,Consumption,-41.86
2025-09-09,M03,OnHandSnapshot,294.97
2025-09-10,M03,Receipt,718.3
2025-09-10,M03,Consumption,-38.64
2025-09-10,M03,OnHandSnapshot,974.63
2025-09-11,M03,OnHandSnapshot,974.63
2025-09-12,M03,Consumption,-4.65
2025-09-12,M03,OnHandSnapshot,969.98
2025-09-13,M03,OnHandSnapshot,969.98
2025-09-14,M03,Consumption,-8.11
2025-09-14,M03,OnHandSnapshot,961.86
2025-09-15,M03,Consumption,-65.29
2025-09-15,M03,OnHandSnapshot,896.57
2025-09-16,M03,Consumption,-38.64
2025-09-16,M03,OnHandSnapshot,857.93
2025-09-17,M03,Consumption,-0.86
2025-09-17,M03,OnHandSnapshot,857.07
2025-09-18,M03,Consumption,-2.93
2025-09-18,M03,OnHandSnapshot,854.14
2025-09-19,M03,OnHandSnapshot,854.14
2025-09-20,M03,OnHandSnapshot,854.14
2025-09-21,M03,Consumption,-58.35
2025-09-21,M03,OnHandSnapshot,795.79
2025-09-22,M03,OnHandSnapshot,795.79
2025-09-23,M03,Consumption,-10.58
2025-09-23,M03,OnHandSnapshot,785.22
2025-09-24,M03,Consumption,-7.53
2025-09-24,M03,OnHandSnapshot,777.68
2025-09-25,M03,Consumption,-5.04
2025-09-25,M03,OnHandSnapshot,772.64
2025-09-26,M03,OnHandSnapshot,772.64
2025-09-27,M03,Consumption,-92.45
2025-09-27,M03,OnHandSnapshot,680.19
2025-09-28,M03,Consumption,-45.24
2025-09-28,M03,OnHandSnapshot,634.95
2025-09-29,M03,Consumption,-65.38
2025-09-29,M03,OnHandSnapshot,569.57
2025-09-30,M03,Consumption,-101.64
2025-09-30,M03,OnHandSnapshot,467.93
2025-10-01,M03,Consumption,-90.85
2025-10-01,M03,OnHandSnapshot,377.08
2025-10-02,M03,Consumption,-2.52
2025-10-02,M03,OnHandSnapshot,374.56
2025-10-03,M03,Consumption,-57.96
2025-10-03,M03,OnHandSnapshot,316.6
2025-10-04,M03,Consumption,-112.56
2025-10-04,M03,OnHandSnapshot,204.04
2025-10-05,M03,Consumption,-32.44
2025-10-05,M03,OnHandSnapshot,171.6
2025-10-06,M03,Receipt,718.3
2025-10-06,M03,OnHandSnapshot,889.9
2025-10-07,M03,OnHandSnapshot,889.9
2025-10-08,M03,Consumption,-36.21
2025-10-08,M03,OnHandSnapshot,853.7
2025-10-09,M03,OnHandSnapshot,853.7
2025-10-10,M03,Consumption,-11.76
2025-10-10,M03,OnHandSnapshot,841.94
2025-10-11,M03,Consumption,-19.71
2025-10-11,M03,OnHandSnapshot,822.22
2025-10-12,M03,OnHandSnapshot,822.22
2025-10-13,M03,Consumption,-97.1
2025-10-13,M03,OnHandSnapshot,725.12
2025-10-14,M03,OnHandSnapshot,725.12
2025-10-15,M03,OnHandSnapshot,725.12
2025-10-16,M03,Consumption,-5.82
2025-10-16,M03,OnHandSnapshot,719.3
2025-10-17,M03,Consumption,-60.48
2025-10-17,M03,OnHandSnapshot,658.82
2025-10-18,M03,Consumption,-61.53
2025-10-18,M03,OnHandSnapshot,597.29
2025-10-19,M03,Consumption,-56.0
2025-10-19,M03,OnHandSnapshot,541.29
2025-10-20,M03,Consumption,-41.23
2025-10-20,M03,OnHandSnapshot,500.05
2025-10-21,M03,Consumption,-0.89
2025-10-21,M03,OnHandSnapshot,499.16
2025-10-22,M03,Consumption,-28.42
2025-10-22,M03,OnHandSnapshot,470.74
2025-10-23,M03,Consumption,-104.65
2025-10-23,M03,OnHandSnapshot,366.09
2025-10-24,M03,Consumption,-26.46
2025-10-24,M03,OnHandSnapshot,339.63
2025-10-25,M03,OnHandSnapshot,339.63
2025-10-26,M03,OnHandSnapshot,339.63
2025-10-27,M03,Consumption,-12.6
2025-10-27,M03,OnHandSnapshot,327.03
2025-10-28,M03,OnHandSnapshot,327.03
2025-10-29,M03,Consumption,-166.74
2025-10-29,M03,OnHandSnapshot,160.29
2025-10-30,M03,Receipt,718.3
2025-10-30,M03,Consumption,-36.96
2025-10-30,M03,OnHandSnapshot,841.63
2025-10-31,M03,OnHandSnapshot,841.63
2025-11-01,M03,Consumption,-78.08
2025-11-01,M03,OnHandSnapshot,763.55
2025-11-02,M03,Consumption,-135.58
2025-11-02,M03,OnHandSnapshot,627.98
2025-11-03,M03,Consumption,-11.76
2025-11-03,M03,OnHandSnapshot,616.22
2025-11-04,M03,OnHandSnapshot,616.22
2025-11-05,M03,Consumption,-40.32
2025-11-05,M03,OnHandSnapshot,575.9
2025-11-06,M03,Consumption,-88.7
2025-11-06,M03,OnHandSnapshot,487.19
2025-11-07,M03,OnHandSnapshot,487.19
2025-11-08,M03,Consumption,-70.57
2025-11-08,M03,OnHandSnapshot,416.62
2025-11-09,M03,Consumption,-33.54
2025-11-09,M03,OnHandSnapshot,383.08
2025-11-10,M03,Receipt,718.3
2025-11-10,M03,Consumption,-19.53
2025-11-10,M03,OnHandSnapshot,1081.86
2025-11-11,M03,Consumption,-19.53
2025-11-11,M03,OnHandSnapshot,1062.33
2025-11-12,M03,Consumption,-86.94
2025-11-12,M03,OnHandSnapshot,975.39
2025-11-13,M03,Consumption,-47.19
2025-11-13,M03,OnHandSnapshot,928.2
2025-11-14,M03,OnHandSnapshot,928.2
2025-11-15,M03,OnHandSnapshot,928.2
2025-11-16,M03,Consumption,-51.38
2025-11-16,M03,OnHandSnapshot,876.82
2025-11-17,M03,OnHandSnapshot,876.82
2025-11-18,M03,Consumption,-88.7
2025-11-18,M03,OnHandSnapshot,788.11
2025-11-19,M03,Consumption,-4.65
2025-11-19,M03,OnHandSnapshot,783.46
2025-11-20,M03,OnHandSnapshot,783.46
2025-11-21,M03,Consumption,-69.09
2025-11-21,M03,OnHandSnapshot,714.38
2025-11-22,M03,Consumption,-214.73
2025-11-22,M03,OnHandSnapshot,499.65
2025-11-23,M03,Consumption,-81.41
2025-11-23,M03,OnHandSnapshot,418.24
2025-11-24,M03,OnHandSnapshot,418.24
2025-11-25,M03,Consumption,-0.89
2025-11-25,M03,OnHandSnapshot,417.34
2025-11-26,M03,Consumption,-5.22
2025-11-26,M03,OnHandSnapshot,412.13
2025-11-27,M03,Consumption,-97.51
2025-11-27,M03,OnHandSnapshot,314.62
2025-11-28,M03,Consumption,-86.94
2025-11-28,M03,OnHandSnapshot,227.68
2025-11-29,M03,Consumption,-35.33
2025-11-29,M03,OnHandSnapshot,192.35
2025-11-30,M03,Receipt,718.3
2025-11-30,M03,OnHandSnapshot,910.65
2025-12-01,M03,Consumption,-40.32
2025-12-01,M03,OnHandSnapshot,870.33
2025-12-02,M03,OnHandSnapshot,870.33
2025-12-03,M03,Consumption,-19.62
2025-12-03,M03,OnHandSnapshot,850.71
2025-12-04,M03,Consumption,-0.89
2025-12-04,M03,OnHandSnapshot,849.82
2025-12-05,M03,OnHandSnapshot,849.82
2025-12-06,M03,Consumption,-39.84
2025-12-06,M03,OnHandSnapshot,809.97
2025-12-07,M03,Consumption,-31.5
2025-12-07,M03,OnHandSnapshot,778.47
2025-12-08,M03,Consumption,-43.28
2025-12-08,M03,OnHandSnapshot,735.19
2025-12-09,M03,Consumption,-36.96
2025-12-09,M03,OnHandSnapshot,698.23
2025-12-10,M03,OnHandSnapshot,698.23
2025-12-11,M03,OnHandSnapshot,698.23
2025-12-12,M03,OnHandSnapshot,698.23
2025-12-13,M03,Consumption,-9.97
2025-12-13,M03,OnHandSnapshot,688.26
2025-12-14,M03,Consumption,-9.66
2025-12-14,M03,OnHandSnapshot,678.6
2025-12-15,M03,OnHandSnapshot,678.6
2025-12-16,M03,Consumption,-4.65
2025-12-16,M03,OnHandSnapshot,673.95
2025-12-17,M03,Consumption,-106.01
2025-12-17,M03,OnHandSnapshot,567.94
2025-12-18,M03,Consumption,-96.08
2025-12-18,M03,OnHandSnapshot,471.87
2025-12-19,M03,Consumption,-1.07
2025-12-19,M03,OnHandSnapshot,470.8
2025-12-20,M03,Consumption,-10.98
2025-12-20,M03,OnHandSnapshot,459.82
2025-12-21,M03,Consumption,-158.98
2025-12-21,M03,OnHandSnapshot,300.83
2025-12-22,M03,Consumption,-5.4
2025-12-22,M03,OnHandSnapshot,295.43
2025-12-23,M03,Consumption,-63.32
2025-12-23,M03,OnHandSnapshot,232.11
2025-12-24,M03,Consumption,-8.05
2025-12-24,M03,OnHandSnapshot,224.06
2025-12-25,M03,Receipt,718.3
2025-12-25,M03,Consumption,-68.04
2025-12-25,M03,OnHandSnapshot,874.32
2025-12-26,M03,Consumption,-0.89
2025-12-26,M03,OnHandSnapshot,873.43
2025-12-27,M03,Consumption,-30.23
2025-12-27,M03,OnHandSnapshot,843.2
2025-12-28,M03,OnHandSnapshot,843.2
2025-12-29,M03,Consumption,-2.14
2025-12-29,M03,OnHandSnapshot,841.05
2025-12-30,M03,Consumption,-3.03
2025-12-30,M03,OnHandSnapshot,838.02
2025-12-31,M03,OnHandSnapshot,838.02
2024-01-01,M04,OnHandSnapshot,48.1
2024-01-02,M04,OnHandSnapshot,48.1
2024-01-03,M04,Consumption,-0.1
2024-01-03,M04,OnHandSnapshot,48.01
2024-01-04,M04,Consumption,-0.17
2024-01-04,M04,OnHandSnapshot,47.83
2024-01-05,M04,OnHandSnapshot,47.83
2024-01-06,M04,Consumption,-8.28
2024-01-06,M04,OnHandSnapshot,39.55
2024-01-07,M04,Receipt,86.58
2024-01-07,M04,Consumption,-8.11
2024-01-07,M04,OnHandSnapshot,118.03
2024-01-08,M04,Consumption,-1.62
2024-01-08,M04,OnHandSnapshot,116.41
2024-01-09,M04,Consumption,-5.91
2024-01-09,M04,OnHandSnapshot,110.5
2024-01-10,M04,Consumption,-2.61
2024-01-10,M04,OnHandSnapshot,107.89
2024-01-11,M04,OnHandSnapshot,107.89
2024-01-12,M04,OnHandSnapshot,107.89
2024-01-13,M04,OnHandSnapshot,107.89
2024-01-14,M04,OnHandSnapshot,107.89
2024-01-15,M04,Consumption,-6.66
2024-01-15,M04,OnHandSnapshot,101.23
2024-01-16,M04,Consumption,-2.65
2024-01-16,M04,OnHandSnapshot,98.58
2024-01-17,M04,Consumption,-0.23
2024-01-17,M04,OnHandSnapshot,98.35
2024-01-18,M04,Consumption,-6.71
2024-01-18,M04,OnHandSnapshot,91.64
2024-01-19,M04,OnHandSnapshot,91.64
2024-01-20,M04,Consumption,-0.16
2024-01-20,M04,OnHandSnapshot,91.48
2024-01-21,M04,Consumption,-2.9
2024-01-21,M04,OnHandSnapshot,88.58
2024-01-22,M04,Consumption,-6.21
2024-01-22,M04,OnHandSnapshot,82.37
2024-01-23,M04,OnHandSnapshot,82.37
2024-01-24,M04,Consumption,-14.82
2024-01-24,M04,OnHandSnapshot,67.54
2024-01-25,M04,OnHandSnapshot,67.54
2024-01-26,M04,OnHandSnapshot,67.54
2024-01-27,M04,OnHandSnapshot,67.54
2024-01-28,M04,Consumption,-2.25
2024-01-28,M04,OnHandSnapshot,65.29
2024-01-29,M04,Consumption,-6.78
2024-01-29,M04,OnHandSnapshot,58.51
2024-01-30,M04,OnHandSnapshot,58.51
2024-01-31,M04,Consumption,-0.72
2024-01-31,M04,OnHandSnapshot,57.79
2024-02-01,M04,Consumption,-1.21
2024-02-01,M04,OnHandSnapshot,56.59
2024-02-02,M04,OnHandSnapshot,56.59
2024-02-03,M04,OnHandSnapshot,56.59
2024-02-04,M04,OnHandSnapshot,56.59
2024-02-05,M04,Consumption,-5.59
2024-02-05,M04,OnHandSnapshot,51.0
2024-02-06,M04,Receipt,86.58
2024-02-06,M04,OnHandSnapshot,137.58
2024-02-07,M04,Consumption,-2.91
2024-02-07,M04,OnHandSnapshot,134.67
2024-02-08,M04,Consumption,-7.11
2024-02-08,M04,OnHandSnapshot,127.56
2024-02-09,M04,OnHandSnapshot,127.56
2024-02-10,M04,Consumption,-1.47
2024-02-10,M04,OnHandSnapshot,126.08
2024-02-11,M04,Consumption,-1.89
2024-02-11,M04,OnHandSnapshot,124.19
2024-02-12,M04,Consumption,-3.06
2024-02-12,M04,OnHandSnapshot,121.13
2024-02-13,M04,OnHandSnapshot,121.13
2024-02-14,M04,Consumption,-4.14
2024-02-14,M04,OnHandSnapshot,116.99
2024-02-15,M04,OnHandSnapshot,116.99
2024-02-16,M04,Consumption,-4.66
2024-02-16,M04,OnHandSnapshot,112.34
2024-02-17,M04,Consumption,-9.5
2024-02-17,M04,OnHandSnapshot,102.83
2024-02-18,M04,Consumption,-0.11
2024-02-18,M04,OnHandSnapshot,102.72
2024-02-19,M04,Consumption,-7.65
2024-02-19,M04,OnHandSnapshot,95.08
2024-02-20,M04,Consumption,-0.17
2024-02-20,M04,OnHandSnapshot,94.9
2024-02-21,M04,OnHandSnapshot,94.9
2024-02-22,M04,Consumption,-0.14
2024-02-22,M04,OnHandSnapshot,94.77
2024-02-23,M04,OnHandSnapshot,94.77
2024-02-24,M04,Consumption,-0.23
2024-02-24,M04,OnHandSnapshot,94.54
2024-02-25,M04,Consumption,-0.17
2024-02-25,M04,OnHandSnapshot,94.36
2024-02-26,M04,Consumption,-0.17
2024-02-26,M04,OnHandSnapshot,94.19
2024-02-27,M04,Consumption,-6.12
2024-02-27,M04,OnHandSnapshot,88.07
2024-02-28,M04,Consumption,-3.18
2024-02-28,M04,OnHandSnapshot,84.9
2024-02-29,M04,OnHandSnapshot,84.9
2024-03-01,M04,OnHandSnapshot,84.9
2024-03-02,M04,Consumption,-13.46
2024-03-02,M04,OnHandSnapshot,71.44
2024-03-03,M04,OnHandSnapshot,71.44
2024-03-04,M04,OnHandSnapshot,71.44
2024-03-05,M04,Consumption,-2.03
2024-03-05,M04,OnHandSnapshot,69.42
2024-03-06,M04,Consumption,-1.68
2024-03-06,M04,OnHandSnapshot,67.74
2024-03-07,M04,Consumption,-3.94
2024-03-07,M04,OnHandSnapshot,63.8
2024-03-08,M04,OnHandSnapshot,63.8
2024-03-09,M04,OnHandSnapshot,63.8
2024-03-10,M04,OnHandSnapshot,63.8
2024-03-11,M04,Consumption,-4.69
2024-03-11,M04,OnHandSnapshot,59.11
2024-03-12,M04,OnHandSnapshot,59.11
2024-03-13,M04,Consumption,-12.37
2024-03-13,M04,OnHandSnapshot,46.74
2024-03-14,M04,OnHandSnapshot,46.74
2024-03-15,M04,OnHandSnapshot,46.74
2024-03-16,M04,OnHandSnapshot,46.74
2024-03-17,M04,Consumption,-5.94
2024-03-17,M04,OnHandSnapshot,40.8
2024-03-18,M04,Consumption,-6.59
2024-03-18,M04,OnHandSnapshot,34.21
2024-03-19,M04,Receipt,86.58
2024-03-19,M04,OnHandSnapshot,120.79
2024-03-20,M04,OnHandSnapshot,120.79
2024-03-21,M04,Consumption,-4.66
2024-03-21,M04,OnHandSnapshot,116.13
2024-03-22,M04,Consumption,-4.14
2024-03-22,M04,OnHandSnapshot,111.99
2024-03-23,M04,Consumption,-3.78
2024-03-23,M04,OnHandSnapshot,108.21
2024-03-24,M04,Consumption,-12.09
2024-03-24,M04,OnHandSnapshot,96.12
2024-03-25,M04,Consumption,-0.19
2024-03-25,M04,OnHandSnapshot,95.93
2024-03-26,M04,Consumption,-4.09
2024-03-26,M04,OnHandSnapshot,91.84
2024-03-27,M04,OnHandSnapshot,91.84
2024-03-28,M04,Consumption,-2.7
2024-03-28,M04,OnHandSnapshot,89.14
2024-03-29,M04,OnHandSnapshot,89.14
2024-03-30,M04,Consumption,-8.74
2024-03-30,M04,OnHandSnapshot,80.4
2024-03-31,M04,OnHandSnapshot,80.4
2024-04-01,M04,Consumption,-0.84
2024-04-01,M04,OnHandSnapshot,79.57
2024-04-02,M04,OnHandSnapshot,79.57
2024-04-03,M04,Consumption,-2.03
2024-04-03,M04,OnHandSnapshot,77.54
2024-04-04,M04,OnHandSnapshot,77.54
2024-04-05,M04,OnHandSnapshot,77.54
2024-04-06,M04,OnHandSnapshot,77.54
2024-04-07,M04,Consumption,-6.21
2024-04-07,M04,OnHandSnapshot,71.33
2024-04-08,M04,OnHandSnapshot,71.33
2024-04-09,M04,Consumption,-9.73
2024-04-09,M04,OnHandSnapshot,61.6
2024-04-10,M04,OnHandSnapshot,61.6
2024-04-11,M04,OnHandSnapshot,61.6
2024-04-12,M04,OnHandSnapshot,61.6
2024-04-13,M04,Consumption,-1.16
2024-04-13,M04,OnHandSnapshot,60.44
2024-04-14,M04,OnHandSnapshot,60.44
2024-04-15,M04,OnHandSnapshot,60.44
2024-04-16,M04,OnHandSnapshot,60.44
2024-04-17,M04,OnHandSnapshot,60.44
2024-04-18,M04,Consumption,-6.1
2024-04-18,M04,OnHandSnapshot,54.34
2024-04-19,M04,Consumption,-0.19
2024-04-19,M04,OnHandSnapshot,54.16
2024-04-20,M04,OnHandSnapshot,54.16
2024-04-21,M04,OnHandSnapshot,54.16
2024-04-22,M04,OnHandSnapshot,54.16
2024-04-23,M04,Consumption,-5.18
2024-04-23,M04,OnHandSnapshot,48.98
2024-04-24,M04,OnHandSnapshot,48.98
2024-04-25,M04,OnHandSnapshot,48.98
2024-04-26,M04,Receipt,86.58
2024-04-26,M04,OnHandSnapshot,135.56
2024-04-27,M04,Consumption,-0.17
2024-04-27,M04,OnHandSnapshot,135.39
2024-04-28,M04,OnHandSnapshot,135.39
2024-04-29,M04,Consumption,-0.17
2024-04-29,M04,OnHandSnapshot,135.22
2024-04-30,M04,Consumption,-2.09
2024-04-30,M04,OnHandSnapshot,133.13
2024-05-01,M04,Consumption,-8.75
2024-05-01,M04,OnHandSnapshot,124.38
2024-05-02,M04,Consumption,-2.51
2024-05-02,M04,OnHandSnapshot,121.87
2024-05-03,M04,OnHandSnapshot,121.87
2024-05-04,M04,Consumption,-3.8
2024-05-04,M04,OnHandSnapshot,118.08
2024-05-05,M04,Consumption,-8.1
2024-05-05,M04,OnHandSnapshot,109.98
2024-05-06,M04,Consumption,-1.38
2024-05-06,M04,OnHandSnapshot,108.6
2024-05-07,M04,Consumption,-3.24
2024-05-07,M04,OnHandSnapshot,105.36
2024-05-08,M04,Consumption,-0.1
2024-05-08,M04,OnHandSnapshot,105.26
2024-05-09,M04,Consumption,-10.65
2024-05-09,M04,OnHandSnapshot,94.61
2024-05-10,M04,Consumption,-2.61
2024-05-10,M04,OnHandSnapshot,92.0
2024-05-11,M04,Consumption,-7.92
2024-05-11,M04,OnHandSnapshot,84.08
2024-05-12,M04,Consumption,-3.28
2024-05-12,M04,OnHandSnapshot,80.8
2024-05-13,M04,Consumption,-2.2
2024-05-13,M04,OnHandSnapshot,78.61
2024-05-14,M04,OnHandSnapshot,78.61
2024-05-15,M04,Consumption,-6.14
2024-05-15,M04,OnHandSnapshot,72.46
2024-05-16,M04,Consumption,-12.11
2024-05-16,M04,OnHandSnapshot,60.35
2024-05-17,M04,Consumption,-7.59
2024-05-17,M04,OnHandSnapshot,52.76
2024-05-18,M04,Consumption,-5.94
2024-05-18,M04,OnHandSnapshot,46.82
2024-05-19,M04,Consumption,-0.17
2024-05-19,M04,OnHandSnapshot,46.65
2024-05-20,M04,OnHandSnapshot,46.65
2024-05-21,M04,OnHandSnapshot,46.65
2024-05-22,M04,OnHandSnapshot,46.65
2024-05-23,M04,Consumption,-0.4
2024-05-23,M04,OnHandSnapshot,46.24
2024-05-24,M04,Consumption,-8.62
2024-05-24,M04,OnHandSnapshot,37.62
2024-05-25,M04,Receipt,86.58
2024-05-25,M04,Consumption,-4.66
2024-05-25,M04,OnHandSnapshot,119.54
2024-05-26,M04,Consumption,-2.7
2024-05-26,M04,OnHandSnapshot,116.84
2024-05-27,M04,Consumption,-7.36
2024-05-27,M04,OnHandSnapshot,109.48
2024-05-28,M04,Consumption,-1.08
2024-05-28,M04,OnHandSnapshot,108.39
2024-05-29,M04,Consumption,-1.01
2024-05-29,M04,OnHandSnapshot,107.38
2024-05-30,M04,OnHandSnapshot,107.38
2024-05-31,M04,Consumption,-4.35
2024-05-31,M04,OnHandSnapshot,103.03
2024-06-01,M04,OnHandSnapshot,103.03
2024-06-02,M04,OnHandSnapshot,103.03
2024-06-03,M04,Consumption,-4.09
2024-06-03,M04,OnHandSnapshot,98.94
2024-06-04,M04,OnHandSnapshot,98.94
2024-06-05,M04,Consumption,-9.11
2024-06-05,M04,OnHandSnapshot,89.83
2024-06-06,M04,Consumption,-2.31
2024-06-06,M04,OnHandSnapshot,87.52
2024-06-07,M04,OnHandSnapshot,87.52
2024-06-08,M04,Consumption,-0.16
2024-06-08,M04,OnHandSnapshot,87.36
2024-06-09,M04,Consumption,-1.58
2024-06-09,M04,OnHandSnapshot,85.78
2024-06-10,M04,OnHandSnapshot,85.78
2024-06-11,M04,Consumption,-6.56
2024-06-11,M04,OnHandSnapshot,79.22
2024-06-12,M04,OnHandSnapshot,79.22
2024-06-13,M04,Consumption,-5.76
2024-06-13,M04,OnHandSnapshot,73.46
2024-06-14,M04,Consumption,-0.87
2024-06-14,M04,OnHandSnapshot,72.59
2024-06-15,M04,Consumption,-4.12
2024-06-15,M04,OnHandSnapshot,68.47
2024-06-16,M04,Consumption,-12.36
2024-06-16,M04,OnHandSnapshot,56.11
2024-06-17,M04,Consumption,-1.8
2024-06-17,M04,OnHandSnapshot,54.31
2024-06-18,M04,OnHandSnapshot,54.31
2024-06-19,M04,Consumption,-3.8
2024-06-19,M04,OnHandSnapshot,50.51
2024-06-20,M04,Consumption,-0.23
2024-06-20,M04,OnHandSnapshot,50.28
2024-06-21,M04,Consumption,-0.69
2024-06-21,M04,OnHandSnapshot,49.59
2024-06-22,M04,Consumption,-14.85
2024-06-22,M04,OnHandSnapshot,34.74
2024-06-23,M04,Receipt,86.58
2024-06-23,M04,Consumption,-14.56
2024-06-23,M04,OnHandSnapshot,106.77
2024-06-24,M04,Consumption,-5.64
2024-06-24,M04,OnHandSnapshot,101.12
2024-06-25,M04,Consumption,-6.69
2024-06-25,M04,OnHandSnapshot,94.43
2024-06-26,M04,Consumption,-7.58
2024-06-26,M04,OnHandSnapshot,86.85
2024-06-27,M04,OnHandSnapshot,86.85
2024-06-28,M04,Consumption,-0.9
2024-06-28,M04,OnHandSnapshot,85.95
2024-06-29,M04,OnHandSnapshot,85.95
2024-06-30,M04,Consumption,-11.45
2024-06-30,M04,OnHandSnapshot,74.5
2024-07-01,M04,OnHandSnapshot,74.5
2024-07-02,M04,Consumption,-1.98
2024-07-02,M04,OnHandSnapshot,72.52
2024-07-03,M04,Consumption,-9.66
2024-07-03,M04,OnHandSnapshot,62.86
2024-07-04,M04,Consumption,-2.52
2024-07-04,M04,OnHandSnapshot,60.34
2024-07-05,M04,Consumption,-4.68
2024-07-05,M04,OnHandSnapshot,55.66
2024-07-06,M04,Consumption,-2.7
2024-07-06,M04,OnHandSnapshot,52.96
2024-07-07,M04,OnHandSnapshot,52.96
2024-07-08,M04,Consumption,-1.58
2024-07-08,M04,OnHandSnapshot,51.38
2024-07-09,M04,Consumption,-0.56
2024-07-09,M04,OnHandSnapshot,50.83
2024-07-10,M04,Receipt,86.58
2024-07-10,M04,OnHandSnapshot,137.41
2024-07-11,M04,Consumption,-14.37
2024-07-11,M04,OnHandSnapshot,123.04
2024-07-12,M04,OnHandSnapshot,123.04
2024-07-13,M04,OnHandSnapshot,123.04
2024-07-14,M04,Consumption,-4.93
2024-07-14,M04,OnHandSnapshot,118.11
2024-07-15,M04,OnHandSnapshot,118.11
2024-07-16,M04,Consumption,-3.38
2024-07-16,M04,OnHandSnapshot,114.73
2024-07-17,M04,Consumption,-0.31
2024-07-17,M04,OnHandSnapshot,114.42
2024-07-18,M04,Consumption,-7.59
2024-07-18,M04,OnHandSnapshot,106.83
2024-07-19,M04,OnHandSnapshot,106.83
2024-07-20,M04,OnHandSnapshot,106.83
2024-07-21,M04,OnHandSnapshot,106.83
2024-07-22,M04,Consumption,-0.33
2024-07-22,M04,OnHandSnapshot,106.5
2024-07-23,M04,OnHandSnapshot,106.5
2024-07-24,M04,Consumption,-0.98
2024-07-24,M04,OnHandSnapshot,105.53
2024-07-25,M04,Consumption,-1.72
2024-07-25,M04,OnHandSnapshot,103.8
2024-07-26,M04,OnHandSnapshot,103.8
2024-07-27,M04,Consumption,-8.32
2024-07-27,M04,OnHandSnapshot,95.48
2024-07-28,M04,Consumption,-1.06
2024-07-28,M04,OnHandSnapshot,94.41
2024-07-29,M04,Consumption,-0.1
2024-07-29,M04,OnHandSnapshot,94.32
2024-07-30,M04,Consumption,-8.28
2024-07-30,M04,OnHandSnapshot,86.04
2024-07-31,M04,Consumption,-15.59
2024-07-31,M04,OnHandSnapshot,70.45
2024-08-01,M04,Consumption,-8.45
2024-08-01,M04,OnHandSnapshot,62.0
2024-08-02,M04,Consumption,-10.61
2024-08-02,M04,OnHandSnapshot,51.39
2024-08-03,M04,OnHandSnapshot,51.39
2024-08-04,M04,Consumption,-6.21
2024-08-04,M04,OnHandSnapshot,45.18
2024-08-05,M04,Consumption,-0.15
2024-08-05,M04,OnHandSnapshot,45.03
2024-08-06,M04,Consumption,-6.48
2024-08-06,M04,OnHandSnapshot,38.55
2024-08-07,M04,OnHandSnapshot,38.55
2024-08-08,M04,Consumption,-6.48
2024-08-08,M04,OnHandSnapshot,32.07
2024-08-09,M04,Consumption,-0.33
2024-08-09,M04,OnHandSnapshot,31.74
2024-08-10,M04,Consumption,-9.64
2024-08-10,M04,OnHandSnapshot,22.1
2024-08-11,M04,Receipt,86.58
2024-08-11,M04,Consumption,-4.14
2024-08-11,M04,OnHandSnapshot,104.54
2024-08-12,M04,OnHandSnapshot,104.54
2024-08-13,M04,Consumption,-3.96
2024-08-13,M04,OnHandSnapshot,100.58
2024-08-14,M04,OnHandSnapshot,100.58
2024-08-15,M04,OnHandSnapshot,100.58
2024-08-16,M04,OnHandSnapshot,100.58
2024-08-17,M04,Consumption,-10.08
2024-08-17,M04,OnHandSnapshot,90.5
2024-08-18,M04,Consumption,-7.6
2024-08-18,M04,OnHandSnapshot,82.9
2024-08-19,M04,Consumption,-0.74
2024-08-19,M04,OnHandSnapshot,82.16
2024-08-20,M04,OnHandSnapshot,82.16
2024-08-21,M04,Consumption,-3.96
2024-08-21,M04,OnHandSnapshot,78.2
2024-08-22,M04,Consumption,-7.28
2024-08-22,M04,OnHandSnapshot,70.91
2024-08-23,M04,Consumption,-2.8
2024-08-23,M04,OnHandSnapshot,68.11
2024-08-24,M04,Consumption,-9.32
2024-08-24,M04,OnHandSnapshot,58.8
2024-08-25,M04,OnHandSnapshot,58.8
2024-08-26,M04,OnHandSnapshot,58.8
2024-08-27,M04,Consumption,-0.1
2024-08-27,M04,OnHandSnapshot,58.7
2024-08-28,M04,Consumption,-0.3
2024-08-28,M04,OnHandSnapshot,58.4
2024-08-29,M04,Consumption,-11.52
2024-08-29,M04,OnHandSnapshot,46.88
2024-08-30,M04,Consumption,-0.23
2024-08-30,M04,OnHandSnapshot,46.65
2024-08-31,M04,Consumption,-8.22
2024-08-31,M04,OnHandSnapshot,38.43
2024-09-01,M04,Consumption,-1.26
2024-09-01,M04,OnHandSnapshot,37.17
2024-09-02,M04,Consumption,-0.75
2024-09-02,M04,OnHandSnapshot,36.43
2024-09-03,M04,Consumption,-13.11
2024-09-03,M04,OnHandSnapshot,23.32
2024-09-04,M04,Receipt,86.58
2024-09-04,M04,OnHandSnapshot,109.9
2024-09-05,M04,Consumption,-0.84
2024-09-05,M04,OnHandSnapshot,109.06
2024-09-06,M04,OnHandSnapshot,109.06
2024-09-07,M04,Consumption,-4.14
2024-09-07,M04,OnHandSnapshot,104.92
2024-09-08,M04,Consumption,-3.15
2024-09-08,M04,OnHandSnapshot,101.77
2024-09-09,M04,Consumption,-2.86
2024-09-09,M04,OnHandSnapshot,98.91
2024-09-10,M04,Consumption,-6.65
2024-09-10,M04,OnHandSnapshot,92.26
2024-09-11,M04,Consumption,-3.19
2024-09-11,M04,OnHandSnapshot,89.08
2024-09-12,M04,Consumption,-10.98
2024-09-12,M04,OnHandSnapshot,78.1
2024-09-13,M04,Consumption,-7.56
2024-09-13,M04,OnHandSnapshot,70.54
2024-09-14,M04,OnHandSnapshot,70.54
2024-09-15,M04,OnHandSnapshot,70.54
2024-09-16,M04,Consumption,-3.13
2024-09-16,M04,OnHandSnapshot,67.41
2024-09-17,M04,Consumption,-3.96
2024-09-17,M04,OnHandSnapshot,63.45
2024-09-18,M04,Consumption,-0.13
2024-09-18,M04,OnHandSnapshot,63.31
2024-09-19,M04,Consumption,-6.58
2024-09-19,M04,OnHandSnapshot,56.74
2024-09-20,M04,Consumption,-0.07
2024-09-20,M04,OnHandSnapshot,56.67
2024-09-21,M04,Consumption,-8.19
2024-09-21,M04,OnHandSnapshot,48.48
2024-09-22,M04,Consumption,-0.17
2024-09-22,M04,OnHandSnapshot,48.31
2024-09-23,M04,Consumption,-0.37
2024-09-23,M04,OnHandSnapshot,47.93
2024-09-24,M04,Consumption,-4.68
2024-09-24,M04,OnHandSnapshot,43.25
2024-09-25,M04,Consumption,-1.08
2024-09-25,M04,OnHandSnapshot,42.17
2024-09-26,M04,Receipt,86.58
2024-09-26,M04,OnHandSnapshot,128.76
2024-09-27,M04,Consumption,-2.77
2024-09-27,M04,OnHandSnapshot,125.98
2024-09-28,M04,OnHandSnapshot,125.98
2024-09-29,M04,OnHandSnapshot,125.98
2024-09-30,M04,Consumption,-1.21
2024-09-30,M04,OnHandSnapshot,124.78
2024-10-01,M04,Consumption,-4.68
2024-10-01,M04,OnHandSnapshot,120.09
2024-10-02,M04,Consumption,-3.54
2024-10-02,M04,OnHandSnapshot,116.55
2024-10-03,M04,Consumption,-6.21
2024-10-03,M04,OnHandSnapshot,110.34
2024-10-04,M04,Consumption,-3.67
2024-10-04,M04,OnHandSnapshot,106.67
2024-10-05,M04,Consumption,-8.21
2024-10-05,M04,OnHandSnapshot,98.46
2024-10-06,M04,OnHandSnapshot,98.46
2024-10-07,M04,Consumption,-9.5
2024-10-07,M04,OnHandSnapshot,88.95
2024-10-08,M04,Consumption,-0.23
2024-10-08,M04,OnHandSnapshot,88.72
2024-10-09,M04,Consumption,-1.78
2024-10-09,M04,OnHandSnapshot,86.94
2024-10-10,M04,Consumption,-0.1
2024-10-10,M04,OnHandSnapshot,86.84
2024-10-11,M04,Consumption,-0.33
2024-10-11,M04,OnHandSnapshot,86.52
2024-10-12,M04,Consumption,-0.23
2024-10-12,M04,OnHandSnapshot,86.29
2024-10-13,M04,Consumption,-5.15
2024-10-13,M04,OnHandSnapshot,81.14
2024-10-14,M04,OnHandSnapshot,81.14
2024-10-15,M04,Consumption,-3.04
2024-10-15,M04,OnHandSnapshot,78.09
2024-10-16,M04,OnHandSnapshot,78.09
2024-10-17,M04,OnHandSnapshot,78.09
2024-10-18,M04,OnHandSnapshot,78.09
2024-10-19,M04,Consumption,-0.27
2024-10-19,M04,OnHandSnapshot,77.82
2024-10-20,M04,Consumption,-6.25
2024-10-20,M04,OnHandSnapshot,71.57
2024-10-21,M04,Consumption,-1.89
2024-10-21,M04,OnHandSnapshot,69.68
2024-10-22,M04,Consumption,-4.14
2024-10-22,M04,OnHandSnapshot,65.54
2024-10-23,M04,Consumption,-0.33
2024-10-23,M04,OnHandSnapshot,65.22
2024-10-24,M04,Consumption,-5.15
2024-10-24,M04,OnHandSnapshot,60.07
2024-10-25,M04,Consumption,-0.29
2024-10-25,M04,OnHandSnapshot,59.78
2024-10-26,M04,OnHandSnapshot,59.78
2024-10-27,M04,OnHandSnapshot,59.78
2024-10-28,M04,OnHandSnapshot,59.78
2024-10-29,M04,Consumption,-13.11
2024-10-29,M04,OnHandSnapshot,46.67
2024-10-30,M04,Consumption,-4.75
2024-10-30,M04,OnHandSnapshot,41.92
2024-10-31,M04,OnHandSnapshot,41.92
2024-11-01,M04,Consumption,-2.03
2024-11-01,M04,OnHandSnapshot,39.89
2024-11-02,M04,OnHandSnapshot,39.89
2024-11-03,M04,Consumption,-2.16
2024-11-03,M04,OnHandSnapshot,37.73
2024-11-04,M04,Consumption,-6.66
2024-11-04,M04,OnHandSnapshot,31.07
2024-11-05,M04,Consumption,-0.33
2024-11-05,M04,OnHandSnapshot,30.75
2024-11-06,M04,Receipt,86.58
2024-11-06,M04,OnHandSnapshot,117.33
2024-11-07,M04,Consumption,-3.97
2024-11-07,M04,OnHandSnapshot,113.36
2024-11-08,M04,OnHandSnapshot,113.36
2024-11-09,M04,Consumption,-2.88
2024-11-09,M04,OnHandSnapshot,110.48
2024-11-10,M04,OnHandSnapshot,110.48
2024-11-11,M04,OnHandSnapshot,110.48
2024-11-12,M04,Consumption,-3.26
2024-11-12,M04,OnHandSnapshot,107.22
2024-11-13,M04,Consumption,-5.82
2024-11-13,M04,OnHandSnapshot,101.4
2024-11-14,M04,Consumption,-11.05
2024-11-14,M04,OnHandSnapshot,90.35
2024-11-15,M04,Consumption,-4.66
2024-11-15,M04,OnHandSnapshot,85.7
2024-11-16,M04,Consumption,-2.97
2024-11-16,M04,OnHandSnapshot,82.73
2024-11-17,M04,OnHandSnapshot,82.73
2024-11-18,M04,OnHandSnapshot,82.73
2024-11-19,M04,OnHandSnapshot,82.73
2024-11-20,M04,Consumption,-0.07
2024-11-20,M04,OnHandSnapshot,82.65
2024-11-21,M04,OnHandSnapshot,82.65
2024-11-22,M04,OnHandSnapshot,82.65
2024-11-23,M04,Consumption,-21.82
2024-11-23,M04,OnHandSnapshot,60.83
2024-11-24,M04,Consumption,-0.08
2024-11-24,M04,OnHandSnapshot,60.76
2024-11-25,M04,OnHandSnapshot,60.76
2024-11-26,M04,Consumption,-0.23
2024-11-26,M04,OnHandSnapshot,60.53
2024-11-27,M04,Consumption,-0.21
2024-11-27,M04,OnHandSnapshot,60.31
2024-11-28,M04,Consumption,-4.48
2024-11-28,M04,OnHandSnapshot,55.83
2024-11-29,M04,Consumption,-0.1
2024-11-29,M04,OnHandSnapshot,55.73
2024-11-30,M04,Consumption,-0.17
2024-11-30,M04,OnHandSnapshot,55.56
2024-12-01,M04,Consumption,-3.91
2024-12-01,M04,OnHandSnapshot,51.65
2024-12-02,M04,Consumption,-2.11
2024-12-02,M04,OnHandSnapshot,49.54
2024-12-03,M04,Receipt,86.58
2024-12-03,M04,OnHandSnapshot,136.12
2024-12-04,M04,Consumption,-4.14
2024-12-04,M04,OnHandSnapshot,131.98
2024-12-05,M04,Consumption,-1.18
2024-12-05,M04,OnHandSnapshot,130.8
2024-12-06,M04,OnHandSnapshot,130.8
2024-12-07,M04,Consumption,-3.15
2024-12-07,M04,OnHandSnapshot,127.65
2024-12-08,M04,Consumption,-15.98
2024-12-08,M04,OnHandSnapshot,111.67
2024-12-09,M04,OnHandSnapshot,111.67
2024-12-10,M04,Consumption,-6.84
2024-12-10,M04,OnHandSnapshot,104.83
2024-12-11,M04,Consumption,-0.56
2024-12-11,M04,OnHandSnapshot,104.27
2024-12-12,M04,Consumption,-2.03
2024-12-12,M04,OnHandSnapshot,102.24
2024-12-13,M04,Consumption,-4.83
2024-12-13,M04,OnHandSnapshot,97.41
2024-12-14,M04,OnHandSnapshot,97.41
2024-12-15,M04,OnHandSnapshot,97.41
2024-12-16,M04,OnHandSnapshot,97.41
2024-12-17,M04,Consumption,-13.14
2024-12-17,M04,OnHandSnapshot,84.27
2024-12-18,M04,Consumption,-14.43
2024-12-18,M04,OnHandSnapshot,69.84
2024-12-19,M04,Consumption,-4.31
2024-12-19,M04,OnHandSnapshot,65.53
2024-12-20,M04,Consumption,-2.7
2024-12-20,M04,OnHandSnapshot,62.83
2024-12-21,M04,OnHandSnapshot,62.83
2024-12-22,M04,Consumption,-0.16
2024-12-22,M04,OnHandSnapshot,62.67
2024-12-23,M04,Consumption,-8.71
2024-12-23,M04,OnHandSnapshot,53.96
2024-12-24,M04,Consumption,-11.86
2024-12-24,M04,OnHandSnapshot,42.09
2024-12-25,M04,Consumption,-9.41
2024-12-25,M04,OnHandSnapshot,32.68
2024-12-26,M04,Consumption,-4.92
2024-12-26,M04,OnHandSnapshot,27.76
2024-12-27,M04,Consumption,-2.11
2024-12-27,M04,OnHandSnapshot,25.65
2024-12-28,M04,Consumption,-2.81
2024-12-28,M04,OnHandSnapshot,22.84
2024-12-29,M04,Receipt,86.58
2024-12-29,M04,OnHandSnapshot,109.42
2024-12-30,M04,Consumption,-11.82
2024-12-30,M04,OnHandSnapshot,97.6
2024-12-31,M04,Consumption,-1.62
2024-12-31,M04,OnHandSnapshot,95.98
2025-01-01,M04,Consumption,-5.48
2025-01-01,M04,OnHandSnapshot,90.49
2025-01-02,M04,OnHandSnapshot,90.49
2025-01-03,M04,Consumption,-4.15
2025-01-03,M04,OnHandSnapshot,86.35
2025-01-04,M04,Consumption,-3.96
2025-01-04,M04,OnHandSnapshot,82.39
2025-01-05,M04,OnHandSnapshot,82.39
2025-01-06,M04,OnHandSnapshot,82.39
2025-01-07,M04,Consumption,-11.16
2025-01-07,M04,OnHandSnapshot,71.23
2025-01-08,M04,Consumption,-7.32
2025-01-08,M04,OnHandSnapshot,63.91
2025-01-09,M04,Consumption,-1.5
2025-01-09,M04,OnHandSnapshot,62.41
2025-01-10,M04,Consumption,-1.96
2025-01-10,M04,OnHandSnapshot,60.45
2025-01-11,M04,Consumption,-1.5
2025-01-11,M04,OnHandSnapshot,58.95
2025-01-12,M04,Consumption,-4.14
2025-01-12,M04,OnHandSnapshot,54.81
2025-01-13,M04,OnHandSnapshot,54.81
2025-01-14,M04,Consumption,-11.28
2025-01-14,M04,OnHandSnapshot,43.53
2025-01-15,M04,Consumption,-4.48
2025-01-15,M04,OnHandSnapshot,39.05
2025-01-16,M04,Consumption,-7.44
2025-01-16,M04,OnHandSnapshot,31.61
2025-01-17,M04,OnHandSnapshot,31.61
2025-01-18,M04,Consumption,-4.24
2025-01-18,M04,OnHandSnapshot,27.37
2025-01-19,M04,Receipt,86.58
2025-01-19,M04,OnHandSnapshot,113.95
2025-01-20,M04,Consumption,-2.24
2025-01-20,M04,OnHandSnapshot,111.71
2025-01-21,M04,Consumption,-11.34
2025-01-21,M04,OnHandSnapshot,100.38
2025-01-22,M04,Consumption,-9.11
2025-01-22,M04,OnHandSnapshot,91.27
2025-01-23,M04,OnHandSnapshot,91.27
2025-01-24,M04,OnHandSnapshot,91.27
2025-01-25,M04,OnHandSnapshot,91.27
2025-01-26,M04,Consumption,-14.39
2025-01-26,M04,OnHandSnapshot,76.88
2025-01-27,M04,Consumption,-9.29
2025-01-27,M04,OnHandSnapshot,67.59
2025-01-28,M04,Consumption,-6.32
2025-01-28,M04,OnHandSnapshot,61.27
2025-01-29,M04,Consumption,-2.52
2025-01-29,M04,OnHandSnapshot,58.75
2025-01-30,M04,Consumption,-0.17
2025-01-30,M04,OnHandSnapshot,58.58
2025-01-31,M04,OnHandSnapshot,58.58
2025-02-01,M04,Consumption,-0.1
2025-02-01,M04,OnHandSnapshot,58.48
2025-02-02,M04,OnHandSnapshot,58.48
2025-02-03,M04,Consumption,-10.55
2025-02-03,M04,OnHandSnapshot,47.93
2025-02-04,M04,Consumption,-4.89
2025-02-04,M04,OnHandSnapshot,43.04
2025-02-05,M04,Consumption,-4.09
2025-02-05,M04,OnHandSnapshot,38.95
2025-02-06,M04,Consumption,-3.15
2025-02-06,M04,OnHandSnapshot,35.8
2025-02-07,M04,Consumption,-0.34
2025-02-07,M04,OnHandSnapshot,35.46
2025-02-08,M04,Receipt,86.58
2025-02-08,M04,Consumption,-4.5
2025-02-08,M04,OnHandSnapshot,117.54
2025-02-09,M04,Consumption,-0.1
2025-02-09,M04,OnHandSnapshot,117.44
2025-02-10,M04,OnHandSnapshot,117.44
2025-02-11,M04,Consumption,-8.28
2025-02-11,M04,OnHandSnapshot,109.16
2025-02-12,M04,Consumption,-3.15
2025-02-12,M04,OnHandSnapshot,106.01
2025-02-13,M04,Consumption,-0.94
2025-02-13,M04,OnHandSnapshot,105.08
2025-02-14,M04,OnHandSnapshot,105.08
2025-02-15,M04,OnHandSnapshot,105.08
2025-02-16,M04,Consumption,-4.14
2025-02-16,M04,OnHandSnapshot,100.94
2025-02-17,M04,Consumption,-0.33
2025-02-17,M04,OnHandSnapshot,100.61
2025-02-18,M04,Consumption,-1.06
2025-02-18,M04,OnHandSnapshot,99.55
2025-02-19,M04,Consumption,-13.39
2025-02-19,M04,OnHandSnapshot,86.16
2025-02-20,M04,OnHandSnapshot,86.16
2025-02-21,M04,OnHandSnapshot,86.16
2025-02-22,M04,OnHandSnapshot,86.16
2025-02-23,M04,OnHandSnapshot,86.16
2025-02-24,M04,Consumption,-8.28
2025-02-24,M04,OnHandSnapshot,77.88
2025-02-25,M04,OnHandSnapshot,77.88
2025-02-26,M04,Consumption,-1.89
2025-02-26,M04,OnHandSnapshot,75.99
2025-02-27,M04,Consumption,-1.71
2025-02-27,M04,OnHandSnapshot,74.28
2025-02-28,M04,Consumption,-1.58
2025-02-28,M04,OnHandSnapshot,72.71
2025-03-01,M04,OnHandSnapshot,72.71
2025-03-02,M04,OnHandSnapshot,72.71
2025-03-03,M04,OnHandSnapshot,72.71
2025-03-04,M04,Consumption,-2.7
2025-03-04,M04,OnHandSnapshot,70.01
2025-03-05,M04,Consumption,-4.32
2025-03-05,M04,OnHandSnapshot,65.69
2025-03-06,M04,Consumption,-0.37
2025-03-06,M04,OnHandSnapshot,65.31
2025-03-07,M04,OnHandSnapshot,65.31
2025-03-08,M04,OnHandSnapshot,65.31
2025-03-09,M04,OnHandSnapshot,65.31
2025-03-10,M04,Consumption,-3.15
2025-03-10,M04,OnHandSnapshot,62.16
2025-03-11,M04,OnHandSnapshot,62.16
2025-03-12,M04,Consumption,-9.11
2025-03-12,M04,OnHandSnapshot,53.06
2025-03-13,M04,Consumption,-3.42
2025-03-13,M04,OnHandSnapshot,49.64
2025-03-14,M04,Consumption,-8.28
2025-03-14,M04,OnHandSnapshot,41.36
2025-03-15,M04,Consumption,-7.32
2025-03-15,M04,OnHandSnapshot,34.03
2025-03-16,M04,OnHandSnapshot,34.03
2025-03-17,M04,Consumption,-0.27
2025-03-17,M04,OnHandSnapshot,33.77
2025-03-18,M04,Consumption,-13.21
2025-03-18,M04,OnHandSnapshot,20.55
2025-03-19,M04,OnHandSnapshot,20.55
2025-03-20,M04,Receipt,86.58
2025-03-20,M04,Consumption,-0.2
2025-03-20,M04,OnHandSnapshot,106.94
2025-03-21,M04,OnHandSnapshot,106.94
2025-03-22,M04,Consumption,-8.18
2025-03-22,M04,OnHandSnapshot,98.75
2025-03-23,M04,Consumption,-5.26
2025-03-23,M04,OnHandSnapshot,93.5
2025-03-24,M04,Consumption,-0.31
2025-03-24,M04,OnHandSnapshot,93.18
2025-03-25,M04,OnHandSnapshot,93.18
2025-03-26,M04,Consumption,-6.04
2025-03-26,M04,OnHandSnapshot,87.15
2025-03-27,M04,Consumption,-10.67
2025-03-27,M04,OnHandSnapshot,76.47
2025-03-28,M04,Consumption,-9.32
2025-03-28,M04,OnHandSnapshot,67.16
2025-03-29,M04,OnHandSnapshot,67.16
2025-03-30,M04,OnHandSnapshot,67.16
2025-03-31,M04,Consumption,-3.04
2025-03-31,M04,OnHandSnapshot,64.11
2025-04-01,M04,Consumption,-2.82
2025-04-01,M04,OnHandSnapshot,61.3
2025-04-02,M04,Consumption,-0.1
2025-04-02,M04,OnHandSnapshot,61.2
2025-04-03,M04,Consumption,-6.6
2025-04-03,M04,OnHandSnapshot,54.6
2025-04-04,M04,Consumption,-4.14
2025-04-04,M04,OnHandSnapshot,50.46
2025-04-05,M04,Consumption,-4.74
2025-04-05,M04,OnHandSnapshot,45.72
2025-04-06,M04,OnHandSnapshot,45.72
2025-04-07,M04,Consumption,-10.82
2025-04-07,M04,OnHandSnapshot,34.89
2025-04-08,M04,Receipt,86.58
2025-04-08,M04,Consumption,-5.22
2025-04-08,M04,OnHandSnapshot,116.26
2025-04-09,M04,Consumption,-6.47
2025-04-09,M04,OnHandSnapshot,109.78
2025-04-10,M04,OnHandSnapshot,109.78
2025-04-11,M04,Consumption,-1.32
2025-04-11,M04,OnHandSnapshot,108.46
2025-04-12,M04,OnHandSnapshot,108.46
2025-04-13,M04,Consumption,-8.64
2025-04-13,M04,OnHandSnapshot,99.82
2025-04-14,M04,Consumption,-5.4
2025-04-14,M04,OnHandSnapshot,94.42
2025-04-15,M04,OnHandSnapshot,94.42
2025-04-16,M04,Consumption,-7.44
2025-04-16,M04,OnHandSnapshot,86.98
2025-04-17,M04,OnHandSnapshot,86.98
2025-04-18,M04,Consumption,-13.08
2025-04-18,M04,OnHandSnapshot,73.9
2025-04-19,M04,OnHandSnapshot,73.9
2025-04-20,M04,OnHandSnapshot,73.9
2025-04-21,M04,Consumption,-6.26
2025-04-21,M04,OnHandSnapshot,67.64
2025-04-22,M04,OnHandSnapshot,67.64
2025-04-23,M04,OnHandSnapshot,67.64
2025-04-24,M04,Consumption,-0.33
2025-04-24,M04,OnHandSnapshot,67.31
2025-04-25,M04,OnHandSnapshot,67.31
2025-04-26,M04,Consumption,-0.31
2025-04-26,M04,OnHandSnapshot,67.0
2025-04-27,M04,Consumption,-11.72
2025-04-27,M04,OnHandSnapshot,55.28
2025-04-28,M04,OnHandSnapshot,55.28
2025-04-29,M04,OnHandSnapshot,55.28
2025-04-30,M04,Consumption,-2.09
2025-04-30,M04,OnHandSnapshot,53.19
2025-05-01,M04,Consumption,-0.17
2025-05-01,M04,OnHandSnapshot,53.01
2025-05-02,M04,Consumption,-6.98
2025-05-02,M04,OnHandSnapshot,46.03
2025-05-03,M04,Consumption,-3.64
2025-05-03,M04,OnHandSnapshot,42.39
2025-05-04,M04,OnHandSnapshot,42.39
2025-05-05,M04,Consumption,-16.6
2025-05-05,M04,OnHandSnapshot,25.8
2025-05-06,M04,Receipt,86.58
2025-05-06,M04,Consumption,-0.5
2025-05-06,M04,OnHandSnapshot,111.88
2025-05-07,M04,Consumption,-2.03
2025-05-07,M04,OnHandSnapshot,109.85
2025-05-08,M04,Consumption,-4.75
2025-05-08,M04,OnHandSnapshot,105.1
2025-05-09,M04,OnHandSnapshot,105.1
2025-05-10,M04,Consumption,-6.21
2025-05-10,M04,OnHandSnapshot,98.89
2025-05-11,M04,Consumption,-0.23
2025-05-11,M04,OnHandSnapshot,98.66
2025-05-12,M04,Consumption,-4.43
2025-05-12,M04,OnHandSnapshot,94.23
2025-05-13,M04,Consumption,-4.86
2025-05-13,M04,OnHandSnapshot,89.37
2025-05-14,M04,Consumption,-3.26
2025-05-14,M04,OnHandSnapshot,86.11
2025-05-15,M04,Consumption,-4.65
2025-05-15,M04,OnHandSnapshot,81.46
2025-05-16,M04,Consumption,-9.5
2025-05-16,M04,OnHandSnapshot,71.96
2025-05-17,M04,OnHandSnapshot,71.96
2025-05-18,M04,OnHandSnapshot,71.96
2025-05-19,M04,Consumption,-1.17
2025-05-19,M04,OnHandSnapshot,70.79
2025-05-20,M04,Consumption,-1.45
2025-05-20,M04,OnHandSnapshot,69.34
2025-05-21,M04,OnHandSnapshot,69.34
2025-05-22,M04,Consumption,-4.5
2025-05-22,M04,OnHandSnapshot,64.84
2025-05-23,M04,OnHandSnapshot,64.84
2025-05-24,M04,Consumption,-4.31
2025-05-24,M04,OnHandSnapshot,60.53
2025-05-25,M04,OnHandSnapshot,60.53
2025-05-26,M04,OnHandSnapshot,60.53
2025-05-27,M04,OnHandSnapshot,60.53
2025-05-28,M04,Consumption,-5.15
2025-05-28,M04,OnHandSnapshot,55.38
2025-05-29,M04,Consumption,-5.4
2025-05-29,M04,OnHandSnapshot,49.98
2025-05-30,M04,Consumption,-4.14
2025-05-30,M04,OnHandSnapshot,45.84
2025-05-31,M04,Consumption,-11.56
2025-05-31,M04,OnHandSnapshot,34.28
2025-06-01,M04,Consumption,-0.84
2025-06-01,M04,OnHandSnapshot,33.44
2025-06-02,M04,Consumption,-4.14
2025-06-02,M04,OnHandSnapshot,29.3
2025-06-03,M04,Consumption,-4.37
2025-06-03,M04,OnHandSnapshot,24.93
2025-06-04,M04,Receipt,86.58
2025-06-04,M04,OnHandSnapshot,111.51
2025-06-05,M04,OnHandSnapshot,111.51
2025-06-06,M04,Consumption,-0.17
2025-06-06,M04,OnHandSnapshot,111.34
2025-06-07,M04,Consumption,-7.74
2025-06-07,M04,OnHandSnapshot,103.6
2025-06-08,M04,Consumption,-2.03
2025-06-08,M04,OnHandSnapshot,101.57
2025-06-09,M04,Consumption,-12.98
2025-06-09,M04,OnHandSnapshot,88.59
2025-06-10,M04,OnHandSnapshot,88.59
2025-06-11,M04,Consumption,-6.48
2025-06-11,M04,OnHandSnapshot,82.11
2025-06-12,M04,OnHandSnapshot,82.11
2025-06-13,M04,OnHandSnapshot,82.11
2025-06-14,M04,Consumption,-1.37
2025-06-14,M04,OnHandSnapshot,80.74
2025-06-15,M04,Consumption,-1.96
2025-06-15,M04,OnHandSnapshot,78.78
2025-06-16,M04,Consumption,-9.63
2025-06-16,M04,OnHandSnapshot,69.15
2025-06-17,M04,Consumption,-3.95
2025-06-17,M04,OnHandSnapshot,65.2
2025-06-18,M04,Consumption,-0.1
2025-06-18,M04,OnHandSnapshot,65.11
2025-06-19,M04,OnHandSnapshot,65.11
2025-06-20,M04,Consumption,-8.48
2025-06-20,M04,OnHandSnapshot,56.63
2025-06-21,M04,Consumption,-11.82
2025-06-21,M04,OnHandSnapshot,44.81
2025-06-22,M04,OnHandSnapshot,44.81
2025-06-23,M04,OnHandSnapshot,44.81
2025-06-24,M04,Consumption,-4.19
2025-06-24,M04,OnHandSnapshot,40.62
2025-06-25,M04,OnHandSnapshot,40.62
2025-06-26,M04,Receipt,86.58
2025-06-26,M04,OnHandSnapshot,127.2
2025-06-27,M04,Consumption,-9.5
2025-06-27,M04,OnHandSnapshot,117.7
2025-06-28,M04,OnHandSnapshot,117.7
2025-06-29,M04,Consumption,-4.76
2025-06-29,M04,OnHandSnapshot,112.94
2025-06-30,M04,OnHandSnapshot,112.94
2025-07-01,M04,Consumption,-6.05
2025-07-01,M04,OnHandSnapshot,106.89
2025-07-02,M04,Consumption,-4.5
2025-07-02,M04,OnHandSnapshot,102.39
2025-07-03,M04,Consumption,-7.29
2025-07-03,M04,OnHandSnapshot,95.1
2025-07-04,M04,OnHandSnapshot,95.1
2025-07-05,M04,Consumption,-2.76
2025-07-05,M04,OnHandSnapshot,92.34
2025-07-06,M04,OnHandSnapshot,92.34
2025-07-07,M04,Consumption,-3.96
2025-07-07,M04,OnHandSnapshot,88.38
2025-07-08,M04,Consumption,-8.74
2025-07-08,M04,OnHandSnapshot,79.64
2025-07-09,M04,Consumption,-9.66
2025-07-09,M04,OnHandSnapshot,69.98
2025-07-10,M04,OnHandSnapshot,69.98
2025-07-11,M04,Consumption,-1.44
2025-07-11,M04,OnHandSnapshot,68.54
2025-07-12,M04,Consumption,-12.95
2025-07-12,M04,OnHandSnapshot,55.59
2025-07-13,M04,Consumption,-6.2
2025-07-13,M04,OnHandSnapshot,49.39
2025-07-14,M04,Consumption,-2.7
2025-07-14,M04,OnHandSnapshot,46.69
2025-07-15,M04,Consumption,-6.9
2025-07-15,M04,OnHandSnapshot,39.79
2025-07-16,M04,OnHandSnapshot,39.79
2025-07-17,M04,Receipt,86.58
2025-07-17,M04,Consumption,-0.17
2025-07-17,M04,OnHandSnapshot,126.19
2025-07-18,M04,OnHandSnapshot,126.19
2025-07-19,M04,Consumption,-13.75
2025-07-19,M04,OnHandSnapshot,112.45
2025-07-20,M04,Consumption,-12.81
2025-07-20,M04,OnHandSnapshot,99.64
2025-07-21,M04,OnHandSnapshot,99.64
2025-07-22,M04,OnHandSnapshot,99.64
2025-07-23,M04,Consumption,-7.85
2025-07-23,M04,OnHandSnapshot,91.79
2025-07-24,M04,Consumption,-0.2
2025-07-24,M04,OnHandSnapshot,91.59
2025-07-25,M04,OnHandSnapshot,91.59
2025-07-26,M04,Consumption,-1.09
2025-07-26,M04,OnHandSnapshot,90.5
2025-07-27,M04,Consumption,-7.28
2025-07-27,M04,OnHandSnapshot,83.22
2025-07-28,M04,Consumption,-3.26
2025-07-28,M04,OnHandSnapshot,79.97
2025-07-29,M04,Consumption,-0.94
2025-07-29,M04,OnHandSnapshot,79.02
2025-07-30,M04,OnHandSnapshot,79.02
2025-07-31,M04,Consumption,-3.17
2025-07-31,M04,OnHandSnapshot,75.85
2025-08-01,M04,Consumption,-9.11
2025-08-01,M04,OnHandSnapshot,66.74
2025-08-02,M04,OnHandSnapshot,66.74
2025-08-03,M04,Consumption,-0.84
2025-08-03,M04,OnHandSnapshot,65.91
2025-08-04,M04,Consumption,-9.11
2025-08-04,M04,OnHandSnapshot,56.8
2025-08-05,M04,OnHandSnapshot,56.8
2025-08-06,M04,Consumption,-8.98
2025-08-06,M04,OnHandSnapshot,47.82
2025-08-07,M04,Consumption,-0.12
2025-08-07,M04,OnHandSnapshot,47.7
2025-08-08,M04,OnHandSnapshot,47.7
2025-08-09,M04,Consumption,-9.97
2025-08-09,M04,OnHandSnapshot,37.73
2025-08-10,M04,Consumption,-0.1
2025-08-10,M04,OnHandSnapshot,37.63
2025-08-11,M04,OnHandSnapshot,37.63
2025-08-12,M04,Receipt,86.58
2025-08-12,M04,Consumption,-7.13
2025-08-12,M04,OnHandSnapshot,117.09
2025-08-13,M04,Consumption,-9.14
2025-08-13,M04,OnHandSnapshot,107.95
2025-08-14,M04,Consumption,-8.62
2025-08-14,M04,OnHandSnapshot,99.33
2025-08-15,M04,Consumption,-0.17
2025-08-15,M04,OnHandSnapshot,99.16
2025-08-16,M04,Consumption,-0.84
2025-08-16,M04,OnHandSnapshot,98.32
2025-08-17,M04,OnHandSnapshot,98.32
2025-08-18,M04,Consumption,-0.16
2025-08-18,M04,OnHandSnapshot,98.17
2025-08-19,M04,OnHandSnapshot,98.17
2025-08-20,M04,Consumption,-6.21
2025-08-20,M04,OnHandSnapshot,91.96
2025-08-21,M04,Consumption,-0.23
2025-08-21,M04,OnHandSnapshot,91.73
2025-08-22,M04,Consumption,-8.97
2025-08-22,M04,OnHandSnapshot,82.76
2025-08-23,M04,Consumption,-8.01
2025-08-23,M04,OnHandSnapshot,74.75
2025-08-24,M04,Consumption,-8.46
2025-08-24,M04,OnHandSnapshot,66.29
2025-08-25,M04,Consumption,-4.41
2025-08-25,M04,OnHandSnapshot,61.88
2025-08-26,M04,Consumption,-22.72
2025-08-26,M04,OnHandSnapshot,39.16
2025-08-27,M04,OnHandSnapshot,39.16
2025-08-28,M04,OnHandSnapshot,39.16
2025-08-29,M04,Consumption,-0.72
2025-08-29,M04,OnHandSnapshot,38.44
2025-08-30,M04,OnHandSnapshot,38.44
2025-08-31,M04,Receipt,86.58
2025-08-31,M04,OnHandSnapshot,125.02
2025-09-01,M04,OnHandSnapshot,125.02
2025-09-02,M04,Consumption,-1.97
2025-09-02,M04,OnHandSnapshot,123.05
2025-09-03,M04,Consumption,-16.99
2025-09-03,M04,OnHandSnapshot,106.05
2025-09-04,M04,OnHandSnapshot,106.05
2025-09-05,M04,OnHandSnapshot,106.05
2025-09-06,M04,OnHandSnapshot,106.05
2025-09-07,M04,Consumption,-2.62
2025-09-07,M04,OnHandSnapshot,103.43
2025-09-08,M04,OnHandSnapshot,103.43
2025-09-09,M04,Consumption,-4.48
2025-09-09,M04,OnHandSnapshot,98.94
2025-09-10,M04,Consumption,-4.14
2025-09-10,M04,OnHandSnapshot,94.8
2025-09-11,M04,OnHandSnapshot,94.8
2025-09-12,M04,Consumption,-0.5
2025-09-12,M04,OnHandSnapshot,94.31
2025-09-13,M04,OnHandSnapshot,94.31
2025-09-14,M04,Consumption,-0.87
2025-09-14,M04,OnHandSnapshot,93.44
2025-09-15,M04,Consumption,-7.0
2025-09-15,M04,OnHandSnapshot,86.44
2025-09-16,M04,Consumption,-4.14
2025-09-16,M04,OnHandSnapshot,82.3
2025-09-17,M04,Consumption,-0.09
2025-09-17,M04,OnHandSnapshot,82.21
2025-09-18,M04,Consumption,-0.31
2025-09-18,M04,OnHandSnapshot,81.9
2025-09-19,M04,OnHandSnapshot,81.9
2025-09-20,M04,OnHandSnapshot,81.9
2025-09-21,M04,Consumption,-6.25
2025-09-21,M04,OnHandSnapshot,75.64
2025-09-22,M04,OnHandSnapshot,75.64
2025-09-23,M04,Consumption,-1.13
2025-09-23,M04,OnHandSnapshot,74.51
2025-09-24,M04,Consumption,-0.81
2025-09-24,M04,OnHandSnapshot,73.7
2025-09-25,M04,Consumption,-0.54
2025-09-25,M04,OnHandSnapshot,73.16
2025-09-26,M04,OnHandSnapshot,73.16
2025-09-27,M04,Consumption,-9.9
2025-09-27,M04,OnHandSnapshot,63.26
2025-09-28,M04,Consumption,-4.85
2025-09-28,M04,OnHandSnapshot,58.41
2025-09-29,M04,Consumption,-7.0
2025-09-29,M04,OnHandSnapshot,51.41
2025-09-30,M04,Consumption,-10.89
2025-09-30,M04,OnHandSnapshot,40.52
2025-10-01,M04,Consumption,-9.73
2025-10-01,M04,OnHandSnapshot,30.78
2025-10-02,M04,Consumption,-0.27
2025-10-02,M04,OnHandSnapshot,30.51
2025-10-03,M04,Receipt,86.58
2025-10-03,M04,Consumption,-6.21
2025-10-03,M04,OnHandSnapshot,110.88
2025-10-04,M04,Consumption,-12.06
2025-10-04,M04,OnHandSnapshot,98.82
2025-10-05,M04,Consumption,-3.48
2025-10-05,M04,OnHandSnapshot,95.35
2025-10-06,M04,OnHandSnapshot,95.35
2025-10-07,M04,OnHandSnapshot,95.35
2025-10-08,M04,Consumption,-3.88
2025-10-08,M04,OnHandSnapshot,91.47
2025-10-09,M04,OnHandSnapshot,91.47
2025-10-10,M04,Consumption,-1.26
2025-10-10,M04,OnHandSnapshot,90.21
2025-10-11,M04,Consumption,-2.11
2025-10-11,M04,OnHandSnapshot,88.1
2025-10-12,M04,OnHandSnapshot,88.1
2025-10-13,M04,Consumption,-10.4
2025-10-13,M04,OnHandSnapshot,77.69
2025-10-14,M04,OnHandSnapshot,77.69
2025-10-15,M04,OnHandSnapshot,77.69
2025-10-16,M04,Consumption,-0.62
2025-10-16,M04,OnHandSnapshot,77.07
2025-10-17,M04,Consumption,-6.48
2025-10-17,M04,OnHandSnapshot,70.59
2025-10-18,M04,Consumption,-6.59
2025-10-18,M04,OnHandSnapshot,64.0
2025-10-19,M04,Consumption,-6.0
2025-10-19,M04,OnHandSnapshot,58.0
2025-10-20,M04,Consumption,-4.42
2025-10-20,M04,OnHandSnapshot,53.58
2025-10-21,M04,Consumption,-0.1
2025-10-21,M04,OnHandSnapshot,53.48
2025-10-22,M04,Consumption,-3.04
2025-10-22,M04,OnHandSnapshot,50.44
2025-10-23,M04,Consumption,-11.21
2025-10-23,M04,OnHandSnapshot,39.22
2025-10-24,M04,Consumption,-2.84
2025-10-24,M04,OnHandSnapshot,36.39
2025-10-25,M04,OnHandSnapshot,36.39
2025-10-26,M04,OnHandSnapshot,36.39
2025-10-27,M04,Receipt,86.58
2025-10-27,M04,Consumption,-1.35
2025-10-27,M04,OnHandSnapshot,121.62
2025-10-28,M04,OnHandSnapshot,121.62
2025-10-29,M04,Consumption,-17.87
2025-10-29,M04,OnHandSnapshot,103.76
2025-10-30,M04,Consumption,-3.96
2025-10-30,M04,OnHandSnapshot,99.8
2025-10-31,M04,OnHandSnapshot,99.8
2025-11-01,M04,Consumption,-8.37
2025-11-01,M04,OnHandSnapshot,91.43
2025-11-02,M04,Consumption,-14.53
2025-11-02,M04,OnHandSnapshot,76.9
2025-11-03,M04,Consumption,-1.26
2025-11-03,M04,OnHandSnapshot,75.64
2025-11-04,M04,OnHandSnapshot,75.64
2025-11-05,M04,Consumption,-4.32
2025-11-05,M04,OnHandSnapshot,71.32
2025-11-06,M04,Consumption,-9.5
2025-11-06,M04,OnHandSnapshot,61.82
2025-11-07,M04,OnHandSnapshot,61.82
2025-11-08,M04,Consumption,-7.56
2025-11-08,M04,OnHandSnapshot,54.26
2025-11-09,M04,Consumption,-3.59
2025-11-09,M04,OnHandSnapshot,50.66
2025-11-10,M04,Consumption,-2.09
2025-11-10,M04,OnHandSnapshot,48.57
2025-11-11,M04,Consumption,-2.09
2025-11-11,M04,OnHandSnapshot,46.48
2025-11-12,M04,Receipt,86.58
2025-11-12,M04,Consumption,-9.32
2025-11-12,M04,OnHandSnapshot,123.75
2025-11-13,M04,Consumption,-5.06
2025-11-13,M04,OnHandSnapshot,118.69
2025-11-14,M04,OnHandSnapshot,118.69
2025-11-15,M04,OnHandSnapshot,118.69
2025-11-16,M04,Consumption,-5.5
2025-11-16,M04,OnHandSnapshot,113.18
2025-11-17,M04,OnHandSnapshot,113.18
2025-11-18,M04,Consumption,-9.5
2025-11-18,M04,OnHandSnapshot,103.68
2025-11-19,M04,Consumption,-0.5
2025-11-19,M04,OnHandSnapshot,103.18
2025-11-20,M04,OnHandSnapshot,103.18
2025-11-21,M04,Consumption,-7.4
2025-11-21,M04,OnHandSnapshot,95.78
2025-11-22,M04,Consumption,-23.01
2025-11-22,M04,OnHandSnapshot,72.77
2025-11-23,M04,Consumption,-8.72
2025-11-23,M04,OnHandSnapshot,64.05
2025-11-24,M04,OnHandSnapshot,64.05
2025-11-25,M04,Consumption,-0.1
2025-11-25,M04,OnHandSnapshot,63.96
2025-11-26,M04,Consumption,-0.56
2025-11-26,M04,OnHandSnapshot,63.4
2025-11-27,M04,Consumption,-10.45
2025-11-27,M04,OnHandSnapshot,52.95
2025-11-28,M04,Consumption,-9.32
2025-11-28,M04,OnHandSnapshot,43.63
2025-11-29,M04,Consumption,-3.79
2025-11-29,M04,OnHandSnapshot,39.85
2025-11-30,M04,Receipt,86.58
2025-11-30,M04,OnHandSnapshot,126.43
2025-12-01,M04,Consumption,-4.32
2025-12-01,M04,OnHandSnapshot,122.11
2025-12-02,M04,OnHandSnapshot,122.11
2025-12-03,M04,Consumption,-2.1
2025-12-03,M04,OnHandSnapshot,120.01
2025-12-04,M04,Consumption,-0.1
2025-12-04,M04,OnHandSnapshot,119.91
2025-12-05,M04,OnHandSnapshot,119.91
2025-12-06,M04,Consumption,-4.27
2025-12-06,M04,OnHandSnapshot,115.64
2025-12-07,M04,Consumption,-3.38
2025-12-07,M04,OnHandSnapshot,112.27
2025-12-08,M04,Consumption,-4.64
2025-12-08,M04,OnHandSnapshot,107.63
2025-12-09,M04,Consumption,-3.96
2025-12-09,M04,OnHandSnapshot,103.67
2025-12-10,M04,OnHandSnapshot,103.67
2025-12-11,M04,OnHandSnapshot,103.67
2025-12-12,M04,OnHandSnapshot,103.67
2025-12-13,M04,Consumption,-1.07
2025-12-13,M04,OnHandSnapshot,102.6
2025-12-14,M04,Consumption,-1.03
2025-12-14,M04,OnHandSnapshot,101.57
2025-12-15,M04,OnHandSnapshot,101.57
2025-12-16,M04,Consumption,-0.5
2025-12-16,M04,OnHandSnapshot,101.07
2025-12-17,M04,Consumption,-11.36
2025-12-17,M04,OnHandSnapshot,89.71
2025-12-18,M04,Consumption,-10.29
2025-12-18,M04,OnHandSnapshot,79.42
2025-12-19,M04,Consumption,-0.11
2025-12-19,M04,OnHandSnapshot,79.3
2025-12-20,M04,Consumption,-1.18
2025-12-20,M04,OnHandSnapshot,78.13
2025-12-21,M04,Consumption,-17.03
2025-12-21,M04,OnHandSnapshot,61.09
2025-12-22,M04,Consumption,-0.58
2025-12-22,M04,OnHandSnapshot,60.51
2025-12-23,M04,Consumption,-6.78
2025-12-23,M04,OnHandSnapshot,53.73
2025-12-24,M04,Consumption,-0.86
2025-12-24,M04,OnHandSnapshot,52.87
2025-12-25,M04,Consumption,-7.29
2025-12-25,M04,OnHandSnapshot,45.58
2025-12-26,M04,Consumption,-0.1
2025-12-26,M04,OnHandSnapshot,45.48
2025-12-27,M04,Consumption,-3.24
2025-12-27,M04,OnHandSnapshot,42.24
2025-12-28,M04,OnHandSnapshot,42.24
2025-12-29,M04,Receipt,86.58
2025-12-29,M04,Consumption,-0.23
2025-12-29,M04,OnHandSnapshot,128.59
2025-12-30,M04,Consumption,-0.33
2025-12-30,M04,OnHandSnapshot,128.27
2025-12-31,M04,OnHandSnapshot,128.27
2024-01-01,M05,OnHandSnapshot,192.4
2024-01-02,M05,OnHandSnapshot,192.4
2024-01-03,M05,Consumption,-0.38
2024-01-03,M05,OnHandSnapshot,192.02
2024-01-04,M05,Consumption,-0.69
2024-01-04,M05,OnHandSnapshot,191.33
2024-01-05,M05,OnHandSnapshot,191.33
2024-01-06,M05,Consumption,-33.12
2024-01-06,M05,OnHandSnapshot,158.21
2024-01-07,M05,Receipt,384.8
2024-01-07,M05,Consumption,-32.43
2024-01-07,M05,OnHandSnapshot,510.59
2024-01-08,M05,Consumption,-6.48
2024-01-08,M05,OnHandSnapshot,504.11
2024-01-09,M05,Consumption,-23.64
2024-01-09,M05,OnHandSnapshot,480.47
2024-01-10,M05,Consumption,-10.44
2024-01-10,M05,OnHandSnapshot,470.03
2024-01-11,M05,OnHandSnapshot,470.03
2024-01-12,M05,OnHandSnapshot,470.03
2024-01-13,M05,OnHandSnapshot,470.03
2024-01-14,M05,OnHandSnapshot,470.03
2024-01-15,M05,Consumption,-26.64
2024-01-15,M05,OnHandSnapshot,443.39
2024-01-16,M05,Consumption,-10.58
2024-01-16,M05,OnHandSnapshot,432.81
2024-01-17,M05,Consumption,-0.92
2024-01-17,M05,OnHandSnapshot,431.89
2024-01-18,M05,Consumption,-26.84
2024-01-18,M05,OnHandSnapshot,405.05
2024-01-19,M05,OnHandSnapshot,405.05
2024-01-20,M05,Consumption,-0.64
2024-01-20,M05,OnHandSnapshot,404.41
2024-01-21,M05,Consumption,-11.62
2024-01-21,M05,OnHandSnapshot,392.79
2024-01-22,M05,Consumption,-24.84
2024-01-22,M05,OnHandSnapshot,367.95
2024-01-23,M05,OnHandSnapshot,367.95
2024-01-24,M05,Consumption,-59.29
2024-01-24,M05,OnHandSnapshot,308.66
2024-01-25,M05,OnHandSnapshot,308.66
2024-01-26,M05,OnHandSnapshot,308.66
2024-01-27,M05,OnHandSnapshot,308.66
2024-01-28,M05,Consumption,-9.0
2024-01-28,M05,OnHandSnapshot,299.66
2024-01-29,M05,Consumption,-27.12
2024-01-29,M05,OnHandSnapshot,272.54
2024-01-30,M05,OnHandSnapshot,272.54
2024-01-31,M05,Consumption,-2.88
2024-01-31,M05,OnHandSnapshot,269.66
2024-02-01,M05,Consumption,-4.83
2024-02-01,M05,OnHandSnapshot,264.83
2024-02-02,M05,OnHandSnapshot,264.83
2024-02-03,M05,OnHandSnapshot,264.83
2024-02-04,M05,OnHandSnapshot,264.83
2024-02-05,M05,Consumption,-22.35
2024-02-05,M05,OnHandSnapshot,242.48
2024-02-06,M05,OnHandSnapshot,242.48
2024-02-07,M05,Consumption,-11.66
2024-02-07,M05,OnHandSnapshot,230.82
2024-02-08,M05,Consumption,-28.44
2024-02-08,M05,OnHandSnapshot,202.38
2024-02-09,M05,OnHandSnapshot,202.38
2024-02-10,M05,Consumption,-5.89
2024-02-10,M05,OnHandSnapshot,196.49
2024-02-11,M05,Receipt,384.8
2024-02-11,M05,Consumption,-7.56
2024-02-11,M05,OnHandSnapshot,573.73
2024-02-12,M05,Consumption,-12.24
2024-02-12,M05,OnHandSnapshot,561.49
2024-02-13,M05,OnHandSnapshot,561.49
2024-02-14,M05,Consumption,-16.56
2024-02-14,M05,OnHandSnapshot,544.93
2024-02-15,M05,OnHandSnapshot,544.93
2024-02-16,M05,Consumption,-18.63
2024-02-16,M05,OnHandSnapshot,526.3
2024-02-17,M05,Consumption,-38.02
2024-02-17,M05,OnHandSnapshot,488.29
2024-02-18,M05,Consumption,-0.43
2024-02-18,M05,OnHandSnapshot,487.86
2024-02-19,M05,Consumption,-30.6
2024-02-19,M05,OnHandSnapshot,457.26
2024-02-20,M05,Consumption,-0.69
2024-02-20,M05,OnHandSnapshot,456.57
2024-02-21,M05,OnHandSnapshot,456.57
2024-02-22,M05,Consumption,-0.55
2024-02-22,M05,OnHandSnapshot,456.02
2024-02-23,M05,OnHandSnapshot,456.02
2024-02-24,M05,Consumption,-0.92
2024-02-24,M05,OnHandSnapshot,455.1
2024-02-25,M05,Consumption,-0.69
2024-02-25,M05,OnHandSnapshot,454.42
2024-02-26,M05,Consumption,-0.69
2024-02-26,M05,OnHandSnapshot,453.73
2024-02-27,M05,Consumption,-24.48
2024-02-27,M05,OnHandSnapshot,429.25
2024-02-28,M05,Consumption,-12.7
2024-02-28,M05,OnHandSnapshot,416.55
2024-02-29,M05,OnHandSnapshot,416.55
2024-03-01,M05,OnHandSnapshot,416.55
2024-03-02,M05,Consumption,-53.82
2024-03-02,M05,OnHandSnapshot,362.73
2024-03-03,M05,OnHandSnapshot,362.73
2024-03-04,M05,OnHandSnapshot,362.73
2024-03-05,M05,Consumption,-8.1
2024-03-05,M05,OnHandSnapshot,354.63
2024-03-06,M05,Consumption,-6.72
2024-03-06,M05,OnHandSnapshot,347.91
2024-03-07,M05,Consumption,-15.76
2024-03-07,M05,OnHandSnapshot,332.15
2024-03-08,M05,OnHandSnapshot,332.15
2024-03-09,M05,OnHandSnapshot,332.15
2024-03-10,M05,OnHandSnapshot,332.15
2024-03-11,M05,Consumption,-18.76
2024-03-11,M05,OnHandSnapshot,313.39
2024-03-12,M05,OnHandSnapshot,313.39
2024-03-13,M05,Consumption,-49.47
2024-03-13,M05,OnHandSnapshot,263.92
2024-03-14,M05,OnHandSnapshot,263.92
2024-03-15,M05,OnHandSnapshot,263.92
2024-03-16,M05,OnHandSnapshot,263.92
2024-03-17,M05,Consumption,-23.76
2024-03-17,M05,OnHandSnapshot,240.16
2024-03-18,M05,Consumption,-26.35
2024-03-18,M05,OnHandSnapshot,213.8
2024-03-19,M05,OnHandSnapshot,213.8
2024-03-20,M05,OnHandSnapshot,213.8
2024-03-21,M05,Consumption,-18.63
2024-03-21,M05,OnHandSnapshot,195.17
2024-03-22,M05,Consumption,-16.56
2024-03-22,M05,OnHandSnapshot,178.61
2024-03-23,M05,Consumption,-15.12
2024-03-23,M05,OnHandSnapshot,163.49
2024-03-24,M05,Consumption,-48.36
2024-03-24,M05,OnHandSnapshot,115.13
2024-03-25,M05,Receipt,384.8
2024-03-25,M05,Consumption,-0.77
2024-03-25,M05,OnHandSnapshot,499.17
2024-03-26,M05,Consumption,-16.37
2024-03-26,M05,OnHandSnapshot,482.8
2024-03-27,M05,OnHandSnapshot,482.8
2024-03-28,M05,Consumption,-10.8
2024-03-28,M05,OnHandSnapshot,472.0
2024-03-29,M05,OnHandSnapshot,472.0
2024-03-30,M05,Consumption,-34.94
2024-03-30,M05,OnHandSnapshot,437.06
2024-03-31,M05,OnHandSnapshot,437.06
2024-04-01,M05,Consumption,-3.35
2024-04-01,M05,OnHandSnapshot,433.7
2024-04-02,M05,OnHandSnapshot,433.7
2024-04-03,M05,Consumption,-8.1
2024-04-03,M05,OnHandSnapshot,425.6
2024-04-04,M05,OnHandSnapshot,425.6
2024-04-05,M05,OnHandSnapshot,425.6
2024-04-06,M05,OnHandSnapshot,425.6
2024-04-07,M05,Consumption,-24.84
2024-04-07,M05,OnHandSnapshot,400.76
2024-04-08,M05,OnHandSnapshot,400.76
2024-04-09,M05,Consumption,-38.93
2024-04-09,M05,OnHandSnapshot,361.83
2024-04-10,M05,OnHandSnapshot,361.83
2024-04-11,M05,OnHandSnapshot,361.83
2024-04-12,M05,OnHandSnapshot,361.83
2024-04-13,M05,Consumption,-4.62
2024-04-13,M05,OnHandSnapshot,357.21
2024-04-14,M05,OnHandSnapshot,357.21
2024-04-15,M05,OnHandSnapshot,357.21
2024-04-16,M05,OnHandSnapshot,357.21
2024-04-17,M05,OnHandSnapshot,357.21
2024-04-18,M05,Consumption,-24.39
2024-04-18,M05,OnHandSnapshot,332.82
2024-04-19,M05,Consumption,-0.75
2024-04-19,M05,OnHandSnapshot,332.07
2024-04-20,M05,OnHandSnapshot,332.07
2024-04-21,M05,OnHandSnapshot,332.07
2024-04-22,M05,OnHandSnapshot,332.07
2024-04-23,M05,Consumption,-20.7
2024-04-23,M05,OnHandSnapshot,311.37
2024-04-24,M05,OnHandSnapshot,311.37
2024-04-25,M05,OnHandSnapshot,311.37
2024-04-26,M05,OnHandSnapshot,311.37
2024-04-27,M05,Consumption,-0.69
2024-04-27,M05,OnHandSnapshot,310.69
2024-04-28,M05,OnHandSnapshot,310.69
2024-04-29,M05,Consumption,-0.69
2024-04-29,M05,OnHandSnapshot,310.0
2024-04-30,M05,Consumption,-8.37
2024-04-30,M05,OnHandSnapshot,301.63
2024-05-01,M05,Consumption,-34.99
2024-05-01,M05,OnHandSnapshot,266.63
2024-05-02,M05,Consumption,-10.03
2024-05-02,M05,OnHandSnapshot,256.6
2024-05-03,M05,OnHandSnapshot,256.6
2024-05-04,M05,Consumption,-15.18
2024-05-04,M05,OnHandSnapshot,241.42
2024-05-05,M05,Consumption,-32.4
2024-05-05,M05,OnHandSnapshot,209.02
2024-05-06,M05,Consumption,-5.52
2024-05-06,M05,OnHandSnapshot,203.5
2024-05-07,M05,Consumption,-12.96
2024-05-07,M05,OnHandSnapshot,190.54
2024-05-08,M05,Consumption,-0.38
2024-05-08,M05,OnHandSnapshot,190.16
2024-05-09,M05,Consumption,-42.6
2024-05-09,M05,OnHandSnapshot,147.56
2024-05-10,M05,Consumption,-10.44
2024-05-10,M05,OnHandSnapshot,137.12
2024-05-11,M05,Receipt,384.8
2024-05-11,M05,Consumption,-31.68
2024-05-11,M05,OnHandSnapshot,490.24
2024-05-12,M05,Consumption,-13.11
2024-05-12,M05,OnHandSnapshot,477.13
2024-05-13,M05,Consumption,-8.79
2024-05-13,M05,OnHandSnapshot,468.34
2024-05-14,M05,OnHandSnapshot,468.34
2024-05-15,M05,Consumption,-24.57
2024-05-15,M05,OnHandSnapshot,443.77
2024-05-16,M05,Consumption,-48.44
2024-05-16,M05,OnHandSnapshot,395.33
2024-05-17,M05,Consumption,-30.37
2024-05-17,M05,OnHandSnapshot,364.96
2024-05-18,M05,Consumption,-23.76
2024-05-18,M05,OnHandSnapshot,341.2
2024-05-19,M05,Consumption,-0.69
2024-05-19,M05,OnHandSnapshot,340.51
2024-05-20,M05,OnHandSnapshot,340.51
2024-05-21,M05,OnHandSnapshot,340.51
2024-05-22,M05,OnHandSnapshot,340.51
2024-05-23,M05,Consumption,-1.61
2024-05-23,M05,OnHandSnapshot,338.89
2024-05-24,M05,Consumption,-34.5
2024-05-24,M05,OnHandSnapshot,304.39
2024-05-25,M05,Consumption,-18.63
2024-05-25,M05,OnHandSnapshot,285.76
2024-05-26,M05,Consumption,-10.8
2024-05-26,M05,OnHandSnapshot,274.96
2024-05-27,M05,Consumption,-29.46
2024-05-27,M05,OnHandSnapshot,245.5
2024-05-28,M05,Consumption,-4.33
2024-05-28,M05,OnHandSnapshot,241.17
2024-05-29,M05,Consumption,-4.05
2024-05-29,M05,OnHandSnapshot,237.12
2024-05-30,M05,OnHandSnapshot,237.12
2024-05-31,M05,Consumption,-17.4
2024-05-31,M05,OnHandSnapshot,219.72
2024-06-01,M05,OnHandSnapshot,219.72
2024-06-02,M05,Receipt,384.8
2024-06-02,M05,OnHandSnapshot,604.53
2024-06-03,M05,Consumption,-16.37
2024-06-03,M05,OnHandSnapshot,588.16
2024-06-04,M05,OnHandSnapshot,588.16
2024-06-05,M05,Consumption,-36.43
2024-06-05,M05,OnHandSnapshot,551.73
2024-06-06,M05,Consumption,-9.24
2024-06-06,M05,OnHandSnapshot,542.49
2024-06-07,M05,OnHandSnapshot,542.49
2024-06-08,M05,Consumption,-0.64
2024-06-08,M05,OnHandSnapshot,541.85
2024-06-09,M05,Consumption,-6.33
2024-06-09,M05,OnHandSnapshot,535.52
2024-06-10,M05,OnHandSnapshot,535.52
2024-06-11,M05,Consumption,-26.23
2024-06-11,M05,OnHandSnapshot,509.29
2024-06-12,M05,OnHandSnapshot,509.29
2024-06-13,M05,Consumption,-23.05
2024-06-13,M05,OnHandSnapshot,486.24
2024-06-14,M05,Consumption,-3.48
2024-06-14,M05,OnHandSnapshot,482.77
2024-06-15,M05,Consumption,-16.5
2024-06-15,M05,OnHandSnapshot,466.27
2024-06-16,M05,Consumption,-49.44
2024-06-16,M05,OnHandSnapshot,416.83
2024-06-17,M05,Consumption,-7.2
2024-06-17,M05,OnHandSnapshot,409.63
2024-06-18,M05,OnHandSnapshot,409.63
2024-06-19,M05,Consumption,-15.18
2024-06-19,M05,OnHandSnapshot,394.45
2024-06-20,M05,Consumption,-0.92
2024-06-20,M05,OnHandSnapshot,393.53
2024-06-21,M05,Consumption,-2.76
2024-06-21,M05,OnHandSnapshot,390.77
2024-06-22,M05,Consumption,-59.4
2024-06-22,M05,OnHandSnapshot,331.37
2024-06-23,M05,Consumption,-58.22
2024-06-23,M05,OnHandSnapshot,273.14
2024-06-24,M05,Consumption,-22.57
2024-06-24,M05,OnHandSnapshot,250.57
2024-06-25,M05,Consumption,-26.76
2024-06-25,M05,OnHandSnapshot,223.81
2024-06-26,M05,Consumption,-30.33
2024-06-26,M05,OnHandSnapshot,193.48
2024-06-27,M05,OnHandSnapshot,193.48
2024-06-28,M05,Consumption,-3.6
2024-06-28,M05,OnHandSnapshot,189.88
2024-06-29,M05,OnHandSnapshot,189.88
2024-06-30,M05,Receipt,384.8
2024-06-30,M05,Consumption,-45.79
2024-06-30,M05,OnHandSnapshot,528.9
2024-07-01,M05,OnHandSnapshot,528.9
2024-07-02,M05,Consumption,-7.92
2024-07-02,M05,OnHandSnapshot,520.98
2024-07-03,M05,Consumption,-38.64
2024-07-03,M05,OnHandSnapshot,482.34
2024-07-04,M05,Consumption,-10.08
2024-07-04,M05,OnHandSnapshot,472.26
2024-07-05,M05,Consumption,-18.72
2024-07-05,M05,OnHandSnapshot,453.54
2024-07-06,M05,Consumption,-10.8
2024-07-06,M05,OnHandSnapshot,442.74
2024-07-07,M05,OnHandSnapshot,442.74
2024-07-08,M05,Consumption,-6.32
2024-07-08,M05,OnHandSnapshot,436.42
2024-07-09,M05,Consumption,-2.24
2024-07-09,M05,OnHandSnapshot,434.18
2024-07-10,M05,OnHandSnapshot,434.18
2024-07-11,M05,Consumption,-57.48
2024-07-11,M05,OnHandSnapshot,376.7
2024-07-12,M05,OnHandSnapshot,376.7
2024-07-13,M05,OnHandSnapshot,376.7
2024-07-14,M05,Consumption,-19.7
2024-07-14,M05,OnHandSnapshot,357.0
2024-07-15,M05,OnHandSnapshot,357.0
2024-07-16,M05,Consumption,-13.52
2024-07-16,M05,OnHandSnapshot,343.48
2024-07-17,M05,Consumption,-1.26
2024-07-17,M05,OnHandSnapshot,342.23
2024-07-18,M05,Consumption,-30.36
2024-07-18,M05,OnHandSnapshot,311.87
2024-07-19,M05,OnHandSnapshot,311.87
2024-07-20,M05,OnHandSnapshot,311.87
2024-07-21,M05,OnHandSnapshot,311.87
2024-07-22,M05,Consumption,-1.3
2024-07-22,M05,OnHandSnapshot,310.56
2024-07-23,M05,OnHandSnapshot,310.56
2024-07-24,M05,Consumption,-3.9
2024-07-24,M05,OnHandSnapshot,306.66
2024-07-25,M05,Consumption,-6.9
2024-07-25,M05,OnHandSnapshot,299.76
2024-07-26,M05,OnHandSnapshot,299.76
2024-07-27,M05,Consumption,-33.3
2024-07-27,M05,OnHandSnapshot,266.46
2024-07-28,M05,Consumption,-4.25
2024-07-28,M05,OnHandSnapshot,262.21
2024-07-29,M05,Consumption,-0.38
2024-07-29,M05,OnHandSnapshot,261.82
2024-07-30,M05,Consumption,-33.12
2024-07-30,M05,OnHandSnapshot,228.7
2024-07-31,M05,Consumption,-62.35
2024-07-31,M05,OnHandSnapshot,166.35
2024-08-01,M05,Consumption,-33.81
2024-08-01,M05,OnHandSnapshot,132.54
2024-08-02,M05,Consumption,-42.43
2024-08-02,M05,OnHandSnapshot,90.11
2024-08-03,M05,OnHandSnapshot,90.11
2024-08-04,M05,Consumption,-24.84
2024-08-04,M05,OnHandSnapshot,65.27
2024-08-05,M05,Consumption,-0.6
2024-08-05,M05,OnHandSnapshot,64.67
2024-08-06,M05,Consumption,-25.92
2024-08-06,M05,OnHandSnapshot,38.75
2024-08-07,M05,Receipt,384.8
2024-08-07,M05,OnHandSnapshot,423.56
2024-08-08,M05,Consumption,-25.92
2024-08-08,M05,OnHandSnapshot,397.64
2024-08-09,M05,Consumption,-1.3
2024-08-09,M05,OnHandSnapshot,396.33
2024-08-10,M05,Consumption,-38.56
2024-08-10,M05,OnHandSnapshot,357.77
2024-08-11,M05,Consumption,-16.56
2024-08-11,M05,OnHandSnapshot,341.21
2024-08-12,M05,OnHandSnapshot,341.21
2024-08-13,M05,Consumption,-15.84
2024-08-13,M05,OnHandSnapshot,325.37
2024-08-14,M05,OnHandSnapshot,325.37
2024-08-15,M05,OnHandSnapshot,325.37
2024-08-16,M05,OnHandSnapshot,325.37
2024-08-17,M05,Consumption,-40.32
2024-08-17,M05,OnHandSnapshot,285.05
2024-08-18,M05,Consumption,-30.42
2024-08-18,M05,OnHandSnapshot,254.63
2024-08-19,M05,Consumption,-2.97
2024-08-19,M05,OnHandSnapshot,251.66
2024-08-20,M05,OnHandSnapshot,251.66
2024-08-21,M05,Consumption,-15.84
2024-08-21,M05,OnHandSnapshot,235.82
2024-08-22,M05,Consumption,-29.14
2024-08-22,M05,OnHandSnapshot,206.69
2024-08-23,M05,Consumption,-11.19
2024-08-23,M05,OnHandSnapshot,195.5
2024-08-24,M05,Consumption,-37.26
2024-08-24,M05,OnHandSnapshot,158.24
2024-08-25,M05,OnHandSnapshot,158.24
2024-08-26,M05,OnHandSnapshot,158.24
2024-08-27,M05,Receipt,384.8
2024-08-27,M05,Consumption,-0.38
2024-08-27,M05,OnHandSnapshot,542.66
2024-08-28,M05,Consumption,-1.21
2024-08-28,M05,OnHandSnapshot,541.45
2024-08-29,M05,Consumption,-46.08
2024-08-29,M05,OnHandSnapshot,495.37
2024-08-30,M05,Consumption,-0.92
2024-08-30,M05,OnHandSnapshot,494.45
2024-08-31,M05,Consumption,-32.88
2024-08-31,M05,OnHandSnapshot,461.57
2024-09-01,M05,Consumption,-5.04
2024-09-01,M05,OnHandSnapshot,456.53
2024-09-02,M05,Consumption,-2.98
2024-09-02,M05,OnHandSnapshot,453.55
2024-09-03,M05,Consumption,-52.44
2024-09-03,M05,OnHandSnapshot,401.11
2024-09-04,M05,OnHandSnapshot,401.11
2024-09-05,M05,Consumption,-3.35
2024-09-05,M05,OnHandSnapshot,397.75
2024-09-06,M05,OnHandSnapshot,397.75
2024-09-07,M05,Consumption,-16.56
2024-09-07,M05,OnHandSnapshot,381.19
2024-09-08,M05,Consumption,-12.6
2024-09-08,M05,OnHandSnapshot,368.59
2024-09-09,M05,Consumption,-11.42
2024-09-09,M05,OnHandSnapshot,357.17
2024-09-10,M05,Consumption,-26.61
2024-09-10,M05,OnHandSnapshot,330.56
2024-09-11,M05,Consumption,-12.74
2024-09-11,M05,OnHandSnapshot,317.82
2024-09-12,M05,Consumption,-43.92
2024-09-12,M05,OnHandSnapshot,273.9
2024-09-13,M05,Consumption,-30.24
2024-09-13,M05,OnHandSnapshot,243.66
2024-09-14,M05,OnHandSnapshot,243.66
2024-09-15,M05,OnHandSnapshot,243.66
2024-09-16,M05,Consumption,-12.51
2024-09-16,M05,OnHandSnapshot,231.15
2024-09-17,M05,Consumption,-15.84
2024-09-17,M05,OnHandSnapshot,215.31
2024-09-18,M05,Consumption,-0.53
2024-09-18,M05,OnHandSnapshot,214.77
2024-09-19,M05,Receipt,384.8
2024-09-19,M05,Consumption,-26.3
2024-09-19,M05,OnHandSnapshot,573.28
2024-09-20,M05,Consumption,-0.28
2024-09-20,M05,OnHandSnapshot,573.0
2024-09-21,M05,Consumption,-32.76
2024-09-21,M05,OnHandSnapshot,540.24
2024-09-22,M05,Consumption,-0.69
2024-09-22,M05,OnHandSnapshot,539.55
2024-09-23,M05,Consumption,-1.49
2024-09-23,M05,OnHandSnapshot,538.06
2024-09-24,M05,Consumption,-18.72
2024-09-24,M05,OnHandSnapshot,519.34
2024-09-25,M05,Consumption,-4.32
2024-09-25,M05,OnHandSnapshot,515.02
2024-09-26,M05,OnHandSnapshot,515.02
2024-09-27,M05,Consumption,-11.09
2024-09-27,M05,OnHandSnapshot,503.94
2024-09-28,M05,OnHandSnapshot,503.94
2024-09-29,M05,OnHandSnapshot,503.94
2024-09-30,M05,Consumption,-4.83
2024-09-30,M05,OnHandSnapshot,499.11
2024-10-01,M05,Consumption,-18.74
2024-10-01,M05,OnHandSnapshot,480.37
2024-10-02,M05,Consumption,-14.18
2024-10-02,M05,OnHandSnapshot,466.19
2024-10-03,M05,Consumption,-24.84
2024-10-03,M05,OnHandSnapshot,441.35
2024-10-04,M05,Consumption,-14.67
2024-10-04,M05,OnHandSnapshot,426.68
2024-10-05,M05,Consumption,-32.86
2024-10-05,M05,OnHandSnapshot,393.82
2024-10-06,M05,OnHandSnapshot,393.82
2024-10-07,M05,Consumption,-38.02
2024-10-07,M05,OnHandSnapshot,355.81
2024-10-08,M05,Consumption,-0.92
2024-10-08,M05,OnHandSnapshot,354.89
2024-10-09,M05,Consumption,-7.14
2024-10-09,M05,OnHandSnapshot,347.75
2024-10-10,M05,Consumption,-0.38
2024-10-10,M05,OnHandSnapshot,347.37
2024-10-11,M05,Consumption,-1.3
2024-10-11,M05,OnHandSnapshot,346.06
2024-10-12,M05,Consumption,-0.92
2024-10-12,M05,OnHandSnapshot,345.14
2024-10-13,M05,Consumption,-20.6
2024-10-13,M05,OnHandSnapshot,324.54
2024-10-14,M05,OnHandSnapshot,324.54
2024-10-15,M05,Consumption,-12.18
2024-10-15,M05,OnHandSnapshot,312.36
2024-10-16,M05,OnHandSnapshot,312.36
2024-10-17,M05,OnHandSnapshot,312.36
2024-10-18,M05,OnHandSnapshot,312.36
2024-10-19,M05,Consumption,-1.06
2024-10-19,M05,OnHandSnapshot,311.3
2024-10-20,M05,Consumption,-25.01
2024-10-20,M05,OnHandSnapshot,286.29
2024-10-21,M05,Consumption,-7.56
2024-10-21,M05,OnHandSnapshot,278.73
2024-10-22,M05,Consumption,-16.56
2024-10-22,M05,OnHandSnapshot,262.17
2024-10-23,M05,Consumption,-1.3
2024-10-23,M05,OnHandSnapshot,260.87
2024-10-24,M05,Consumption,-20.59
2024-10-24,M05,OnHandSnapshot,240.27
2024-10-25,M05,Consumption,-1.16
2024-10-25,M05,OnHandSnapshot,239.11
2024-10-26,M05,OnHandSnapshot,239.11
2024-10-27,M05,OnHandSnapshot,239.11
2024-10-28,M05,OnHandSnapshot,239.11
2024-10-29,M05,Receipt,384.8
2024-10-29,M05,Consumption,-52.42
2024-10-29,M05,OnHandSnapshot,571.5
2024-10-30,M05,Consumption,-19.01
2024-10-30,M05,OnHandSnapshot,552.48
2024-10-31,M05,OnHandSnapshot,552.48
2024-11-01,M05,Consumption,-8.1
2024-11-01,M05,OnHandSnapshot,544.38
2024-11-02,M05,OnHandSnapshot,544.38
2024-11-03,M05,Consumption,-8.64
2024-11-03,M05,OnHandSnapshot,535.74
2024-11-04,M05,Consumption,-26.65
2024-11-04,M05,OnHandSnapshot,509.1
2024-11-05,M05,Consumption,-1.3
2024-11-05,M05,OnHandSnapshot,507.79
2024-11-06,M05,OnHandSnapshot,507.79
2024-11-07,M05,Consumption,-15.87
2024-11-07,M05,OnHandSnapshot,491.92
2024-11-08,M05,OnHandSnapshot,491.92
2024-11-09,M05,Consumption,-11.52
2024-11-09,M05,OnHandSnapshot,480.4
2024-11-10,M05,OnHandSnapshot,480.4
2024-11-11,M05,OnHandSnapshot,480.4
2024-11-12,M05,Consumption,-13.02
2024-11-12,M05,OnHandSnapshot,467.38
2024-11-13,M05,Consumption,-23.28
2024-11-13,M05,OnHandSnapshot,444.1
2024-11-14,M05,Consumption,-44.21
2024-11-14,M05,OnHandSnapshot,399.89
2024-11-15,M05,Consumption,-18.63
2024-11-15,M05,OnHandSnapshot,381.26
2024-11-16,M05,Consumption,-11.88
2024-11-16,M05,OnHandSnapshot,369.38
2024-11-17,M05,OnHandSnapshot,369.38
2024-11-18,M05,OnHandSnapshot,369.38
2024-11-19,M05,OnHandSnapshot,369.38
2024-11-20,M05,Consumption,-0.28
2024-11-20,M05,OnHandSnapshot,369.1
2024-11-21,M05,OnHandSnapshot,369.1
2024-11-22,M05,OnHandSnapshot,369.1
2024-11-23,M05,Consumption,-87.29
2024-11-23,M05,OnHandSnapshot,281.81
2024-11-24,M05,Consumption,-0.31
2024-11-24,M05,OnHandSnapshot,281.51
2024-11-25,M05,OnHandSnapshot,281.51
2024-11-26,M05,Consumption,-0.92
2024-11-26,M05,OnHandSnapshot,280.59
2024-11-27,M05,Consumption,-0.86
2024-11-27,M05,OnHandSnapshot,279.73
2024-11-28,M05,Consumption,-17.94
2024-11-28,M05,OnHandSnapshot,261.79
2024-11-29,M05,Consumption,-0.38
2024-11-29,M05,OnHandSnapshot,261.41
2024-11-30,M05,Consumption,-0.69
2024-11-30,M05,OnHandSnapshot,260.72
2024-12-01,M05,Consumption,-15.64
2024-12-01,M05,OnHandSnapshot,245.08
2024-12-02,M05,Consumption,-8.45
2024-12-02,M05,OnHandSnapshot,236.63
2024-12-03,M05,OnHandSnapshot,236.63
2024-12-04,M05,Consumption,-16.56
2024-12-04,M05,OnHandSnapshot,220.07
2024-12-05,M05,Consumption,-4.7
2024-12-05,M05,OnHandSnapshot,215.37
2024-12-06,M05,OnHandSnapshot,215.37
2024-12-07,M05,Consumption,-12.6
2024-12-07,M05,OnHandSnapshot,202.77
2024-12-08,M05,Receipt,384.8
2024-12-08,M05,Consumption,-63.93
2024-12-08,M05,OnHandSnapshot,523.64
2024-12-09,M05,OnHandSnapshot,523.64
2024-12-10,M05,Consumption,-27.38
2024-12-10,M05,OnHandSnapshot,496.27
2024-12-11,M05,Consumption,-2.24
2024-12-11,M05,OnHandSnapshot,494.02
2024-12-12,M05,Consumption,-8.1
2024-12-12,M05,OnHandSnapshot,485.92
2024-12-13,M05,Consumption,-19.32
2024-12-13,M05,OnHandSnapshot,466.6
2024-12-14,M05,OnHandSnapshot,466.6
2024-12-15,M05,OnHandSnapshot,466.6
2024-12-16,M05,OnHandSnapshot,466.6
2024-12-17,M05,Consumption,-52.57
2024-12-17,M05,OnHandSnapshot,414.03
2024-12-18,M05,Consumption,-57.7
2024-12-18,M05,OnHandSnapshot,356.33
2024-12-19,M05,Consumption,-17.25
2024-12-19,M05,OnHandSnapshot,339.08
2024-12-20,M05,Consumption,-10.8
2024-12-20,M05,OnHandSnapshot,328.28
2024-12-21,M05,OnHandSnapshot,328.28
2024-12-22,M05,Consumption,-0.64
2024-12-22,M05,OnHandSnapshot,327.64
2024-12-23,M05,Consumption,-34.85
2024-12-23,M05,OnHandSnapshot,292.79
2024-12-24,M05,Consumption,-47.46
2024-12-24,M05,OnHandSnapshot,245.33
2024-12-25,M05,Consumption,-37.64
2024-12-25,M05,OnHandSnapshot,207.69
2024-12-26,M05,Consumption,-19.68
2024-12-26,M05,OnHandSnapshot,188.01
2024-12-27,M05,Consumption,-8.45
2024-12-27,M05,OnHandSnapshot,179.56
2024-12-28,M05,Consumption,-11.25
2024-12-28,M05,OnHandSnapshot,168.31
2024-12-29,M05,OnHandSnapshot,168.31
2024-12-30,M05,Consumption,-47.29
2024-12-30,M05,OnHandSnapshot,121.02
2024-12-31,M05,Receipt,384.8
2024-12-31,M05,Consumption,-6.48
2024-12-31,M05,OnHandSnapshot,499.34
2025-01-01,M05,Consumption,-21.93
2025-01-01,M05,OnHandSnapshot,477.41
2025-01-02,M05,OnHandSnapshot,477.41
2025-01-03,M05,Consumption,-16.58
2025-01-03,M05,OnHandSnapshot,460.83
2025-01-04,M05,Consumption,-15.84
2025-01-04,M05,OnHandSnapshot,444.99
2025-01-05,M05,OnHandSnapshot,444.99
2025-01-06,M05,OnHandSnapshot,444.99
2025-01-07,M05,Consumption,-44.65
2025-01-07,M05,OnHandSnapshot,400.34
2025-01-08,M05,Consumption,-29.28
2025-01-08,M05,OnHandSnapshot,371.06
2025-01-09,M05,Consumption,-6.0
2025-01-09,M05,OnHandSnapshot,365.06
2025-01-10,M05,Consumption,-7.83
2025-01-10,M05,OnHandSnapshot,357.23
2025-01-11,M05,Consumption,-6.0
2025-01-11,M05,OnHandSnapshot,351.23
2025-01-12,M05,Consumption,-16.56
2025-01-12,M05,OnHandSnapshot,334.67
2025-01-13,M05,OnHandSnapshot,334.67
2025-01-14,M05,Consumption,-45.1
2025-01-14,M05,OnHandSnapshot,289.57
2025-01-15,M05,Consumption,-17.94
2025-01-15,M05,OnHandSnapshot,271.63
2025-01-16,M05,Consumption,-29.76
2025-01-16,M05,OnHandSnapshot,241.87
2025-01-17,M05,OnHandSnapshot,241.87
2025-01-18,M05,Consumption,-16.94
2025-01-18,M05,OnHandSnapshot,224.93
2025-01-19,M05,OnHandSnapshot,224.93
2025-01-20,M05,Consumption,-8.96
2025-01-20,M05,OnHandSnapshot,215.97
2025-01-21,M05,Consumption,-45.35
2025-01-21,M05,OnHandSnapshot,170.62
2025-01-22,M05,Consumption,-36.43
2025-01-22,M05,OnHandSnapshot,134.19
2025-01-23,M05,Receipt,384.8
2025-01-23,M05,OnHandSnapshot,518.99
2025-01-24,M05,OnHandSnapshot,518.99
2025-01-25,M05,OnHandSnapshot,518.99
2025-01-26,M05,Consumption,-57.55
2025-01-26,M05,OnHandSnapshot,461.44
2025-01-27,M05,Consumption,-37.17
2025-01-27,M05,OnHandSnapshot,424.28
2025-01-28,M05,Consumption,-25.28
2025-01-28,M05,OnHandSnapshot,399.0
2025-01-29,M05,Consumption,-10.08
2025-01-29,M05,OnHandSnapshot,388.92
2025-01-30,M05,Consumption,-0.69
2025-01-30,M05,OnHandSnapshot,388.23
2025-01-31,M05,OnHandSnapshot,388.23
2025-02-01,M05,Consumption,-0.38
2025-02-01,M05,OnHandSnapshot,387.85
2025-02-02,M05,OnHandSnapshot,387.85
2025-02-03,M05,Consumption,-42.22
2025-02-03,M05,OnHandSnapshot,345.63
2025-02-04,M05,Consumption,-19.56
2025-02-04,M05,OnHandSnapshot,326.07
2025-02-05,M05,Consumption,-16.37
2025-02-05,M05,OnHandSnapshot,309.7
2025-02-06,M05,Consumption,-12.6
2025-02-06,M05,OnHandSnapshot,297.1
2025-02-07,M05,Consumption,-1.35
2025-02-07,M05,OnHandSnapshot,295.75
2025-02-08,M05,Consumption,-18.0
2025-02-08,M05,OnHandSnapshot,277.75
2025-02-09,M05,Consumption,-0.38
2025-02-09,M05,OnHandSnapshot,277.37
2025-02-10,M05,OnHandSnapshot,277.37
2025-02-11,M05,Consumption,-33.12
2025-02-11,M05,OnHandSnapshot,244.25
2025-02-12,M05,Consumption,-12.6
2025-02-12,M05,OnHandSnapshot,231.65
2025-02-13,M05,Consumption,-3.74
2025-02-13,M05,OnHandSnapshot,227.91
2025-02-14,M05,OnHandSnapshot,227.91
2025-02-15,M05,OnHandSnapshot,227.91
2025-02-16,M05,Consumption,-16.56
2025-02-16,M05,OnHandSnapshot,211.35
2025-02-17,M05,Consumption,-1.3
2025-02-17,M05,OnHandSnapshot,210.04
2025-02-18,M05,Consumption,-4.24
2025-02-18,M05,OnHandSnapshot,205.81
2025-02-19,M05,Receipt,384.8
2025-02-19,M05,Consumption,-53.57
2025-02-19,M05,OnHandSnapshot,537.05
2025-02-20,M05,OnHandSnapshot,537.05
2025-02-21,M05,OnHandSnapshot,537.05
2025-02-22,M05,OnHandSnapshot,537.05
2025-02-23,M05,OnHandSnapshot,537.05
2025-02-24,M05,Consumption,-33.12
2025-02-24,M05,OnHandSnapshot,503.93
2025-02-25,M05,OnHandSnapshot,503.93
2025-02-26,M05,Consumption,-7.56
2025-02-26,M05,OnHandSnapshot,496.37
2025-02-27,M05,Consumption,-6.84
2025-02-27,M05,OnHandSnapshot,489.53
2025-02-28,M05,Consumption,-6.3
2025-02-28,M05,OnHandSnapshot,483.23
2025-03-01,M05,OnHandSnapshot,483.23
2025-03-02,M05,OnHandSnapshot,483.23
2025-03-03,M05,OnHandSnapshot,483.23
2025-03-04,M05,Consumption,-10.8
2025-03-04,M05,OnHandSnapshot,472.43
2025-03-05,M05,Consumption,-17.28
2025-03-05,M05,OnHandSnapshot,455.15
2025-03-06,M05,Consumption,-1.49
2025-03-06,M05,OnHandSnapshot,453.65
2025-03-07,M05,OnHandSnapshot,453.65
2025-03-08,M05,OnHandSnapshot,453.65
2025-03-09,M05,OnHandSnapshot,453.65
2025-03-10,M05,Consumption,-12.6
2025-03-10,M05,OnHandSnapshot,441.05
2025-03-11,M05,OnHandSnapshot,441.05
2025-03-12,M05,Consumption,-36.43
2025-03-12,M05,OnHandSnapshot,404.62
2025-03-13,M05,Consumption,-13.68
2025-03-13,M05,OnHandSnapshot,390.94
2025-03-14,M05,Consumption,-33.12
2025-03-14,M05,OnHandSnapshot,357.82
2025-03-15,M05,Consumption,-29.29
2025-03-15,M05,OnHandSnapshot,328.53
2025-03-16,M05,OnHandSnapshot,328.53
2025-03-17,M05,Consumption,-1.07
2025-03-17,M05,OnHandSnapshot,327.46
2025-03-18,M05,Consumption,-52.85
2025-03-18,M05,OnHandSnapshot,274.61
2025-03-19,M05,OnHandSnapshot,274.61
2025-03-20,M05,Consumption,-0.8
2025-03-20,M05,OnHandSnapshot,273.82
2025-03-21,M05,OnHandSnapshot,273.82
2025-03-22,M05,Consumption,-32.73
2025-03-22,M05,OnHandSnapshot,241.09
2025-03-23,M05,Consumption,-21.02
2025-03-23,M05,OnHandSnapshot,220.07
2025-03-24,M05,Consumption,-1.26
2025-03-24,M05,OnHandSnapshot,218.81
2025-03-25,M05,OnHandSnapshot,218.81
2025-03-26,M05,Consumption,-24.14
2025-03-26,M05,OnHandSnapshot,194.67
2025-03-27,M05,Consumption,-42.69
2025-03-27,M05,OnHandSnapshot,151.98
2025-03-28,M05,Consumption,-37.26
2025-03-28,M05,OnHandSnapshot,114.72
2025-03-29,M05,Receipt,384.8
2025-03-29,M05,OnHandSnapshot,499.52
2025-03-30,M05,OnHandSnapshot,499.52
2025-03-31,M05,Consumption,-12.18
2025-03-31,M05,OnHandSnapshot,487.34
2025-04-01,M05,Consumption,-11.27
2025-04-01,M05,OnHandSnapshot,476.07
2025-04-02,M05,Consumption,-0.38
2025-04-02,M05,OnHandSnapshot,475.69
2025-04-03,M05,Consumption,-26.42
2025-04-03,M05,OnHandSnapshot,449.27
2025-04-04,M05,Consumption,-16.56
2025-04-04,M05,OnHandSnapshot,432.71
2025-04-05,M05,Consumption,-18.95
2025-04-05,M05,OnHandSnapshot,413.76
2025-04-06,M05,OnHandSnapshot,413.76
2025-04-07,M05,Consumption,-43.29
2025-04-07,M05,OnHandSnapshot,370.46
2025-04-08,M05,Consumption,-20.88
2025-04-08,M05,OnHandSnapshot,349.58
2025-04-09,M05,Consumption,-25.89
2025-04-09,M05,OnHandSnapshot,323.69
2025-04-10,M05,OnHandSnapshot,323.69
2025-04-11,M05,Consumption,-5.28
2025-04-11,M05,OnHandSnapshot,318.41
2025-04-12,M05,OnHandSnapshot,318.41
2025-04-13,M05,Consumption,-34.56
2025-04-13,M05,OnHandSnapshot,283.85
2025-04-14,M05,Consumption,-21.6
2025-04-14,M05,OnHandSnapshot,262.25
2025-04-15,M05,OnHandSnapshot,262.25
2025-04-16,M05,Consumption,-29.76
2025-04-16,M05,OnHandSnapshot,232.49
2025-04-17,M05,OnHandSnapshot,232.49
2025-04-18,M05,Consumption,-52.33
2025-04-18,M05,OnHandSnapshot,180.16
2025-04-19,M05,OnHandSnapshot,180.16
2025-04-20,M05,OnHandSnapshot,180.16
2025-04-21,M05,Consumption,-25.04
2025-04-21,M05,OnHandSnapshot,155.12
2025-04-22,M05,OnHandSnapshot,155.12
2025-04-23,M05,Receipt,384.8
2025-04-23,M05,OnHandSnapshot,539.93
2025-04-24,M05,Consumption,-1.3
2025-04-24,M05,OnHandSnapshot,538.62
2025-04-25,M05,OnHandSnapshot,538.62
2025-04-26,M05,Consumption,-1.26
2025-04-26,M05,OnHandSnapshot,537.37
2025-04-27,M05,Consumption,-46.89
2025-04-27,M05,OnHandSnapshot,490.48
2025-04-28,M05,OnHandSnapshot,490.48
2025-04-29,M05,OnHandSnapshot,490.48
2025-04-30,M05,Consumption,-8.37
2025-04-30,M05,OnHandSnapshot,482.11
2025-05-01,M05,Consumption,-0.69
2025-05-01,M05,OnHandSnapshot,481.42
2025-05-02,M05,Consumption,-27.92
2025-05-02,M05,OnHandSnapshot,453.5
2025-05-03,M05,Consumption,-14.57
2025-05-03,M05,OnHandSnapshot,438.93
2025-05-04,M05,OnHandSnapshot,438.93
2025-05-05,M05,Consumption,-66.38
2025-05-05,M05,OnHandSnapshot,372.54
2025-05-06,M05,Consumption,-2.0
2025-05-06,M05,OnHandSnapshot,370.55
2025-05-07,M05,Consumption,-8.1
2025-05-07,M05,OnHandSnapshot,362.45
2025-05-08,M05,Consumption,-19.02
2025-05-08,M05,OnHandSnapshot,343.43
2025-05-09,M05,OnHandSnapshot,343.43
2025-05-10,M05,Consumption,-24.82
2025-05-10,M05,OnHandSnapshot,318.61
2025-05-11,M05,Consumption,-0.92
2025-05-11,M05,OnHandSnapshot,317.69
2025-05-12,M05,Consumption,-17.73
2025-05-12,M05,OnHandSnapshot,299.95
2025-05-13,M05,Consumption,-19.44
2025-05-13,M05,OnHandSnapshot,280.51
2025-05-14,M05,Consumption,-13.02
2025-05-14,M05,OnHandSnapshot,267.49
2025-05-15,M05,Consumption,-18.6
2025-05-15,M05,OnHandSnapshot,248.89
2025-05-16,M05,Consumption,-38.02
2025-05-16,M05,OnHandSnapshot,210.88
2025-05-17,M05,OnHandSnapshot,210.88
2025-05-18,M05,OnHandSnapshot,210.88
2025-05-19,M05,Consumption,-4.68
2025-05-19,M05,OnHandSnapshot,206.2
2025-05-20,M05,Consumption,-5.81
2025-05-20,M05,OnHandSnapshot,200.39
2025-05-21,M05,OnHandSnapshot,200.39
2025-05-22,M05,Receipt,384.8
2025-05-22,M05,Consumption,-18.0
2025-05-22,M05,OnHandSnapshot,567.19
2025-05-23,M05,OnHandSnapshot,567.19
2025-05-24,M05,Consumption,-17.25
2025-05-24,M05,OnHandSnapshot,549.95
2025-05-25,M05,OnHandSnapshot,549.95
2025-05-26,M05,OnHandSnapshot,549.95
2025-05-27,M05,OnHandSnapshot,549.95
2025-05-28,M05,Consumption,-20.59
2025-05-28,M05,OnHandSnapshot,529.35
2025-05-29,M05,Consumption,-21.6
2025-05-29,M05,OnHandSnapshot,507.75
2025-05-30,M05,Consumption,-16.56
2025-05-30,M05,OnHandSnapshot,491.19
2025-05-31,M05,Consumption,-46.24
2025-05-31,M05,OnHandSnapshot,444.96
2025-06-01,M05,Consumption,-3.35
2025-06-01,M05,OnHandSnapshot,441.6
2025-06-02,M05,Consumption,-16.56
2025-06-02,M05,OnHandSnapshot,425.04
2025-06-03,M05,Consumption,-17.49
2025-06-03,M05,OnHandSnapshot,407.56
2025-06-04,M05,OnHandSnapshot,407.56
2025-06-05,M05,OnHandSnapshot,407.56
2025-06-06,M05,Consumption,-0.69
2025-06-06,M05,OnHandSnapshot,406.87
2025-06-07,M05,Consumption,-30.96
2025-06-07,M05,OnHandSnapshot,375.91
2025-06-08,M05,Consumption,-8.1
2025-06-08,M05,OnHandSnapshot,367.81
2025-06-09,M05,Consumption,-51.92
2025-06-09,M05,OnHandSnapshot,315.89
2025-06-10,M05,OnHandSnapshot,315.89
2025-06-11,M05,Consumption,-25.92
2025-06-11,M05,OnHandSnapshot,289.97
2025-06-12,M05,OnHandSnapshot,289.97
2025-06-13,M05,OnHandSnapshot,289.97
2025-06-14,M05,Consumption,-5.49
2025-06-14,M05,OnHandSnapshot,284.48
2025-06-15,M05,Consumption,-7.83
2025-06-15,M05,OnHandSnapshot,276.65
2025-06-16,M05,Consumption,-38.52
2025-06-16,M05,OnHandSnapshot,238.13
2025-06-17,M05,Consumption,-15.81
2025-06-17,M05,OnHandSnapshot,222.32
2025-06-18,M05,Consumption,-0.38
2025-06-18,M05,OnHandSnapshot,221.94
2025-06-19,M05,OnHandSnapshot,221.94
2025-06-20,M05,Consumption,-33.9
2025-06-20,M05,OnHandSnapshot,188.04
2025-06-21,M05,Receipt,384.8
2025-06-21,M05,Consumption,-47.28
2025-06-21,M05,OnHandSnapshot,525.56
2025-06-22,M05,OnHandSnapshot,525.56
2025-06-23,M05,OnHandSnapshot,525.56
2025-06-24,M05,Consumption,-16.77
2025-06-24,M05,OnHandSnapshot,508.8
2025-06-25,M05,OnHandSnapshot,508.8
2025-06-26,M05,OnHandSnapshot,508.8
2025-06-27,M05,Consumption,-38.02
2025-06-27,M05,OnHandSnapshot,470.78
2025-06-28,M05,OnHandSnapshot,470.78
2025-06-29,M05,Consumption,-19.03
2025-06-29,M05,OnHandSnapshot,451.75
2025-06-30,M05,OnHandSnapshot,451.75
2025-07-01,M05,Consumption,-24.21
2025-07-01,M05,OnHandSnapshot,427.54
2025-07-02,M05,Consumption,-18.0
2025-07-02,M05,OnHandSnapshot,409.54
2025-07-03,M05,Consumption,-29.16
2025-07-03,M05,OnHandSnapshot,380.38
2025-07-04,M05,OnHandSnapshot,380.38
2025-07-05,M05,Consumption,-11.04
2025-07-05,M05,OnHandSnapshot,369.34
2025-07-06,M05,OnHandSnapshot,369.34
2025-07-07,M05,Consumption,-15.84
2025-07-07,M05,OnHandSnapshot,353.5
2025-07-08,M05,Consumption,-34.94
2025-07-08,M05,OnHandSnapshot,318.56
2025-07-09,M05,Consumption,-38.64
2025-07-09,M05,OnHandSnapshot,279.92
2025-07-10,M05,OnHandSnapshot,279.92
2025-07-11,M05,Consumption,-5.76
2025-07-11,M05,OnHandSnapshot,274.16
2025-07-12,M05,Consumption,-51.82
2025-07-12,M05,OnHandSnapshot,222.34
2025-07-13,M05,Consumption,-24.8
2025-07-13,M05,OnHandSnapshot,197.54
2025-07-14,M05,Consumption,-10.8
2025-07-14,M05,OnHandSnapshot,186.74
2025-07-15,M05,Consumption,-27.6
2025-07-15,M05,OnHandSnapshot,159.14
2025-07-16,M05,OnHandSnapshot,159.14
2025-07-17,M05,Consumption,-0.69
2025-07-17,M05,OnHandSnapshot,158.45
2025-07-18,M05,OnHandSnapshot,158.45
2025-07-19,M05,Receipt,384.8
2025-07-19,M05,Consumption,-54.99
2025-07-19,M05,OnHandSnapshot,488.27
2025-07-20,M05,Consumption,-51.24
2025-07-20,M05,OnHandSnapshot,437.03
2025-07-21,M05,OnHandSnapshot,437.03
2025-07-22,M05,OnHandSnapshot,437.03
2025-07-23,M05,Consumption,-31.38
2025-07-23,M05,OnHandSnapshot,405.65
2025-07-24,M05,Consumption,-0.8
2025-07-24,M05,OnHandSnapshot,404.85
2025-07-25,M05,OnHandSnapshot,404.85
2025-07-26,M05,Consumption,-4.37
2025-07-26,M05,OnHandSnapshot,400.48
2025-07-27,M05,Consumption,-29.12
2025-07-27,M05,OnHandSnapshot,371.36
2025-07-28,M05,Consumption,-13.02
2025-07-28,M05,OnHandSnapshot,358.34
2025-07-29,M05,Consumption,-3.78
2025-07-29,M05,OnHandSnapshot,354.56
2025-07-30,M05,OnHandSnapshot,354.56
2025-07-31,M05,Consumption,-12.67
2025-07-31,M05,OnHandSnapshot,341.89
2025-08-01,M05,Consumption,-36.43
2025-08-01,M05,OnHandSnapshot,305.46
2025-08-02,M05,OnHandSnapshot,305.46
2025-08-03,M05,Consumption,-3.35
2025-08-03,M05,OnHandSnapshot,302.1
2025-08-04,M05,Consumption,-36.43
2025-08-04,M05,OnHandSnapshot,265.67
2025-08-05,M05,OnHandSnapshot,265.67
2025-08-06,M05,Consumption,-35.91
2025-08-06,M05,OnHandSnapshot,229.76
2025-08-07,M05,Consumption,-0.49
2025-08-07,M05,OnHandSnapshot,229.27
2025-08-08,M05,OnHandSnapshot,229.27
2025-08-09,M05,Consumption,-39.87
2025-08-09,M05,OnHandSnapshot,189.4
2025-08-10,M05,Consumption,-0.38
2025-08-10,M05,OnHandSnapshot,189.02
2025-08-11,M05,OnHandSnapshot,189.02
2025-08-12,M05,Consumption,-28.51
2025-08-12,M05,OnHandSnapshot,160.51
2025-08-13,M05,Consumption,-36.55
2025-08-13,M05,OnHandSnapshot,123.96
2025-08-14,M05,Consumption,-34.47
2025-08-14,M05,OnHandSnapshot,89.49
2025-08-15,M05,Consumption,-0.69
2025-08-15,M05,OnHandSnapshot,88.8
2025-08-16,M05,Consumption,-3.35
2025-08-16,M05,OnHandSnapshot,85.45
2025-08-17,M05,OnHandSnapshot,85.45
2025-08-18,M05,Receipt,384.8
2025-08-18,M05,Consumption,-0.63
2025-08-18,M05,OnHandSnapshot,469.62
2025-08-19,M05,OnHandSnapshot,469.62
2025-08-20,M05,Consumption,-24.84
2025-08-20,M05,OnHandSnapshot,444.78
2025-08-21,M05,Consumption,-0.92
2025-08-21,M05,OnHandSnapshot,443.87
2025-08-22,M05,Consumption,-35.88
2025-08-22,M05,OnHandSnapshot,407.99
2025-08-23,M05,Consumption,-32.04
2025-08-23,M05,OnHandSnapshot,375.95
2025-08-24,M05,Consumption,-33.84
2025-08-24,M05,OnHandSnapshot,342.11
2025-08-25,M05,Consumption,-17.63
2025-08-25,M05,OnHandSnapshot,324.47
2025-08-26,M05,Consumption,-90.89
2025-08-26,M05,OnHandSnapshot,233.59
2025-08-27,M05,OnHandSnapshot,233.59
2025-08-28,M05,OnHandSnapshot,233.59
2025-08-29,M05,Consumption,-2.88
2025-08-29,M05,OnHandSnapshot,230.71
2025-08-30,M05,OnHandSnapshot,230.71
2025-08-31,M05,OnHandSnapshot,230.71
2025-09-01,M05,OnHandSnapshot,230.71
2025-09-02,M05,Consumption,-7.89
2025-09-02,M05,OnHandSnapshot,222.82
2025-09-03,M05,Consumption,-67.97
2025-09-03,M05,OnHandSnapshot,154.85
2025-09-04,M05,Receipt,384.8
2025-09-04,M05,OnHandSnapshot,539.66
2025-09-05,M05,OnHandSnapshot,539.66
2025-09-06,M05,OnHandSnapshot,539.66
2025-09-07,M05,Consumption,-10.5
2025-09-07,M05,OnHandSnapshot,529.16
2025-09-08,M05,OnHandSnapshot,529.16
2025-09-09,M05,Consumption,-17.94
2025-09-09,M05,OnHandSnapshot,511.22
2025-09-10,M05,Consumption,-16.56
2025-09-10,M05,OnHandSnapshot,494.66
2025-09-11,M05,OnHandSnapshot,494.66
2025-09-12,M05,Consumption,-1.99
2025-09-12,M05,OnHandSnapshot,492.67
2025-09-13,M05,OnHandSnapshot,492.67
2025-09-14,M05,Consumption,-3.48
2025-09-14,M05,OnHandSnapshot,489.19
2025-09-15,M05,Consumption,-27.98
2025-09-15,M05,OnHandSnapshot,461.21
2025-09-16,M05,Consumption,-16.56
2025-09-16,M05,OnHandSnapshot,444.65
2025-09-17,M05,Consumption,-0.37
2025-09-17,M05,OnHandSnapshot,444.28
2025-09-18,M05,Consumption,-1.26
2025-09-18,M05,OnHandSnapshot,443.02
2025-09-19,M05,OnHandSnapshot,443.02
2025-09-20,M05,OnHandSnapshot,443.02
2025-09-21,M05,Consumption,-25.01
2025-09-21,M05,OnHandSnapshot,418.02
2025-09-22,M05,OnHandSnapshot,418.02
2025-09-23,M05,Consumption,-4.53
2025-09-23,M05,OnHandSnapshot,413.48
2025-09-24,M05,Consumption,-3.23
2025-09-24,M05,OnHandSnapshot,410.25
2025-09-25,M05,Consumption,-2.16
2025-09-25,M05,OnHandSnapshot,408.09
2025-09-26,M05,OnHandSnapshot,408.09
2025-09-27,M05,Consumption,-39.62
2025-09-27,M05,OnHandSnapshot,368.47
2025-09-28,M05,Consumption,-19.39
2025-09-28,M05,OnHandSnapshot,349.08
2025-09-29,M05,Consumption,-28.02
2025-09-29,M05,OnHandSnapshot,321.06
2025-09-30,M05,Consumption,-43.56
2025-09-30,M05,OnHandSnapshot,277.5
2025-10-01,M05,Consumption,-38.93
2025-10-01,M05,OnHandSnapshot,238.57
2025-10-02,M05,Consumption,-1.08
2025-10-02,M05,OnHandSnapshot,237.49
2025-10-03,M05,Consumption,-24.84
2025-10-03,M05,OnHandSnapshot,212.65
2025-10-04,M05,Consumption,-48.24
2025-10-04,M05,OnHandSnapshot,164.41
2025-10-05,M05,Consumption,-13.9
2025-10-05,M05,OnHandSnapshot,150.5
2025-10-06,M05,OnHandSnapshot,150.5
2025-10-07,M05,OnHandSnapshot,150.5
2025-10-08,M05,Consumption,-15.52
2025-10-08,M05,OnHandSnapshot,134.99
2025-10-09,M05,Receipt,384.8
2025-10-09,M05,OnHandSnapshot,519.79
2025-10-10,M05,Consumption,-5.04
2025-10-10,M05,OnHandSnapshot,514.75
2025-10-11,M05,Consumption,-8.45
2025-10-11,M05,OnHandSnapshot,506.3
2025-10-12,M05,OnHandSnapshot,506.3
2025-10-13,M05,Consumption,-41.62
2025-10-13,M05,OnHandSnapshot,464.69
2025-10-14,M05,OnHandSnapshot,464.69
2025-10-15,M05,OnHandSnapshot,464.69
2025-10-16,M05,Consumption,-2.49
2025-10-16,M05,OnHandSnapshot,462.19
2025-10-17,M05,Consumption,-25.92
2025-10-17,M05,OnHandSnapshot,436.27
2025-10-18,M05,Consumption,-26.37
2025-10-18,M05,OnHandSnapshot,409.9
2025-10-19,M05,Consumption,-24.0
2025-10-19,M05,OnHandSnapshot,385.9
2025-10-20,M05,Consumption,-17.67
2025-10-20,M05,OnHandSnapshot,368.23
2025-10-21,M05,Consumption,-0.38
2025-10-21,M05,OnHandSnapshot,367.85
2025-10-22,M05,Consumption,-12.18
2025-10-22,M05,OnHandSnapshot,355.67
2025-10-23,M05,Consumption,-44.85
2025-10-23,M05,OnHandSnapshot,310.82
2025-10-24,M05,Consumption,-11.34
2025-10-24,M05,OnHandSnapshot,299.48
2025-10-25,M05,OnHandSnapshot,299.48
2025-10-26,M05,OnHandSnapshot,299.48
2025-10-27,M05,Consumption,-5.4
2025-10-27,M05,OnHandSnapshot,294.08
2025-10-28,M05,OnHandSnapshot,294.08
2025-10-29,M05,Consumption,-71.46
2025-10-29,M05,OnHandSnapshot,222.62
2025-10-30,M05,Consumption,-15.84
2025-10-30,M05,OnHandSnapshot,206.78
2025-10-31,M05,OnHandSnapshot,206.78
2025-11-01,M05,Consumption,-33.46
2025-11-01,M05,OnHandSnapshot,173.32
2025-11-02,M05,Consumption,-58.1
2025-11-02,M05,OnHandSnapshot,115.21
2025-11-03,M05,Consumption,-5.04
2025-11-03,M05,OnHandSnapshot,110.17
2025-11-04,M05,Receipt,384.8
2025-11-04,M05,OnHandSnapshot,494.98
2025-11-05,M05,Consumption,-17.28
2025-11-05,M05,OnHandSnapshot,477.7
2025-11-06,M05,Consumption,-38.02
2025-11-06,M05,OnHandSnapshot,439.68
2025-11-07,M05,OnHandSnapshot,439.68
2025-11-08,M05,Consumption,-30.25
2025-11-08,M05,OnHandSnapshot,409.43
2025-11-09,M05,Consumption,-14.37
2025-11-09,M05,OnHandSnapshot,395.06
2025-11-10,M05,Consumption,-8.37
2025-11-10,M05,OnHandSnapshot,386.69
2025-11-11,M05,Consumption,-8.37
2025-11-11,M05,OnHandSnapshot,378.32
2025-11-12,M05,Consumption,-37.26
2025-11-12,M05,OnHandSnapshot,341.06
2025-11-13,M05,Consumption,-20.22
2025-11-13,M05,OnHandSnapshot,320.84
2025-11-14,M05,OnHandSnapshot,320.84
2025-11-15,M05,OnHandSnapshot,320.84
2025-11-16,M05,Consumption,-22.02
2025-11-16,M05,OnHandSnapshot,298.82
2025-11-17,M05,OnHandSnapshot,298.82
2025-11-18,M05,Consumption,-38.02
2025-11-18,M05,OnHandSnapshot,260.8
2025-11-19,M05,Consumption,-1.99
2025-11-19,M05,OnHandSnapshot,258.81
2025-11-20,M05,OnHandSnapshot,258.81
2025-11-21,M05,Consumption,-29.61
2025-11-21,M05,OnHandSnapshot,229.2
2025-11-22,M05,Consumption,-92.03
2025-11-22,M05,OnHandSnapshot,137.17
2025-11-23,M05,Consumption,-34.89
2025-11-23,M05,OnHandSnapshot,102.28
2025-11-24,M05,OnHandSnapshot,102.28
2025-11-25,M05,Consumption,-0.38
2025-11-25,M05,OnHandSnapshot,101.9
2025-11-26,M05,Consumption,-2.24
2025-11-26,M05,OnHandSnapshot,99.67
2025-11-27,M05,Consumption,-41.79
2025-11-27,M05,OnHandSnapshot,57.88
2025-11-28,M05,Consumption,-37.26
2025-11-28,M05,OnHandSnapshot,20.62
2025-11-29,M05,Consumption,-15.14
2025-11-29,M05,OnHandSnapshot,5.47
2025-11-30,M05,Receipt,384.8
2025-11-30,M05,OnHandSnapshot,390.28
2025-12-01,M05,Consumption,-17.28
2025-12-01,M05,OnHandSnapshot,373.0
2025-12-02,M05,OnHandSnapshot,373.0
2025-12-03,M05,Consumption,-8.41
2025-12-03,M05,OnHandSnapshot,364.59
2025-12-04,M05,Consumption,-0.38
2025-12-04,M05,OnHandSnapshot,364.21
2025-12-05,M05,OnHandSnapshot,364.21
2025-12-06,M05,Consumption,-17.08
2025-12-06,M05,OnHandSnapshot,347.13
2025-12-07,M05,Consumption,-13.5
2025-12-07,M05,OnHandSnapshot,333.63
2025-12-08,M05,Consumption,-18.55
2025-12-08,M05,OnHandSnapshot,315.08
2025-12-09,M05,Consumption,-15.84
2025-12-09,M05,OnHandSnapshot,299.24
2025-12-10,M05,OnHandSnapshot,299.24
2025-12-11,M05,OnHandSnapshot,299.24
2025-12-12,M05,OnHandSnapshot,299.24
2025-12-13,M05,Consumption,-4.27
2025-12-13,M05,OnHandSnapshot,294.97
2025-12-14,M05,Consumption,-4.14
2025-12-14,M05,OnHandSnapshot,290.83
2025-12-15,M05,OnHandSnapshot,290.83
2025-12-16,M05,Consumption,-1.99
2025-12-16,M05,OnHandSnapshot,288.84
2025-12-17,M05,Consumption,-45.43
2025-12-17,M05,OnHandSnapshot,243.4
2025-12-18,M05,Consumption,-41.18
2025-12-18,M05,OnHandSnapshot,202.23
2025-12-19,M05,Consumption,-0.46
2025-12-19,M05,OnHandSnapshot,201.77
2025-12-20,M05,Consumption,-4.71
2025-12-20,M05,OnHandSnapshot,197.06
2025-12-21,M05,Consumption,-68.14
2025-12-21,M05,OnHandSnapshot,128.93
2025-12-22,M05,Consumption,-2.31
2025-12-22,M05,OnHandSnapshot,126.61
2025-12-23,M05,Receipt,384.8
2025-12-23,M05,Consumption,-27.14
2025-12-23,M05,OnHandSnapshot,484.28
2025-12-24,M05,Consumption,-3.45
2025-12-24,M05,OnHandSnapshot,480.83
2025-12-25,M05,Consumption,-29.16
2025-12-25,M05,OnHandSnapshot,451.67
2025-12-26,M05,Consumption,-0.38
2025-12-26,M05,OnHandSnapshot,451.29
2025-12-27,M05,Consumption,-12.96
2025-12-27,M05,OnHandSnapshot,438.33
2025-12-28,M05,OnHandSnapshot,438.33
2025-12-29,M05,Consumption,-0.92
2025-12-29,M05,OnHandSnapshot,437.41
2025-12-30,M05,Consumption,-1.3
2025-12-30,M05,OnHandSnapshot,436.11
2025-12-31,M05,OnHandSnapshot,436.11
2024-01-01,M06,OnHandSnapshot,641.34
2024-01-02,M06,OnHandSnapshot,641.34
2024-01-03,M06,Consumption,-1.28
2024-01-03,M06,OnHandSnapshot,640.07
2024-01-04,M06,Receipt,1154.41
2024-01-04,M06,Consumption,-2.3
2024-01-04,M06,OnHandSnapshot,1792.19
2024-01-05,M06,OnHandSnapshot,1792.19
2024-01-06,M06,Consumption,-110.4
2024-01-06,M06,OnHandSnapshot,1681.79
2024-01-07,M06,Consumption,-108.1
2024-01-07,M06,OnHandSnapshot,1573.69
2024-01-08,M06,Consumption,-21.6
2024-01-08,M06,OnHandSnapshot,1552.09
2024-01-09,M06,Consumption,-78.8
2024-01-09,M06,OnHandSnapshot,1473.29
2024-01-10,M06,Consumption,-34.8
2024-01-10,M06,OnHandSnapshot,1438.49
2024-01-11,M06,OnHandSnapshot,1438.49
2024-01-12,M06,OnHandSnapshot,1438.49
2024-01-13,M06,OnHandSnapshot,1438.49
2024-01-14,M06,OnHandSnapshot,1438.49
2024-01-15,M06,Consumption,-88.8
2024-01-15,M06,OnHandSnapshot,1349.69
2024-01-16,M06,Consumption,-35.28
2024-01-16,M06,OnHandSnapshot,1314.42
2024-01-17,M06,Consumption,-3.06
2024-01-17,M06,OnHandSnapshot,1311.36
2024-01-18,M06,Consumption,-89.46
2024-01-18,M06,OnHandSnapshot,1221.9
2024-01-19,M06,OnHandSnapshot,1221.9
2024-01-20,M06,Consumption,-2.14
2024-01-20,M06,OnHandSnapshot,1219.75
2024-01-21,M06,Consumption,-38.72
2024-01-21,M06,OnHandSnapshot,1181.03
2024-01-22,M06,Consumption,-82.8
2024-01-22,M06,OnHandSnapshot,1098.23
2024-01-23,M06,OnHandSnapshot,1098.23
2024-01-24,M06,Consumption,-197.65
2024-01-24,M06,OnHandSnapshot,900.59
2024-01-25,M06,OnHandSnapshot,900.59
2024-01-26,M06,OnHandSnapshot,900.59
2024-01-27,M06,OnHandSnapshot,900.59
2024-01-28,M06,Consumption,-30.0
2024-01-28,M06,OnHandSnapshot,870.59
2024-01-29,M06,Consumption,-90.4
2024-01-29,M06,OnHandSnapshot,780.19
2024-01-30,M06,OnHandSnapshot,780.19
2024-01-31,M06,Consumption,-9.6
2024-01-31,M06,OnHandSnapshot,770.59
2024-02-01,M06,Consumption,-16.1
2024-02-01,M06,OnHandSnapshot,754.49
2024-02-02,M06,OnHandSnapshot,754.49
2024-02-03,M06,OnHandSnapshot,754.49
2024-02-04,M06,OnHandSnapshot,754.49
2024-02-05,M06,Consumption,-74.49
2024-02-05,M06,OnHandSnapshot,679.99
2024-02-06,M06,OnHandSnapshot,679.99
2024-02-07,M06,Consumption,-38.85
2024-02-07,M06,OnHandSnapshot,641.14
2024-02-08,M06,Receipt,1154.41
2024-02-08,M06,Consumption,-94.8
2024-02-08,M06,OnHandSnapshot,1700.75
2024-02-09,M06,OnHandSnapshot,1700.75
2024-02-10,M06,Consumption,-19.65
2024-02-10,M06,OnHandSnapshot,1681.11
2024-02-11,M06,Consumption,-25.2
2024-02-11,M06,OnHandSnapshot,1655.91
2024-02-12,M06,Consumption,-40.8
2024-02-12,M06,OnHandSnapshot,1615.11
2024-02-13,M06,OnHandSnapshot,1615.11
2024-02-14,M06,Consumption,-55.2
2024-02-14,M06,OnHandSnapshot,1559.91
2024-02-15,M06,OnHandSnapshot,1559.91
2024-02-16,M06,Consumption,-62.1
2024-02-16,M06,OnHandSnapshot,1497.81
2024-02-17,M06,Consumption,-126.72
2024-02-17,M06,OnHandSnapshot,1371.09
2024-02-18,M06,Consumption,-1.43
2024-02-18,M06,OnHandSnapshot,1369.66
2024-02-19,M06,Consumption,-101.99
2024-02-19,M06,OnHandSnapshot,1267.67
2024-02-20,M06,Consumption,-2.3
2024-02-20,M06,OnHandSnapshot,1265.37
2024-02-21,M06,OnHandSnapshot,1265.37
2024-02-22,M06,Consumption,-1.84
2024-02-22,M06,OnHandSnapshot,1263.54
2024-02-23,M06,OnHandSnapshot,1263.54
2024-02-24,M06,Consumption,-3.06
2024-02-24,M06,OnHandSnapshot,1260.48
2024-02-25,M06,Consumption,-2.3
2024-02-25,M06,OnHandSnapshot,1258.18
2024-02-26,M06,Consumption,-2.3
2024-02-26,M06,OnHandSnapshot,1255.89
2024-02-27,M06,Consumption,-81.6
2024-02-27,M06,OnHandSnapshot,1174.29
2024-02-28,M06,Consumption,-42.34
2024-02-28,M06,OnHandSnapshot,1131.95
2024-02-29,M06,OnHandSnapshot,1131.95
2024-03-01,M06,OnHandSnapshot,1131.95
2024-03-02,M06,Consumption,-179.4
2024-03-02,M06,OnHandSnapshot,952.55
2024-03-03,M06,OnHandSnapshot,952.55
2024-03-04,M06,OnHandSnapshot,952.55
2024-03-05,M06,Consumption,-27.0
2024-03-05,M06,OnHandSnapshot,925.55
2024-03-06,M06,Consumption,-22.4
2024-03-06,M06,OnHandSnapshot,903.15
2024-03-07,M06,Consumption,-52.53
2024-03-07,M06,OnHandSnapshot,850.62
2024-03-08,M06,OnHandSnapshot,850.62
2024-03-09,M06,OnHandSnapshot,850.62
2024-03-10,M06,OnHandSnapshot,850.62
2024-03-11,M06,Consumption,-62.54
2024-03-11,M06,OnHandSnapshot,788.08
2024-03-12,M06,OnHandSnapshot,788.08
2024-03-13,M06,Consumption,-164.9
2024-03-13,M06,OnHandSnapshot,623.19
2024-03-14,M06,OnHandSnapshot,623.19
2024-03-15,M06,OnHandSnapshot,623.19
2024-03-16,M06,OnHandSnapshot,623.19
2024-03-17,M06,Consumption,-79.2
2024-03-17,M06,OnHandSnapshot,543.99
2024-03-18,M06,Consumption,-87.84
2024-03-18,M06,OnHandSnapshot,456.15
2024-03-19,M06,OnHandSnapshot,456.15
2024-03-20,M06,OnHandSnapshot,456.15
2024-03-21,M06,Receipt,1154.41
2024-03-21,M06,Consumption,-62.1
2024-03-21,M06,OnHandSnapshot,1548.46
2024-03-22,M06,Consumption,-55.2
2024-03-22,M06,OnHandSnapshot,1493.26
2024-03-23,M06,Consumption,-50.4
2024-03-23,M06,OnHandSnapshot,1442.86
2024-03-24,M06,Consumption,-161.2
2024-03-24,M06,OnHandSnapshot,1281.66
2024-03-25,M06,Consumption,-2.58
2024-03-25,M06,OnHandSnapshot,1279.08
2024-03-26,M06,Consumption,-54.56
2024-03-26,M06,OnHandSnapshot,1224.52
2024-03-27,M06,OnHandSnapshot,1224.52
2024-03-28,M06,Consumption,-36.0
2024-03-28,M06,OnHandSnapshot,1188.52
2024-03-29,M06,OnHandSnapshot,1188.52
2024-03-30,M06,Consumption,-116.48
2024-03-30,M06,OnHandSnapshot,1072.05
2024-03-31,M06,OnHandSnapshot,1072.05
2024-04-01,M06,Consumption,-11.18
2024-04-01,M06,OnHandSnapshot,1060.87
2024-04-02,M06,OnHandSnapshot,1060.87
2024-04-03,M06,Consumption,-27.0
2024-04-03,M06,OnHandSnapshot,1033.87
2024-04-04,M06,OnHandSnapshot,1033.87
2024-04-05,M06,OnHandSnapshot,1033.87
2024-04-06,M06,OnHandSnapshot,1033.87
2024-04-07,M06,Consumption,-82.8
2024-04-07,M06,OnHandSnapshot,951.07
2024-04-08,M06,OnHandSnapshot,951.07
2024-04-09,M06,Consumption,-129.78
2024-04-09,M06,OnHandSnapshot,821.29
2024-04-10,M06,OnHandSnapshot,821.29
2024-04-11,M06,OnHandSnapshot,821.29
2024-04-12,M06,OnHandSnapshot,821.29
2024-04-13,M06,Consumption,-15.4
2024-04-13,M06,OnHandSnapshot,805.89
2024-04-14,M06,OnHandSnapshot,805.89
2024-04-15,M06,OnHandSnapshot,805.89
2024-04-16,M06,OnHandSnapshot,805.89
2024-04-17,M06,OnHandSnapshot,805.89
2024-04-18,M06,Consumption,-81.3
2024-04-18,M06,OnHandSnapshot,724.59
2024-04-19,M06,Consumption,-2.48
2024-04-19,M06,OnHandSnapshot,722.11
2024-04-20,M06,OnHandSnapshot,722.11
2024-04-21,M06,OnHandSnapshot,722.11
2024-04-22,M06,Receipt,1154.41
2024-04-22,M06,OnHandSnapshot,1876.52
2024-04-23,M06,Consumption,-69.0
2024-04-23,M06,OnHandSnapshot,1807.52
2024-04-24,M06,OnHandSnapshot,1807.52
2024-04-25,M06,OnHandSnapshot,1807.52
2024-04-26,M06,OnHandSnapshot,1807.52
2024-04-27,M06,Consumption,-2.3
2024-04-27,M06,OnHandSnapshot,1805.23
2024-04-28,M06,OnHandSnapshot,1805.23
2024-04-29,M06,Consumption,-2.3
2024-04-29,M06,OnHandSnapshot,1802.93
2024-04-30,M06,Consumption,-27.9
2024-04-30,M06,OnHandSnapshot,1775.03
2024-05-01,M06,Consumption,-116.65
2024-05-01,M06,OnHandSnapshot,1658.38
2024-05-02,M06,Consumption,-33.44
2024-05-02,M06,OnHandSnapshot,1624.94
2024-05-03,M06,OnHandSnapshot,1624.94
2024-05-04,M06,Consumption,-50.6
2024-05-04,M06,OnHandSnapshot,1574.34
2024-05-05,M06,Consumption,-108.0
2024-05-05,M06,OnHandSnapshot,1466.34
2024-05-06,M06,Consumption,-18.4
2024-05-06,M06,OnHandSnapshot,1447.94
2024-05-07,M06,Consumption,-43.2
2024-05-07,M06,OnHandSnapshot,1404.74
2024-05-08,M06,Consumption,-1.28
2024-05-08,M06,OnHandSnapshot,1403.47
2024-05-09,M06,Consumption,-142.0
2024-05-09,M06,OnHandSnapshot,1261.47
2024-05-10,M06,Consumption,-34.8
2024-05-10,M06,OnHandSnapshot,1226.67
2024-05-11,M06,Consumption,-105.6
2024-05-11,M06,OnHandSnapshot,1121.07
2024-05-12,M06,Consumption,-43.7
2024-05-12,M06,OnHandSnapshot,1077.37
2024-05-13,M06,Consumption,-29.3
2024-05-13,M06,OnHandSnapshot,1048.07
2024-05-14,M06,OnHandSnapshot,1048.07
2024-05-15,M06,Consumption,-81.9
2024-05-15,M06,OnHandSnapshot,966.17
2024-05-16,M06,Consumption,-161.48
2024-05-16,M06,OnHandSnapshot,804.7
2024-05-17,M06,Consumption,-101.24
2024-05-17,M06,OnHandSnapshot,703.45
2024-05-18,M06,Consumption,-79.2
2024-05-18,M06,OnHandSnapshot,624.25
2024-05-19,M06,Consumption,-2.3
2024-05-19,M06,OnHandSnapshot,621.96
2024-05-20,M06,OnHandSnapshot,621.96
2024-05-21,M06,OnHandSnapshot,621.96
2024-05-22,M06,OnHandSnapshot,621.96
2024-05-23,M06,Consumption,-5.38
2024-05-23,M06,OnHandSnapshot,616.58
2024-05-24,M06,Consumption,-115.0
2024-05-24,M06,OnHandSnapshot,501.58
2024-05-25,M06,Receipt,1154.41
2024-05-25,M06,Consumption,-62.1
2024-05-25,M06,OnHandSnapshot,1593.89
2024-05-26,M06,Consumption,-36.0
2024-05-26,M06,OnHandSnapshot,1557.89
2024-05-27,M06,Consumption,-98.2
2024-05-27,M06,OnHandSnapshot,1459.69
2024-05-28,M06,Consumption,-14.44
2024-05-28,M06,OnHandSnapshot,1445.25
2024-05-29,M06,Consumption,-13.5
2024-05-29,M06,OnHandSnapshot,1431.75
2024-05-30,M06,OnHandSnapshot,1431.75
2024-05-31,M06,Consumption,-58.0
2024-05-31,M06,OnHandSnapshot,1373.75
2024-06-01,M06,OnHandSnapshot,1373.75
2024-06-02,M06,OnHandSnapshot,1373.75
2024-06-03,M06,Consumption,-54.56
2024-06-03,M06,OnHandSnapshot,1319.19
2024-06-04,M06,OnHandSnapshot,1319.19
2024-06-05,M06,Consumption,-121.44
2024-06-05,M06,OnHandSnapshot,1197.75
2024-06-06,M06,Consumption,-30.8
2024-06-06,M06,OnHandSnapshot,1166.95
2024-06-07,M06,OnHandSnapshot,1166.95
2024-06-08,M06,Consumption,-2.14
2024-06-08,M06,OnHandSnapshot,1164.81
2024-06-09,M06,Consumption,-21.1
2024-06-09,M06,OnHandSnapshot,1143.71
2024-06-10,M06,OnHandSnapshot,1143.71
2024-06-11,M06,Consumption,-87.42
2024-06-11,M06,OnHandSnapshot,1056.29
2024-06-12,M06,OnHandSnapshot,1056.29
2024-06-13,M06,Consumption,-76.82
2024-06-13,M06,OnHandSnapshot,979.47
2024-06-14,M06,Consumption,-11.59
2024-06-14,M06,OnHandSnapshot,967.88
2024-06-15,M06,Consumption,-55.0
2024-06-15,M06,OnHandSnapshot,912.88
2024-06-16,M06,Consumption,-164.8
2024-06-16,M06,OnHandSnapshot,748.08
2024-06-17,M06,Consumption,-24.0
2024-06-17,M06,OnHandSnapshot,724.08
2024-06-18,M06,OnHandSnapshot,724.08
2024-06-19,M06,Consumption,-50.6
2024-06-19,M06,OnHandSnapshot,673.48
2024-06-20,M06,Consumption,-3.06
2024-06-20,M06,OnHandSnapshot,670.42
2024-06-21,M06,Consumption,-9.2
2024-06-21,M06,OnHandSnapshot,661.22
2024-06-22,M06,Consumption,-198.0
2024-06-22,M06,OnHandSnapshot,463.22
2024-06-23,M06,Receipt,1154.41
2024-06-23,M06,Consumption,-194.08
2024-06-23,M06,OnHandSnapshot,1423.55
2024-06-24,M06,Consumption,-75.24
2024-06-24,M06,OnHandSnapshot,1348.31
2024-06-25,M06,Consumption,-89.2
2024-06-25,M06,OnHandSnapshot,1259.11
2024-06-26,M06,Consumption,-101.1
2024-06-26,M06,OnHandSnapshot,1158.01
2024-06-27,M06,OnHandSnapshot,1158.01
2024-06-28,M06,Consumption,-11.99
2024-06-28,M06,OnHandSnapshot,1146.02
2024-06-29,M06,OnHandSnapshot,1146.02
2024-06-30,M06,Consumption,-152.64
2024-06-30,M06,OnHandSnapshot,993.38
2024-07-01,M06,OnHandSnapshot,993.38
2024-07-02,M06,Consumption,-26.4
2024-07-02,M06,OnHandSnapshot,966.98
2024-07-03,M06,Consumption,-128.8
2024-07-03,M06,OnHandSnapshot,838.18
2024-07-04,M06,Consumption,-33.6
2024-07-04,M06,OnHandSnapshot,804.58
2024-07-05,M06,Consumption,-62.4
2024-07-05,M06,OnHandSnapshot,742.18
2024-07-06,M06,Consumption,-36.0
2024-07-06,M06,OnHandSnapshot,706.18
2024-07-07,M06,OnHandSnapshot,706.18
2024-07-08,M06,Consumption,-21.06
2024-07-08,M06,OnHandSnapshot,685.12
2024-07-09,M06,Consumption,-7.45
2024-07-09,M06,OnHandSnapshot,677.67
2024-07-10,M06,OnHandSnapshot,677.67
2024-07-11,M06,Consumption,-191.6
2024-07-11,M06,OnHandSnapshot,486.07
2024-07-12,M06,OnHandSnapshot,486.07
2024-07-13,M06,Receipt,1154.41
2024-07-13,M06,OnHandSnapshot,1640.49
2024-07-14,M06,Consumption,-65.68
2024-07-14,M06,OnHandSnapshot,1574.81
2024-07-15,M06,OnHandSnapshot,1574.81
2024-07-16,M06,Consumption,-45.06
2024-07-16,M06,OnHandSnapshot,1529.75
2024-07-17,M06,Consumption,-4.19
2024-07-17,M06,OnHandSnapshot,1525.56
2024-07-18,M06,Consumption,-101.2
2024-07-18,M06,OnHandSnapshot,1424.36
2024-07-19,M06,OnHandSnapshot,1424.36
2024-07-20,M06,OnHandSnapshot,1424.36
2024-07-21,M06,OnHandSnapshot,1424.36
2024-07-22,M06,Consumption,-4.35
2024-07-22,M06,OnHandSnapshot,1420.02
2024-07-23,M06,OnHandSnapshot,1420.02
2024-07-24,M06,Consumption,-13.01
2024-07-24,M06,OnHandSnapshot,1407.0
2024-07-25,M06,Consumption,-23.0
2024-07-25,M06,OnHandSnapshot,1384.0
2024-07-26,M06,OnHandSnapshot,1384.0
2024-07-27,M06,Consumption,-111.0
2024-07-27,M06,OnHandSnapshot,1273.0
2024-07-28,M06,Consumption,-14.18
2024-07-28,M06,OnHandSnapshot,1258.82
2024-07-29,M06,Consumption,-1.28
2024-07-29,M06,OnHandSnapshot,1257.55
2024-07-30,M06,Consumption,-110.4
2024-07-30,M06,OnHandSnapshot,1147.15
2024-07-31,M06,Consumption,-207.84
2024-07-31,M06,OnHandSnapshot,939.31
2024-08-01,M06,Consumption,-112.7
2024-08-01,M06,OnHandSnapshot,826.61
2024-08-02,M06,Consumption,-141.44
2024-08-02,M06,OnHandSnapshot,685.17
2024-08-03,M06,OnHandSnapshot,685.17
2024-08-04,M06,Consumption,-82.8
2024-08-04,M06,OnHandSnapshot,602.37
2024-08-05,M06,Consumption,-1.99
2024-08-05,M06,OnHandSnapshot,600.38
2024-08-06,M06,Consumption,-86.4
2024-08-06,M06,OnHandSnapshot,513.98
2024-08-07,M06,Receipt,1154.41
2024-08-07,M06,OnHandSnapshot,1668.4
2024-08-08,M06,Consumption,-86.4
2024-08-08,M06,OnHandSnapshot,1582.0
2024-08-09,M06,Consumption,-4.35
2024-08-09,M06,OnHandSnapshot,1577.65
2024-08-10,M06,Consumption,-128.54
2024-08-10,M06,OnHandSnapshot,1449.12
2024-08-11,M06,Consumption,-55.2
2024-08-11,M06,OnHandSnapshot,1393.92
2024-08-12,M06,OnHandSnapshot,1393.92
2024-08-13,M06,Consumption,-52.8
2024-08-13,M06,OnHandSnapshot,1341.12
2024-08-14,M06,OnHandSnapshot,1341.12
2024-08-15,M06,OnHandSnapshot,1341.12
2024-08-16,M06,OnHandSnapshot,1341.12
2024-08-17,M06,Consumption,-134.4
2024-08-17,M06,OnHandSnapshot,1206.72
2024-08-18,M06,Consumption,-101.4
2024-08-18,M06,OnHandSnapshot,1105.32
2024-08-19,M06,Consumption,-9.9
2024-08-19,M06,OnHandSnapshot,1095.42
2024-08-20,M06,OnHandSnapshot,1095.42
2024-08-21,M06,Consumption,-52.8
2024-08-21,M06,OnHandSnapshot,1042.62
2024-08-22,M06,Consumption,-97.12
2024-08-22,M06,OnHandSnapshot,945.5
2024-08-23,M06,Consumption,-37.31
2024-08-23,M06,OnHandSnapshot,908.19
2024-08-24,M06,Consumption,-124.2
2024-08-24,M06,OnHandSnapshot,783.99
2024-08-25,M06,OnHandSnapshot,783.99
2024-08-26,M06,OnHandSnapshot,783.99
2024-08-27,M06,Consumption,-1.28
2024-08-27,M06,OnHandSnapshot,782.71
2024-08-28,M06,Consumption,-4.03
2024-08-28,M06,OnHandSnapshot,778.69
2024-08-29,M06,Consumption,-153.6
2024-08-29,M06,OnHandSnapshot,625.09
2024-08-30,M06,Consumption,-3.06
2024-08-30,M06,OnHandSnapshot,622.03
2024-08-31,M06,Consumption,-109.62
2024-08-31,M06,OnHandSnapshot,512.41
2024-09-01,M06,Consumption,-16.8
2024-09-01,M06,OnHandSnapshot,495.61
2024-09-02,M06,Consumption,-9.94
2024-09-02,M06,OnHandSnapshot,485.68
2024-09-03,M06,Consumption,-174.8
2024-09-03,M06,OnHandSnapshot,310.88
2024-09-04,M06,OnHandSnapshot,310.88
2024-09-05,M06,Receipt,1154.41
2024-09-05,M06,Consumption,-11.18
2024-09-05,M06,OnHandSnapshot,1454.11
2024-09-06,M06,OnHandSnapshot,1454.11
2024-09-07,M06,Consumption,-55.2
2024-09-07,M06,OnHandSnapshot,1398.91
2024-09-08,M06,Consumption,-42.0
2024-09-08,M06,OnHandSnapshot,1356.91
2024-09-09,M06,Consumption,-38.07
2024-09-09,M06,OnHandSnapshot,1318.84
2024-09-10,M06,Consumption,-88.7
2024-09-10,M06,OnHandSnapshot,1230.14
2024-09-11,M06,Consumption,-42.48
2024-09-11,M06,OnHandSnapshot,1187.66
2024-09-12,M06,Consumption,-146.4
2024-09-12,M06,OnHandSnapshot,1041.26
2024-09-13,M06,Consumption,-100.8
2024-09-13,M06,OnHandSnapshot,940.46
2024-09-14,M06,OnHandSnapshot,940.46
2024-09-15,M06,OnHandSnapshot,940.46
2024-09-16,M06,Consumption,-41.71
2024-09-16,M06,OnHandSnapshot,898.76
2024-09-17,M06,Consumption,-52.8
2024-09-17,M06,OnHandSnapshot,845.96
2024-09-18,M06,Consumption,-1.77
2024-09-18,M06,OnHandSnapshot,844.18
2024-09-19,M06,Consumption,-87.68
2024-09-19,M06,OnHandSnapshot,756.51
2024-09-20,M06,Consumption,-0.92
2024-09-20,M06,OnHandSnapshot,755.59
2024-09-21,M06,Consumption,-109.2
2024-09-21,M06,OnHandSnapshot,646.39
2024-09-22,M06,Consumption,-2.3
2024-09-22,M06,OnHandSnapshot,644.1
2024-09-23,M06,Consumption,-4.97
2024-09-23,M06,OnHandSnapshot,639.13
2024-09-24,M06,Consumption,-62.4
2024-09-24,M06,OnHandSnapshot,576.73
2024-09-25,M06,Receipt,1154.41
2024-09-25,M06,Consumption,-14.4
2024-09-25,M06,OnHandSnapshot,1716.74
2024-09-26,M06,OnHandSnapshot,1716.74
2024-09-27,M06,Consumption,-36.96
2024-09-27,M06,OnHandSnapshot,1679.78
2024-09-28,M06,OnHandSnapshot,1679.78
2024-09-29,M06,OnHandSnapshot,1679.78
2024-09-30,M06,Consumption,-16.1
2024-09-30,M06,OnHandSnapshot,1663.68
2024-10-01,M06,Consumption,-62.46
2024-10-01,M06,OnHandSnapshot,1601.22
2024-10-02,M06,Consumption,-47.26
2024-10-02,M06,OnHandSnapshot,1553.96
2024-10-03,M06,Consumption,-82.8
2024-10-03,M06,OnHandSnapshot,1471.16
2024-10-04,M06,Consumption,-48.9
2024-10-04,M06,OnHandSnapshot,1422.26
2024-10-05,M06,Consumption,-109.52
2024-10-05,M06,OnHandSnapshot,1312.74
2024-10-06,M06,OnHandSnapshot,1312.74
2024-10-07,M06,Consumption,-126.72
2024-10-07,M06,OnHandSnapshot,1186.02
2024-10-08,M06,Consumption,-3.06
2024-10-08,M06,OnHandSnapshot,1182.96
2024-10-09,M06,Consumption,-23.8
2024-10-09,M06,OnHandSnapshot,1159.16
2024-10-10,M06,Consumption,-1.28
2024-10-10,M06,OnHandSnapshot,1157.88
2024-10-11,M06,Consumption,-4.35
2024-10-11,M06,OnHandSnapshot,1153.54
2024-10-12,M06,Consumption,-3.06
2024-10-12,M06,OnHandSnapshot,1150.48
2024-10-13,M06,Consumption,-68.68
2024-10-13,M06,OnHandSnapshot,1081.8
2024-10-14,M06,OnHandSnapshot,1081.8
2024-10-15,M06,Consumption,-40.6
2024-10-15,M06,OnHandSnapshot,1041.2
2024-10-16,M06,OnHandSnapshot,1041.2
2024-10-17,M06,OnHandSnapshot,1041.2
2024-10-18,M06,OnHandSnapshot,1041.2
2024-10-19,M06,Consumption,-3.54
2024-10-19,M06,OnHandSnapshot,1037.66
2024-10-20,M06,Consumption,-83.36
2024-10-20,M06,OnHandSnapshot,954.3
2024-10-21,M06,Consumption,-25.2
2024-10-21,M06,OnHandSnapshot,929.1
2024-10-22,M06,Consumption,-55.2
2024-10-22,M06,OnHandSnapshot,873.9
2024-10-23,M06,Consumption,-4.35
2024-10-23,M06,OnHandSnapshot,869.55
2024-10-24,M06,Consumption,-68.64
2024-10-24,M06,OnHandSnapshot,800.91
2024-10-25,M06,Consumption,-3.86
2024-10-25,M06,OnHandSnapshot,797.05
2024-10-26,M06,OnHandSnapshot,797.05
2024-10-27,M06,OnHandSnapshot,797.05
2024-10-28,M06,OnHandSnapshot,797.05
2024-10-29,M06,Consumption,-174.75
2024-10-29,M06,OnHandSnapshot,622.3
2024-10-30,M06,Consumption,-63.37
2024-10-30,M06,OnHandSnapshot,558.93
2024-10-31,M06,OnHandSnapshot,558.93
2024-11-01,M06,Consumption,-27.0
2024-11-01,M06,OnHandSnapshot,531.93
2024-11-02,M06,OnHandSnapshot,531.93
2024-11-03,M06,Consumption,-28.8
2024-11-03,M06,OnHandSnapshot,503.13
2024-11-04,M06,Consumption,-88.83
2024-11-04,M06,OnHandSnapshot,414.3
2024-11-05,M06,Receipt,1154.41
2024-11-05,M06,Consumption,-4.35
2024-11-05,M06,OnHandSnapshot,1564.37
2024-11-06,M06,OnHandSnapshot,1564.37
2024-11-07,M06,Consumption,-52.9
2024-11-07,M06,OnHandSnapshot,1511.47
2024-11-08,M06,OnHandSnapshot,1511.47
2024-11-09,M06,Consumption,-38.4
2024-11-09,M06,OnHandSnapshot,1473.07
2024-11-10,M06,OnHandSnapshot,1473.07
2024-11-11,M06,OnHandSnapshot,1473.07
2024-11-12,M06,Consumption,-43.4
2024-11-12,M06,OnHandSnapshot,1429.67
2024-11-13,M06,Consumption,-77.6
2024-11-13,M06,OnHandSnapshot,1352.07
2024-11-14,M06,Consumption,-147.36
2024-11-14,M06,OnHandSnapshot,1204.71
2024-11-15,M06,Consumption,-62.1
2024-11-15,M06,OnHandSnapshot,1142.61
2024-11-16,M06,Consumption,-39.6
2024-11-16,M06,OnHandSnapshot,1103.01
2024-11-17,M06,OnHandSnapshot,1103.01
2024-11-18,M06,OnHandSnapshot,1103.01
2024-11-19,M06,OnHandSnapshot,1103.01
2024-11-20,M06,Consumption,-0.94
2024-11-20,M06,OnHandSnapshot,1102.07
2024-11-21,M06,OnHandSnapshot,1102.07
2024-11-22,M06,OnHandSnapshot,1102.07
2024-11-23,M06,Consumption,-290.97
2024-11-23,M06,OnHandSnapshot,811.1
2024-11-24,M06,Consumption,-1.02
2024-11-24,M06,OnHandSnapshot,810.08
2024-11-25,M06,OnHandSnapshot,810.08
2024-11-26,M06,Consumption,-3.06
2024-11-26,M06,OnHandSnapshot,807.02
2024-11-27,M06,Consumption,-2.86
2024-11-27,M06,OnHandSnapshot,804.17
2024-11-28,M06,Consumption,-59.8
2024-11-28,M06,OnHandSnapshot,744.37
2024-11-29,M06,Consumption,-1.28
2024-11-29,M06,OnHandSnapshot,743.09
2024-11-30,M06,Consumption,-2.3
2024-11-30,M06,OnHandSnapshot,740.8
2024-12-01,M06,Consumption,-52.14
2024-12-01,M06,OnHandSnapshot,688.66
2024-12-02,M06,Consumption,-28.16
2024-12-02,M06,OnHandSnapshot,660.5
2024-12-03,M06,OnHandSnapshot,660.5
2024-12-04,M06,Consumption,-55.2
2024-12-04,M06,OnHandSnapshot,605.3
2024-12-05,M06,Consumption,-15.68
2024-12-05,M06,OnHandSnapshot,589.63
2024-12-06,M06,Receipt,1154.41
2024-12-06,M06,OnHandSnapshot,1744.04
2024-12-07,M06,Consumption,-42.0
2024-12-07,M06,OnHandSnapshot,1702.04
2024-12-08,M06,Consumption,-213.1
2024-12-08,M06,OnHandSnapshot,1488.94
2024-12-09,M06,OnHandSnapshot,1488.94
2024-12-10,M06,Consumption,-91.26
2024-12-10,M06,OnHandSnapshot,1397.69
2024-12-11,M06,Consumption,-7.47
2024-12-11,M06,OnHandSnapshot,1390.21
2024-12-12,M06,Consumption,-27.0
2024-12-12,M06,OnHandSnapshot,1363.21
2024-12-13,M06,Consumption,-64.4
2024-12-13,M06,OnHandSnapshot,1298.81
2024-12-14,M06,OnHandSnapshot,1298.81
2024-12-15,M06,OnHandSnapshot,1298.81
2024-12-16,M06,OnHandSnapshot,1298.81
2024-12-17,M06,Consumption,-175.24
2024-12-17,M06,OnHandSnapshot,1123.57
2024-12-18,M06,Consumption,-192.35
2024-12-18,M06,OnHandSnapshot,931.23
2024-12-19,M06,Consumption,-57.5
2024-12-19,M06,OnHandSnapshot,873.73
2024-12-20,M06,Consumption,-36.0
2024-12-20,M06,OnHandSnapshot,837.73
2024-12-21,M06,OnHandSnapshot,837.73
2024-12-22,M06,Consumption,-2.14
2024-12-22,M06,OnHandSnapshot,835.59
2024-12-23,M06,Consumption,-116.16
2024-12-23,M06,OnHandSnapshot,719.43
2024-12-24,M06,Consumption,-158.2
2024-12-24,M06,OnHandSnapshot,561.23
2024-12-25,M06,Consumption,-125.48
2024-12-25,M06,OnHandSnapshot,435.75
2024-12-26,M06,Consumption,-65.6
2024-12-26,M06,OnHandSnapshot,370.15
2024-12-27,M06,Consumption,-28.16
2024-12-27,M06,OnHandSnapshot,341.99
2024-12-28,M06,Consumption,-37.5
2024-12-28,M06,OnHandSnapshot,304.5
2024-12-29,M06,OnHandSnapshot,304.5
2024-12-30,M06,Consumption,-157.64
2024-12-30,M06,OnHandSnapshot,146.86
2024-12-31,M06,Receipt,1154.41
2024-12-31,M06,Consumption,-21.6
2024-12-31,M06,OnHandSnapshot,1279.67
2025-01-01,M06,Consumption,-73.11
2025-01-01,M06,OnHandSnapshot,1206.57
2025-01-02,M06,OnHandSnapshot,1206.57
2025-01-03,M06,Consumption,-55.28
2025-01-03,M06,OnHandSnapshot,1151.29
2025-01-04,M06,Consumption,-52.8
2025-01-04,M06,OnHandSnapshot,1098.49
2025-01-05,M06,OnHandSnapshot,1098.49
2025-01-06,M06,OnHandSnapshot,1098.49
2025-01-07,M06,Consumption,-148.82
2025-01-07,M06,OnHandSnapshot,949.67
2025-01-08,M06,Consumption,-97.6
2025-01-08,M06,OnHandSnapshot,852.07
2025-01-09,M06,Consumption,-20.0
2025-01-09,M06,OnHandSnapshot,832.07
2025-01-10,M06,Consumption,-26.1
2025-01-10,M06,OnHandSnapshot,805.97
2025-01-11,M06,Consumption,-20.0
2025-01-11,M06,OnHandSnapshot,785.97
2025-01-12,M06,Consumption,-55.2
2025-01-12,M06,OnHandSnapshot,730.77
2025-01-13,M06,OnHandSnapshot,730.77
2025-01-14,M06,Consumption,-150.34
2025-01-14,M06,OnHandSnapshot,580.43
2025-01-15,M06,Consumption,-59.8
2025-01-15,M06,OnHandSnapshot,520.63
2025-01-16,M06,Consumption,-99.2
2025-01-16,M06,OnHandSnapshot,421.43
2025-01-17,M06,OnHandSnapshot,421.43
2025-01-18,M06,Consumption,-56.47
2025-01-18,M06,OnHandSnapshot,364.96
2025-01-19,M06,OnHandSnapshot,364.96
2025-01-20,M06,Consumption,-29.88
2025-01-20,M06,OnHandSnapshot,335.08
2025-01-21,M06,Receipt,1154.41
2025-01-21,M06,Consumption,-151.16
2025-01-21,M06,OnHandSnapshot,1338.33
2025-01-22,M06,Consumption,-121.44
2025-01-22,M06,OnHandSnapshot,1216.89
2025-01-23,M06,OnHandSnapshot,1216.89
2025-01-24,M06,OnHandSnapshot,1216.89
2025-01-25,M06,OnHandSnapshot,1216.89
2025-01-26,M06,Consumption,-191.82
2025-01-26,M06,OnHandSnapshot,1025.07
2025-01-27,M06,Consumption,-123.89
2025-01-27,M06,OnHandSnapshot,901.19
2025-01-28,M06,Consumption,-84.26
2025-01-28,M06,OnHandSnapshot,816.93
2025-01-29,M06,Consumption,-33.6
2025-01-29,M06,OnHandSnapshot,783.33
2025-01-30,M06,Consumption,-2.3
2025-01-30,M06,OnHandSnapshot,781.03
2025-01-31,M06,OnHandSnapshot,781.03
2025-02-01,M06,Consumption,-1.28
2025-02-01,M06,OnHandSnapshot,779.76
2025-02-02,M06,OnHandSnapshot,779.76
2025-02-03,M06,Consumption,-140.72
2025-02-03,M06,OnHandSnapshot,639.04
2025-02-04,M06,Consumption,-65.2
2025-02-04,M06,OnHandSnapshot,573.84
2025-02-05,M06,Consumption,-54.56
2025-02-05,M06,OnHandSnapshot,519.28
2025-02-06,M06,Consumption,-42.0
2025-02-06,M06,OnHandSnapshot,477.28
2025-02-07,M06,Consumption,-4.51
2025-02-07,M06,OnHandSnapshot,472.77
2025-02-08,M06,Consumption,-60.0
2025-02-08,M06,OnHandSnapshot,412.77
2025-02-09,M06,Consumption,-1.28
2025-02-09,M06,OnHandSnapshot,411.49
2025-02-10,M06,OnHandSnapshot,411.49
2025-02-11,M06,Receipt,1154.41
2025-02-11,M06,Consumption,-110.4
2025-02-11,M06,OnHandSnapshot,1455.51
2025-02-12,M06,Consumption,-42.0
2025-02-12,M06,OnHandSnapshot,1413.51
2025-02-13,M06,Consumption,-12.48
2025-02-13,M06,OnHandSnapshot,1401.03
2025-02-14,M06,OnHandSnapshot,1401.03
2025-02-15,M06,OnHandSnapshot,1401.03
2025-02-16,M06,Consumption,-55.2
2025-02-16,M06,OnHandSnapshot,1345.83
2025-02-17,M06,Consumption,-4.35
2025-02-17,M06,OnHandSnapshot,1341.49
2025-02-18,M06,Consumption,-14.12
2025-02-18,M06,OnHandSnapshot,1327.37
2025-02-19,M06,Consumption,-178.56
2025-02-19,M06,OnHandSnapshot,1148.81
2025-02-20,M06,OnHandSnapshot,1148.81
2025-02-21,M06,OnHandSnapshot,1148.81
2025-02-22,M06,OnHandSnapshot,1148.81
2025-02-23,M06,OnHandSnapshot,1148.81
2025-02-24,M06,Consumption,-110.4
2025-02-24,M06,OnHandSnapshot,1038.41
2025-02-25,M06,OnHandSnapshot,1038.41
2025-02-26,M06,Consumption,-25.2
2025-02-26,M06,OnHandSnapshot,1013.21
2025-02-27,M06,Consumption,-22.8
2025-02-27,M06,OnHandSnapshot,990.41
2025-02-28,M06,Consumption,-21.0
2025-02-28,M06,OnHandSnapshot,969.41
2025-03-01,M06,OnHandSnapshot,969.41
2025-03-02,M06,OnHandSnapshot,969.41
2025-03-03,M06,OnHandSnapshot,969.41
2025-03-04,M06,Consumption,-36.0
2025-03-04,M06,OnHandSnapshot,933.41
2025-03-05,M06,Consumption,-57.6
2025-03-05,M06,OnHandSnapshot,875.81
2025-03-06,M06,Consumption,-4.97
2025-03-06,M06,OnHandSnapshot,870.84
2025-03-07,M06,OnHandSnapshot,870.84
2025-03-08,M06,OnHandSnapshot,870.84
2025-03-09,M06,OnHandSnapshot,870.84
2025-03-10,M06,Consumption,-42.0
2025-03-10,M06,OnHandSnapshot,828.84
2025-03-11,M06,OnHandSnapshot,828.84
2025-03-12,M06,Consumption,-121.44
2025-03-12,M06,OnHandSnapshot,707.4
2025-03-13,M06,Consumption,-45.6
2025-03-13,M06,OnHandSnapshot,661.8
2025-03-14,M06,Consumption,-110.4
2025-03-14,M06,OnHandSnapshot,551.4
2025-03-15,M06,Consumption,-97.63
2025-03-15,M06,OnHandSnapshot,453.77
2025-03-16,M06,OnHandSnapshot,453.77
2025-03-17,M06,Consumption,-3.57
2025-03-17,M06,OnHandSnapshot,450.2
2025-03-18,M06,Consumption,-176.16
2025-03-18,M06,OnHandSnapshot,274.04
2025-03-19,M06,OnHandSnapshot,274.04
2025-03-20,M06,Consumption,-2.65
2025-03-20,M06,OnHandSnapshot,271.39
2025-03-21,M06,OnHandSnapshot,271.39
2025-03-22,M06,Consumption,-109.1
2025-03-22,M06,OnHandSnapshot,162.29
2025-03-23,M06,Receipt,1154.41
2025-03-23,M06,Consumption,-70.08
2025-03-23,M06,OnHandSnapshot,1246.62
2025-03-24,M06,Consumption,-4.19
2025-03-24,M06,OnHandSnapshot,1242.44
2025-03-25,M06,OnHandSnapshot,1242.44
2025-03-26,M06,Consumption,-80.48
2025-03-26,M06,OnHandSnapshot,1161.96
2025-03-27,M06,Consumption,-142.3
2025-03-27,M06,OnHandSnapshot,1019.66
2025-03-28,M06,Consumption,-124.2
2025-03-28,M06,OnHandSnapshot,895.46
2025-03-29,M06,OnHandSnapshot,895.46
2025-03-30,M06,OnHandSnapshot,895.46
2025-03-31,M06,Consumption,-40.6
2025-03-31,M06,OnHandSnapshot,854.86
2025-04-01,M06,Consumption,-37.58
2025-04-01,M06,OnHandSnapshot,817.28
2025-04-02,M06,Consumption,-1.28
2025-04-02,M06,OnHandSnapshot,816.01
2025-04-03,M06,Consumption,-88.06
2025-04-03,M06,OnHandSnapshot,727.95
2025-04-04,M06,Consumption,-55.2
2025-04-04,M06,OnHandSnapshot,672.75
2025-04-05,M06,Consumption,-63.18
2025-04-05,M06,OnHandSnapshot,609.57
2025-04-06,M06,OnHandSnapshot,609.57
2025-04-07,M06,Consumption,-144.32
2025-04-07,M06,OnHandSnapshot,465.26
2025-04-08,M06,Consumption,-69.6
2025-04-08,M06,OnHandSnapshot,395.66
2025-04-09,M06,Consumption,-86.29
2025-04-09,M06,OnHandSnapshot,309.36
2025-04-10,M06,OnHandSnapshot,309.36
2025-04-11,M06,Receipt,1154.41
2025-04-11,M06,Consumption,-17.6
2025-04-11,M06,OnHandSnapshot,1446.18
2025-04-12,M06,OnHandSnapshot,1446.18
2025-04-13,M06,Consumption,-115.2
2025-04-13,M06,OnHandSnapshot,1330.98
2025-04-14,M06,Consumption,-72.0
2025-04-14,M06,OnHandSnapshot,1258.98
2025-04-15,M06,OnHandSnapshot,1258.98
2025-04-16,M06,Consumption,-99.2
2025-04-16,M06,OnHandSnapshot,1159.78
2025-04-17,M06,OnHandSnapshot,1159.78
2025-04-18,M06,Consumption,-174.44
2025-04-18,M06,OnHandSnapshot,985.34
2025-04-19,M06,OnHandSnapshot,985.34
2025-04-20,M06,OnHandSnapshot,985.34
2025-04-21,M06,Consumption,-83.46
2025-04-21,M06,OnHandSnapshot,901.88
2025-04-22,M06,OnHandSnapshot,901.88
2025-04-23,M06,OnHandSnapshot,901.88
2025-04-24,M06,Consumption,-4.35
2025-04-24,M06,OnHandSnapshot,897.53
2025-04-25,M06,OnHandSnapshot,897.53
2025-04-26,M06,Consumption,-4.19
2025-04-26,M06,OnHandSnapshot,893.35
2025-04-27,M06,Consumption,-156.3
2025-04-27,M06,OnHandSnapshot,737.05
2025-04-28,M06,OnHandSnapshot,737.05
2025-04-29,M06,OnHandSnapshot,737.05
2025-04-30,M06,Consumption,-27.9
2025-04-30,M06,OnHandSnapshot,709.15
2025-05-01,M06,Consumption,-2.3
2025-05-01,M06,OnHandSnapshot,706.85
2025-05-02,M06,Consumption,-93.06
2025-05-02,M06,OnHandSnapshot,613.79
2025-05-03,M06,Consumption,-48.58
2025-05-03,M06,OnHandSnapshot,565.21
2025-05-04,M06,Receipt,1154.41
2025-05-04,M06,OnHandSnapshot,1719.62
2025-05-05,M06,Consumption,-221.28
2025-05-05,M06,OnHandSnapshot,1498.35
2025-05-06,M06,Consumption,-6.66
2025-05-06,M06,OnHandSnapshot,1491.69
2025-05-07,M06,Consumption,-27.0
2025-05-07,M06,OnHandSnapshot,1464.69
2025-05-08,M06,Consumption,-63.39
2025-05-08,M06,OnHandSnapshot,1401.3
2025-05-09,M06,OnHandSnapshot,1401.3
2025-05-10,M06,Consumption,-82.75
2025-05-10,M06,OnHandSnapshot,1318.55
2025-05-11,M06,Consumption,-3.06
2025-05-11,M06,OnHandSnapshot,1315.49
2025-05-12,M06,Consumption,-59.11
2025-05-12,M06,OnHandSnapshot,1256.38
2025-05-13,M06,Consumption,-64.8
2025-05-13,M06,OnHandSnapshot,1191.58
2025-05-14,M06,Consumption,-43.4
2025-05-14,M06,OnHandSnapshot,1148.18
2025-05-15,M06,Consumption,-62.0
2025-05-15,M06,OnHandSnapshot,1086.18
2025-05-16,M06,Consumption,-126.72
2025-05-16,M06,OnHandSnapshot,959.46
2025-05-17,M06,OnHandSnapshot,959.46
2025-05-18,M06,OnHandSnapshot,959.46
2025-05-19,M06,Consumption,-15.6
2025-05-19,M06,OnHandSnapshot,943.86
2025-05-20,M06,Consumption,-19.36
2025-05-20,M06,OnHandSnapshot,924.5
2025-05-21,M06,OnHandSnapshot,924.5
2025-05-22,M06,Consumption,-60.0
2025-05-22,M06,OnHandSnapshot,864.5
2025-05-23,M06,OnHandSnapshot,864.5
2025-05-24,M06,Consumption,-57.5
2025-05-24,M06,OnHandSnapshot,807.01
2025-05-25,M06,OnHandSnapshot,807.01
2025-05-26,M06,OnHandSnapshot,807.01
2025-05-27,M06,OnHandSnapshot,807.01
2025-05-28,M06,Consumption,-68.64
2025-05-28,M06,OnHandSnapshot,738.37
2025-05-29,M06,Consumption,-72.0
2025-05-29,M06,OnHandSnapshot,666.37
2025-05-30,M06,Consumption,-55.2
2025-05-30,M06,OnHandSnapshot,611.17
2025-05-31,M06,Receipt,1154.41
2025-05-31,M06,Consumption,-154.12
2025-05-31,M06,OnHandSnapshot,1611.46
2025-06-01,M06,Consumption,-11.18
2025-06-01,M06,OnHandSnapshot,1600.28
2025-06-02,M06,Consumption,-55.2
2025-06-02,M06,OnHandSnapshot,1545.08
2025-06-03,M06,Consumption,-58.3
2025-06-03,M06,OnHandSnapshot,1486.79
2025-06-04,M06,OnHandSnapshot,1486.79
2025-06-05,M06,OnHandSnapshot,1486.79
2025-06-06,M06,Consumption,-2.3
2025-06-06,M06,OnHandSnapshot,1484.49
2025-06-07,M06,Consumption,-103.2
2025-06-07,M06,OnHandSnapshot,1381.29
2025-06-08,M06,Consumption,-27.0
2025-06-08,M06,OnHandSnapshot,1354.29
2025-06-09,M06,Consumption,-173.06
2025-06-09,M06,OnHandSnapshot,1181.24
2025-06-10,M06,OnHandSnapshot,1181.24
2025-06-11,M06,Consumption,-86.4
2025-06-11,M06,OnHandSnapshot,1094.84
2025-06-12,M06,OnHandSnapshot,1094.84
2025-06-13,M06,OnHandSnapshot,1094.84
2025-06-14,M06,Consumption,-18.3
2025-06-14,M06,OnHandSnapshot,1076.54
2025-06-15,M06,Consumption,-26.1
2025-06-15,M06,OnHandSnapshot,1050.44
2025-06-16,M06,Consumption,-128.4
2025-06-16,M06,OnHandSnapshot,922.04
2025-06-17,M06,Consumption,-52.7
2025-06-17,M06,OnHandSnapshot,869.34
2025-06-18,M06,Consumption,-1.28
2025-06-18,M06,OnHandSnapshot,868.07
2025-06-19,M06,OnHandSnapshot,868.07
2025-06-20,M06,Consumption,-113.0
2025-06-20,M06,OnHandSnapshot,755.07
2025-06-21,M06,Consumption,-157.6
2025-06-21,M06,OnHandSnapshot,597.47
2025-06-22,M06,OnHandSnapshot,597.47
2025-06-23,M06,OnHandSnapshot,597.47
2025-06-24,M06,Consumption,-55.89
2025-06-24,M06,OnHandSnapshot,541.58
2025-06-25,M06,OnHandSnapshot,541.58
2025-06-26,M06,Receipt,1154.41
2025-06-26,M06,OnHandSnapshot,1696.0
2025-06-27,M06,Consumption,-126.72
2025-06-27,M06,OnHandSnapshot,1569.28
2025-06-28,M06,OnHandSnapshot,1569.28
2025-06-29,M06,Consumption,-63.44
2025-06-29,M06,OnHandSnapshot,1505.84
2025-06-30,M06,OnHandSnapshot,1505.84
2025-07-01,M06,Consumption,-80.69
2025-07-01,M06,OnHandSnapshot,1425.14
2025-07-02,M06,Consumption,-60.0
2025-07-02,M06,OnHandSnapshot,1365.14
2025-07-03,M06,Consumption,-97.2
2025-07-03,M06,OnHandSnapshot,1267.94
2025-07-04,M06,OnHandSnapshot,1267.94
2025-07-05,M06,Consumption,-36.8
2025-07-05,M06,OnHandSnapshot,1231.14
2025-07-06,M06,OnHandSnapshot,1231.14
2025-07-07,M06,Consumption,-52.8
2025-07-07,M06,OnHandSnapshot,1178.34
2025-07-08,M06,Consumption,-116.48
2025-07-08,M06,OnHandSnapshot,1061.87
2025-07-09,M06,Consumption,-128.8
2025-07-09,M06,OnHandSnapshot,933.07
2025-07-10,M06,OnHandSnapshot,933.07
2025-07-11,M06,Consumption,-19.2
2025-07-11,M06,OnHandSnapshot,913.87
2025-07-12,M06,Consumption,-172.72
2025-07-12,M06,OnHandSnapshot,741.15
2025-07-13,M06,Consumption,-82.68
2025-07-13,M06,OnHandSnapshot,658.47
2025-07-14,M06,Consumption,-36.0
2025-07-14,M06,OnHandSnapshot,622.47
2025-07-15,M06,Consumption,-92.0
2025-07-15,M06,OnHandSnapshot,530.47
2025-07-16,M06,OnHandSnapshot,530.47
2025-07-17,M06,Consumption,-2.3
2025-07-17,M06,OnHandSnapshot,528.17
2025-07-18,M06,OnHandSnapshot,528.17
2025-07-19,M06,Receipt,1154.41
2025-07-19,M06,Consumption,-183.3
2025-07-19,M06,OnHandSnapshot,1499.28
2025-07-20,M06,Consumption,-170.8
2025-07-20,M06,OnHandSnapshot,1328.48
2025-07-21,M06,OnHandSnapshot,1328.48
2025-07-22,M06,OnHandSnapshot,1328.48
2025-07-23,M06,Consumption,-104.6
2025-07-23,M06,OnHandSnapshot,1223.88
2025-07-24,M06,Consumption,-2.65
2025-07-24,M06,OnHandSnapshot,1221.23
2025-07-25,M06,OnHandSnapshot,1221.23
2025-07-26,M06,Consumption,-14.56
2025-07-26,M06,OnHandSnapshot,1206.67
2025-07-27,M06,Consumption,-97.07
2025-07-27,M06,OnHandSnapshot,1109.6
2025-07-28,M06,Consumption,-43.4
2025-07-28,M06,OnHandSnapshot,1066.2
2025-07-29,M06,Consumption,-12.6
2025-07-29,M06,OnHandSnapshot,1053.6
2025-07-30,M06,OnHandSnapshot,1053.6
2025-07-31,M06,Consumption,-42.24
2025-07-31,M06,OnHandSnapshot,1011.36
2025-08-01,M06,Consumption,-121.44
2025-08-01,M06,OnHandSnapshot,889.92
2025-08-02,M06,OnHandSnapshot,889.92
2025-08-03,M06,Consumption,-11.18
2025-08-03,M06,OnHandSnapshot,878.74
2025-08-04,M06,Consumption,-121.44
2025-08-04,M06,OnHandSnapshot,757.3
2025-08-05,M06,OnHandSnapshot,757.3
2025-08-06,M06,Consumption,-119.7
2025-08-06,M06,OnHandSnapshot,637.6
2025-08-07,M06,Consumption,-1.63
2025-08-07,M06,OnHandSnapshot,635.97
2025-08-08,M06,OnHandSnapshot,635.97
2025-08-09,M06,Consumption,-132.9
2025-08-09,M06,OnHandSnapshot,503.07
2025-08-10,M06,Consumption,-1.28
2025-08-10,M06,OnHandSnapshot,501.79
2025-08-11,M06,Receipt,1154.41
2025-08-11,M06,OnHandSnapshot,1656.21
2025-08-12,M06,Consumption,-95.04
2025-08-12,M06,OnHandSnapshot,1561.17
2025-08-13,M06,Consumption,-121.82
2025-08-13,M06,OnHandSnapshot,1439.34
2025-08-14,M06,Consumption,-114.9
2025-08-14,M06,OnHandSnapshot,1324.44
2025-08-15,M06,Consumption,-2.3
2025-08-15,M06,OnHandSnapshot,1322.15
2025-08-16,M06,Consumption,-11.18
2025-08-16,M06,OnHandSnapshot,1310.97
2025-08-17,M06,OnHandSnapshot,1310.97
2025-08-18,M06,Consumption,-2.09
2025-08-18,M06,OnHandSnapshot,1308.88
2025-08-19,M06,OnHandSnapshot,1308.88
2025-08-20,M06,Consumption,-82.8
2025-08-20,M06,OnHandSnapshot,1226.08
2025-08-21,M06,Consumption,-3.06
2025-08-21,M06,OnHandSnapshot,1223.02
2025-08-22,M06,Consumption,-119.6
2025-08-22,M06,OnHandSnapshot,1103.42
2025-08-23,M06,Consumption,-106.8
2025-08-23,M06,OnHandSnapshot,996.62
2025-08-24,M06,Consumption,-112.8
2025-08-24,M06,OnHandSnapshot,883.82
2025-08-25,M06,Consumption,-58.77
2025-08-25,M06,OnHandSnapshot,825.05
2025-08-26,M06,Consumption,-302.96
2025-08-26,M06,OnHandSnapshot,522.09
2025-08-27,M06,OnHandSnapshot,522.09
2025-08-28,M06,OnHandSnapshot,522.09
2025-08-29,M06,Consumption,-9.6
2025-08-29,M06,OnHandSnapshot,512.49
2025-08-30,M06,OnHandSnapshot,512.49
2025-08-31,M06,OnHandSnapshot,512.49
2025-09-01,M06,OnHandSnapshot,512.49
2025-09-02,M06,Receipt,1154.41
2025-09-02,M06,Consumption,-26.28
2025-09-02,M06,OnHandSnapshot,1640.62
2025-09-03,M06,Consumption,-226.56
2025-09-03,M06,OnHandSnapshot,1414.06
2025-09-04,M06,OnHandSnapshot,1414.06
2025-09-05,M06,OnHandSnapshot,1414.06
2025-09-06,M06,OnHandSnapshot,1414.06
2025-09-07,M06,Consumption,-35.0
2025-09-07,M06,OnHandSnapshot,1379.06
2025-09-08,M06,OnHandSnapshot,1379.06
2025-09-09,M06,Consumption,-59.8
2025-09-09,M06,OnHandSnapshot,1319.26
2025-09-10,M06,Consumption,-55.2
2025-09-10,M06,OnHandSnapshot,1264.06
2025-09-11,M06,OnHandSnapshot,1264.06
2025-09-12,M06,Consumption,-6.64
2025-09-12,M06,OnHandSnapshot,1257.42
2025-09-13,M06,OnHandSnapshot,1257.42
2025-09-14,M06,Consumption,-11.59
2025-09-14,M06,OnHandSnapshot,1245.82
2025-09-15,M06,Consumption,-93.28
2025-09-15,M06,OnHandSnapshot,1152.55
2025-09-16,M06,Consumption,-55.2
2025-09-16,M06,OnHandSnapshot,1097.35
2025-09-17,M06,Consumption,-1.22
2025-09-17,M06,OnHandSnapshot,1096.12
2025-09-18,M06,Consumption,-4.19
2025-09-18,M06,OnHandSnapshot,1091.94
2025-09-19,M06,OnHandSnapshot,1091.94
2025-09-20,M06,OnHandSnapshot,1091.94
2025-09-21,M06,Consumption,-83.36
2025-09-21,M06,OnHandSnapshot,1008.58
2025-09-22,M06,OnHandSnapshot,1008.58
2025-09-23,M06,Consumption,-15.11
2025-09-23,M06,OnHandSnapshot,993.47
2025-09-24,M06,Consumption,-10.76
2025-09-24,M06,OnHandSnapshot,982.7
2025-09-25,M06,Consumption,-7.2
2025-09-25,M06,OnHandSnapshot,975.5
2025-09-26,M06,OnHandSnapshot,975.5
2025-09-27,M06,Consumption,-132.07
2025-09-27,M06,OnHandSnapshot,843.44
2025-09-28,M06,Consumption,-64.64
2025-09-28,M06,OnHandSnapshot,778.8
2025-09-29,M06,Consumption,-93.4
2025-09-29,M06,OnHandSnapshot,685.4
2025-09-30,M06,Consumption,-145.2
2025-09-30,M06,OnHandSnapshot,540.2
2025-10-01,M06,Consumption,-129.78
2025-10-01,M06,OnHandSnapshot,410.42
2025-10-02,M06,Consumption,-3.6
2025-10-02,M06,OnHandSnapshot,406.82
2025-10-03,M06,Consumption,-82.8
2025-10-03,M06,OnHandSnapshot,324.02
2025-10-04,M06,Consumption,-160.8
2025-10-04,M06,OnHandSnapshot,163.22
2025-10-05,M06,Consumption,-46.35
2025-10-05,M06,OnHandSnapshot,116.88
2025-10-06,M06,OnHandSnapshot,116.88
2025-10-07,M06,Receipt,1154.41
2025-10-07,M06,OnHandSnapshot,1271.29
2025-10-08,M06,Consumption,-51.73
2025-10-08,M06,OnHandSnapshot,1219.56
2025-10-09,M06,OnHandSnapshot,1219.56
2025-10-10,M06,Consumption,-16.8
2025-10-10,M06,OnHandSnapshot,1202.76
2025-10-11,M06,Consumption,-28.16
2025-10-11,M06,OnHandSnapshot,1174.6
2025-10-12,M06,OnHandSnapshot,1174.6
2025-10-13,M06,Consumption,-138.72
2025-10-13,M06,OnHandSnapshot,1035.88
2025-10-14,M06,OnHandSnapshot,1035.88
2025-10-15,M06,OnHandSnapshot,1035.88
2025-10-16,M06,Consumption,-8.32
2025-10-16,M06,OnHandSnapshot,1027.57
2025-10-17,M06,Consumption,-86.4
2025-10-17,M06,OnHandSnapshot,941.17
2025-10-18,M06,Consumption,-87.9
2025-10-18,M06,OnHandSnapshot,853.27
2025-10-19,M06,Consumption,-80.0
2025-10-19,M06,OnHandSnapshot,773.27
2025-10-20,M06,Consumption,-58.91
2025-10-20,M06,OnHandSnapshot,714.36
2025-10-21,M06,Consumption,-1.28
2025-10-21,M06,OnHandSnapshot,713.09
2025-10-22,M06,Consumption,-40.6
2025-10-22,M06,OnHandSnapshot,672.49
2025-10-23,M06,Consumption,-149.5
2025-10-23,M06,OnHandSnapshot,522.99
2025-10-24,M06,Consumption,-37.8
2025-10-24,M06,OnHandSnapshot,485.19
2025-10-25,M06,OnHandSnapshot,485.19
2025-10-26,M06,OnHandSnapshot,485.19
2025-10-27,M06,Receipt,1154.41
2025-10-27,M06,Consumption,-18.0
2025-10-27,M06,OnHandSnapshot,1621.6
2025-10-28,M06,OnHandSnapshot,1621.6
2025-10-29,M06,Consumption,-238.2
2025-10-29,M06,OnHandSnapshot,1383.4
2025-10-30,M06,Consumption,-52.8
2025-10-30,M06,OnHandSnapshot,1330.6
2025-10-31,M06,OnHandSnapshot,1330.6
2025-11-01,M06,Consumption,-111.54
2025-11-01,M06,OnHandSnapshot,1219.06
2025-11-02,M06,Consumption,-193.68
2025-11-02,M06,OnHandSnapshot,1025.38
2025-11-03,M06,Consumption,-16.8
2025-11-03,M06,OnHandSnapshot,1008.58
2025-11-04,M06,OnHandSnapshot,1008.58
2025-11-05,M06,Consumption,-57.6
2025-11-05,M06,OnHandSnapshot,950.98
2025-11-06,M06,Consumption,-126.72
2025-11-06,M06,OnHandSnapshot,824.26
2025-11-07,M06,OnHandSnapshot,824.26
2025-11-08,M06,Consumption,-100.82
2025-11-08,M06,OnHandSnapshot,723.44
2025-11-09,M06,Consumption,-47.91
2025-11-09,M06,OnHandSnapshot,675.53
2025-11-10,M06,Consumption,-27.9
2025-11-10,M06,OnHandSnapshot,647.63
2025-11-11,M06,Consumption,-27.9
2025-11-11,M06,OnHandSnapshot,619.73
2025-11-12,M06,Consumption,-124.2
2025-11-12,M06,OnHandSnapshot,495.53
2025-11-13,M06,Consumption,-67.41
2025-11-13,M06,OnHandSnapshot,428.12
2025-11-14,M06,OnHandSnapshot,428.12
2025-11-15,M06,Receipt,1154.41
2025-11-15,M06,OnHandSnapshot,1582.53
2025-11-16,M06,Consumption,-73.4
2025-11-16,M06,OnHandSnapshot,1509.13
2025-11-17,M06,OnHandSnapshot,1509.13
2025-11-18,M06,Consumption,-126.72
2025-11-18,M06,OnHandSnapshot,1382.41
2025-11-19,M06,Consumption,-6.64
2025-11-19,M06,OnHandSnapshot,1375.77
2025-11-20,M06,OnHandSnapshot,1375.77
2025-11-21,M06,Consumption,-98.69
2025-11-21,M06,OnHandSnapshot,1277.08
2025-11-22,M06,Consumption,-306.76
2025-11-22,M06,OnHandSnapshot,970.32
2025-11-23,M06,Consumption,-116.3
2025-11-23,M06,OnHandSnapshot,854.02
2025-11-24,M06,OnHandSnapshot,854.02
2025-11-25,M06,Consumption,-1.28
2025-11-25,M06,OnHandSnapshot,852.74
2025-11-26,M06,Consumption,-7.45
2025-11-26,M06,OnHandSnapshot,845.29
2025-11-27,M06,Consumption,-139.3
2025-11-27,M06,OnHandSnapshot,705.99
2025-11-28,M06,Consumption,-124.2
2025-11-28,M06,OnHandSnapshot,581.79
2025-11-29,M06,Consumption,-50.47
2025-11-29,M06,OnHandSnapshot,531.32
2025-11-30,M06,OnHandSnapshot,531.32
2025-12-01,M06,Consumption,-57.6
2025-12-01,M06,OnHandSnapshot,473.72
2025-12-02,M06,OnHandSnapshot,473.72
2025-12-03,M06,Consumption,-28.02
2025-12-03,M06,OnHandSnapshot,445.69
2025-12-04,M06,Consumption,-1.28
2025-12-04,M06,OnHandSnapshot,444.42
2025-12-05,M06,Receipt,1154.41
2025-12-05,M06,OnHandSnapshot,1598.83
2025-12-06,M06,Consumption,-56.92
2025-12-06,M06,OnHandSnapshot,1541.91
2025-12-07,M06,Consumption,-45.0
2025-12-07,M06,OnHandSnapshot,1496.91
2025-12-08,M06,Consumption,-61.83
2025-12-08,M06,OnHandSnapshot,1435.08
2025-12-09,M06,Consumption,-52.8
2025-12-09,M06,OnHandSnapshot,1382.28
2025-12-10,M06,OnHandSnapshot,1382.28
2025-12-11,M06,OnHandSnapshot,1382.28
2025-12-12,M06,OnHandSnapshot,1382.28
2025-12-13,M06,Consumption,-14.25
2025-12-13,M06,OnHandSnapshot,1368.03
2025-12-14,M06,Consumption,-13.8
2025-12-14,M06,OnHandSnapshot,1354.23
2025-12-15,M06,OnHandSnapshot,1354.23
2025-12-16,M06,Consumption,-6.64
2025-12-16,M06,OnHandSnapshot,1347.59
2025-12-17,M06,Consumption,-151.44
2025-12-17,M06,OnHandSnapshot,1196.15
2025-12-18,M06,Consumption,-137.25
2025-12-18,M06,OnHandSnapshot,1058.9
2025-12-19,M06,Consumption,-1.53
2025-12-19,M06,OnHandSnapshot,1057.37
2025-12-20,M06,Consumption,-15.69
2025-12-20,M06,OnHandSnapshot,1041.69
2025-12-21,M06,Consumption,-227.12
2025-12-21,M06,OnHandSnapshot,814.57
2025-12-22,M06,Consumption,-7.72
2025-12-22,M06,OnHandSnapshot,806.85
2025-12-23,M06,Consumption,-90.46
2025-12-23,M06,OnHandSnapshot,716.39
2025-12-24,M06,Consumption,-11.5
2025-12-24,M06,OnHandSnapshot,704.89
2025-12-25,M06,Consumption,-97.2
2025-12-25,M06,OnHandSnapshot,607.69
2025-12-26,M06,Consumption,-1.28
2025-12-26,M06,OnHandSnapshot,606.41
2025-12-27,M06,Consumption,-43.19
2025-12-27,M06,OnHandSnapshot,563.22
2025-12-28,M06,OnHandSnapshot,563.22
2025-12-29,M06,Receipt,1154.41
2025-12-29,M06,Consumption,-3.06
2025-12-29,M06,OnHandSnapshot,1714.58
2025-12-30,M06,Consumption,-4.34
2025-12-30,M06,OnHandSnapshot,1710.24
2025-12-31,M06,OnHandSnapshot,1710.24
2024-01-01,M07,OnHandSnapshot,647.15
2024-01-02,M07,OnHandSnapshot,647.15
2024-01-03,M07,Consumption,-30.0
2024-01-03,M07,OnHandSnapshot,617.15
2024-01-04,M07,Consumption,-30.0
2024-01-04,M07,OnHandSnapshot,587.15
2024-01-05,M07,OnHandSnapshot,587.15
2024-01-06,M07,Consumption,-74.0
2024-01-06,M07,OnHandSnapshot,513.15
2024-01-07,M07,Consumption,-76.0
2024-01-07,M07,OnHandSnapshot,437.15
2024-01-08,M07,Consumption,-36.0
2024-01-08,M07,OnHandSnapshot,401.15
2024-01-09,M07,Consumption,-86.0
2024-01-09,M07,OnHandSnapshot,315.15
2024-01-10,M07,Consumption,-58.0
2024-01-10,M07,OnHandSnapshot,257.15
2024-01-11,M07,OnHandSnapshot,257.15
2024-01-12,M07,Receipt,1747.32
2024-01-12,M07,OnHandSnapshot,2004.47
2024-01-13,M07,OnHandSnapshot,2004.47
2024-01-14,M07,OnHandSnapshot,2004.47
2024-01-15,M07,Consumption,-120.0
2024-01-15,M07,OnHandSnapshot,1884.47
2024-01-16,M07,Consumption,-64.0
2024-01-16,M07,OnHandSnapshot,1820.47
2024-01-17,M07,Consumption,-30.0
2024-01-17,M07,OnHandSnapshot,1790.47
2024-01-18,M07,Consumption,-78.0
2024-01-18,M07,OnHandSnapshot,1712.47
2024-01-19,M07,OnHandSnapshot,1712.47
2024-01-20,M07,Consumption,-28.0
2024-01-20,M07,OnHandSnapshot,1684.47
2024-01-21,M07,Consumption,-44.0
2024-01-21,M07,OnHandSnapshot,1640.47
2024-01-22,M07,Consumption,-46.0
2024-01-22,M07,OnHandSnapshot,1594.47
2024-01-23,M07,OnHandSnapshot,1594.47
2024-01-24,M07,Consumption,-226.0
2024-01-24,M07,OnHandSnapshot,1368.47
2024-01-25,M07,OnHandSnapshot,1368.47
2024-01-26,M07,OnHandSnapshot,1368.47
2024-01-27,M07,OnHandSnapshot,1368.47
2024-01-28,M07,Consumption,-30.0
2024-01-28,M07,OnHandSnapshot,1338.47
2024-01-29,M07,Consumption,-86.0
2024-01-29,M07,OnHandSnapshot,1252.47
2024-01-30,M07,OnHandSnapshot,1252.47
2024-01-31,M07,Consumption,-16.0
2024-01-31,M07,OnHandSnapshot,1236.47
2024-02-01,M07,Consumption,-14.0
2024-02-01,M07,OnHandSnapshot,1222.47
2024-02-02,M07,OnHandSnapshot,1222.47
2024-02-03,M07,OnHandSnapshot,1222.47
2024-02-04,M07,OnHandSnapshot,1222.47
2024-02-05,M07,Consumption,-96.0
2024-02-05,M07,OnHandSnapshot,1126.47
2024-02-06,M07,OnHandSnapshot,1126.47
2024-02-07,M07,Consumption,-114.0
2024-02-07,M07,OnHandSnapshot,1012.47
2024-02-08,M07,Consumption,-120.0
2024-02-08,M07,OnHandSnapshot,892.47
2024-02-09,M07,OnHandSnapshot,892.47
2024-02-10,M07,Consumption,-88.0
2024-02-10,M07,OnHandSnapshot,804.47
2024-02-11,M07,Consumption,-14.0
2024-02-11,M07,OnHandSnapshot,790.47
2024-02-12,M07,Consumption,-34.0
2024-02-12,M07,OnHandSnapshot,756.47
2024-02-13,M07,OnHandSnapshot,756.47
2024-02-14,M07,Consumption,-46.0
2024-02-14,M07,OnHandSnapshot,710.47
2024-02-15,M07,OnHandSnapshot,710.47
2024-02-16,M07,Consumption,-54.0
2024-02-16,M07,OnHandSnapshot,656.47
2024-02-17,M07,Consumption,-48.0
2024-02-17,M07,OnHandSnapshot,608.47
2024-02-18,M07,Consumption,-14.0
2024-02-18,M07,OnHandSnapshot,594.47
2024-02-19,M07,Consumption,-128.0
2024-02-19,M07,OnHandSnapshot,466.47
2024-02-20,M07,Consumption,-30.0
2024-02-20,M07,OnHandSnapshot,436.47
2024-02-21,M07,OnHandSnapshot,436.47
2024-02-22,M07,Consumption,-24.0
2024-02-22,M07,OnHandSnapshot,412.47
2024-02-23,M07,Receipt,1747.32
2024-02-23,M07,OnHandSnapshot,2159.79
2024-02-24,M07,Consumption,-30.0
2024-02-24,M07,OnHandSnapshot,2129.79
2024-02-25,M07,Consumption,-30.0
2024-02-25,M07,OnHandSnapshot,2099.79
2024-02-26,M07,Consumption,-30.0
2024-02-26,M07,OnHandSnapshot,2069.79
2024-02-27,M07,Consumption,-72.0
2024-02-27,M07,OnHandSnapshot,1997.79
2024-02-28,M07,Consumption,-66.0
2024-02-28,M07,OnHandSnapshot,1931.79
2024-02-29,M07,OnHandSnapshot,1931.79
2024-03-01,M07,OnHandSnapshot,1931.79
2024-03-02,M07,Consumption,-88.0
2024-03-02,M07,OnHandSnapshot,1843.79
2024-03-03,M07,OnHandSnapshot,1843.79
2024-03-04,M07,OnHandSnapshot,1843.79
2024-03-05,M07,Consumption,-60.0
2024-03-05,M07,OnHandSnapshot,1783.79
2024-03-06,M07,Consumption,-32.0
2024-03-06,M07,OnHandSnapshot,1751.79
2024-03-07,M07,Consumption,-46.0
2024-03-07,M07,OnHandSnapshot,1705.79
2024-03-08,M07,OnHandSnapshot,1705.79
2024-03-09,M07,OnHandSnapshot,1705.79
2024-03-10,M07,OnHandSnapshot,1705.79
2024-03-11,M07,Consumption,-86.0
2024-03-11,M07,OnHandSnapshot,1619.79
2024-03-12,M07,OnHandSnapshot,1619.79
2024-03-13,M07,Consumption,-162.0
2024-03-13,M07,OnHandSnapshot,1457.79
2024-03-14,M07,OnHandSnapshot,1457.79
2024-03-15,M07,OnHandSnapshot,1457.79
2024-03-16,M07,OnHandSnapshot,1457.79
2024-03-17,M07,Consumption,-44.0
2024-03-17,M07,OnHandSnapshot,1413.79
2024-03-18,M07,Consumption,-74.0
2024-03-18,M07,OnHandSnapshot,1339.79
2024-03-19,M07,OnHandSnapshot,1339.79
2024-03-20,M07,OnHandSnapshot,1339.79
2024-03-21,M07,Consumption,-54.0
2024-03-21,M07,OnHandSnapshot,1285.79
2024-03-22,M07,Consumption,-46.0
2024-03-22,M07,OnHandSnapshot,1239.79
2024-03-23,M07,Consumption,-42.0
2024-03-23,M07,OnHandSnapshot,1197.79
2024-03-24,M07,Consumption,-74.0
2024-03-24,M07,OnHandSnapshot,1123.79
2024-03-25,M07,Consumption,-32.0
2024-03-25,M07,OnHandSnapshot,1091.79
2024-03-26,M07,Consumption,-62.0
2024-03-26,M07,OnHandSnapshot,1029.79
2024-03-27,M07,OnHandSnapshot,1029.79
2024-03-28,M07,Consumption,-60.0
2024-03-28,M07,OnHandSnapshot,969.79
2024-03-29,M07,OnHandSnapshot,969.79
2024-03-30,M07,Consumption,-78.0
2024-03-30,M07,OnHandSnapshot,891.79
2024-03-31,M07,OnHandSnapshot,891.79
2024-04-01,M07,Consumption,-54.0
2024-04-01,M07,OnHandSnapshot,837.79
2024-04-02,M07,OnHandSnapshot,837.79
2024-04-03,M07,Consumption,-60.0
2024-04-03,M07,OnHandSnapshot,777.79
2024-04-04,M07,Receipt,1747.32
2024-04-04,M07,OnHandSnapshot,2525.11
2024-04-05,M07,OnHandSnapshot,2525.11
2024-04-06,M07,OnHandSnapshot,2525.11
2024-04-07,M07,Consumption,-46.0
2024-04-07,M07,OnHandSnapshot,2479.11
2024-04-08,M07,OnHandSnapshot,2479.11
2024-04-09,M07,Consumption,-78.0
2024-04-09,M07,OnHandSnapshot,2401.11
2024-04-10,M07,OnHandSnapshot,2401.11
2024-04-11,M07,OnHandSnapshot,2401.11
2024-04-12,M07,OnHandSnapshot,2401.11
2024-04-13,M07,Consumption,-22.0
2024-04-13,M07,OnHandSnapshot,2379.11
2024-04-14,M07,OnHandSnapshot,2379.11
2024-04-15,M07,OnHandSnapshot,2379.11
2024-04-16,M07,OnHandSnapshot,2379.11
2024-04-17,M07,OnHandSnapshot,2379.11
2024-04-18,M07,Consumption,-104.0
2024-04-18,M07,OnHandSnapshot,2275.11
2024-04-19,M07,Consumption,-12.0
2024-04-19,M07,OnHandSnapshot,2263.11
2024-04-20,M07,OnHandSnapshot,2263.11
2024-04-21,M07,OnHandSnapshot,2263.11
2024-04-22,M07,OnHandSnapshot,2263.11
2024-04-23,M07,Consumption,-30.0
2024-04-23,M07,OnHandSnapshot,2233.11
2024-04-24,M07,OnHandSnapshot,2233.11
2024-04-25,M07,OnHandSnapshot,2233.11
2024-04-26,M07,OnHandSnapshot,2233.11
2024-04-27,M07,Consumption,-30.0
2024-04-27,M07,OnHandSnapshot,2203.11
2024-04-28,M07,OnHandSnapshot,2203.11
2024-04-29,M07,Consumption,-30.0
2024-04-29,M07,OnHandSnapshot,2173.11
2024-04-30,M07,Consumption,-62.0
2024-04-30,M07,OnHandSnapshot,2111.11
2024-05-01,M07,Consumption,-66.0
2024-05-01,M07,OnHandSnapshot,2045.11
2024-05-02,M07,Consumption,-38.0
2024-05-02,M07,OnHandSnapshot,2007.11
2024-05-03,M07,OnHandSnapshot,2007.11
2024-05-04,M07,Consumption,-22.0
2024-05-04,M07,OnHandSnapshot,1985.11
2024-05-05,M07,Consumption,-68.0
2024-05-05,M07,OnHandSnapshot,1917.11
2024-05-06,M07,Consumption,-16.0
2024-05-06,M07,OnHandSnapshot,1901.11
2024-05-07,M07,Consumption,-36.0
2024-05-07,M07,OnHandSnapshot,1865.11
2024-05-08,M07,Consumption,-30.0
2024-05-08,M07,OnHandSnapshot,1835.11
2024-05-09,M07,Consumption,-60.0
2024-05-09,M07,OnHandSnapshot,1775.11
2024-05-10,M07,Consumption,-58.0
2024-05-10,M07,OnHandSnapshot,1717.11
2024-05-11,M07,Consumption,-44.0
2024-05-11,M07,OnHandSnapshot,1673.11
2024-05-12,M07,Consumption,-38.0
2024-05-12,M07,OnHandSnapshot,1635.11
2024-05-13,M07,Consumption,-90.0
2024-05-13,M07,OnHandSnapshot,1545.11
2024-05-14,M07,OnHandSnapshot,1545.11
2024-05-15,M07,Consumption,-98.0
2024-05-15,M07,OnHandSnapshot,1447.11
2024-05-16,M07,Consumption,-144.0
2024-05-16,M07,OnHandSnapshot,1303.11
2024-05-17,M07,Consumption,-164.0
2024-05-17,M07,OnHandSnapshot,1139.11
2024-05-18,M07,Consumption,-92.0
2024-05-18,M07,OnHandSnapshot,1047.11
2024-05-19,M07,Consumption,-30.0
2024-05-19,M07,OnHandSnapshot,1017.11
2024-05-20,M07,OnHandSnapshot,1017.11
2024-05-21,M07,OnHandSnapshot,1017.11
2024-05-22,M07,OnHandSnapshot,1017.11
2024-05-23,M07,Consumption,-26.0
2024-05-23,M07,OnHandSnapshot,991.11
2024-05-24,M07,Consumption,-50.0
2024-05-24,M07,OnHandSnapshot,941.11
2024-05-25,M07,Consumption,-54.0
2024-05-25,M07,OnHandSnapshot,887.11
2024-05-26,M07,Consumption,-60.0
2024-05-26,M07,OnHandSnapshot,827.11
2024-05-27,M07,Consumption,-84.0
2024-05-27,M07,OnHandSnapshot,743.11
2024-05-28,M07,Receipt,1747.32
2024-05-28,M07,Consumption,-104.0
2024-05-28,M07,OnHandSnapshot,2386.42
2024-05-29,M07,Consumption,-46.0
2024-05-29,M07,OnHandSnapshot,2340.42
2024-05-30,M07,OnHandSnapshot,2340.42
2024-05-31,M07,Consumption,-58.0
2024-05-31,M07,OnHandSnapshot,2282.42
2024-06-01,M07,OnHandSnapshot,2282.42
2024-06-02,M07,OnHandSnapshot,2282.42
2024-06-03,M07,Consumption,-62.0
2024-06-03,M07,OnHandSnapshot,2220.42
2024-06-04,M07,OnHandSnapshot,2220.42
2024-06-05,M07,Consumption,-46.0
2024-06-05,M07,OnHandSnapshot,2174.42
2024-06-06,M07,Consumption,-44.0
2024-06-06,M07,OnHandSnapshot,2130.42
2024-06-07,M07,OnHandSnapshot,2130.42
2024-06-08,M07,Consumption,-28.0
2024-06-08,M07,OnHandSnapshot,2102.42
2024-06-09,M07,Consumption,-62.0
2024-06-09,M07,OnHandSnapshot,2040.42
2024-06-10,M07,OnHandSnapshot,2040.42
2024-06-11,M07,Consumption,-72.0
2024-06-11,M07,OnHandSnapshot,1968.42
2024-06-12,M07,OnHandSnapshot,1968.42
2024-06-13,M07,Consumption,-114.0
2024-06-13,M07,OnHandSnapshot,1854.42
2024-06-14,M07,Consumption,-56.0
2024-06-14,M07,OnHandSnapshot,1798.42
2024-06-15,M07,Consumption,-100.0
2024-06-15,M07,OnHandSnapshot,1698.42
2024-06-16,M07,Consumption,-116.0
2024-06-16,M07,OnHandSnapshot,1582.42
2024-06-17,M07,Consumption,-20.0
2024-06-17,M07,OnHandSnapshot,1562.42
2024-06-18,M07,OnHandSnapshot,1562.42
2024-06-19,M07,Consumption,-22.0
2024-06-19,M07,OnHandSnapshot,1540.42
2024-06-20,M07,Consumption,-30.0
2024-06-20,M07,OnHandSnapshot,1510.42
2024-06-21,M07,Consumption,-8.0
2024-06-21,M07,OnHandSnapshot,1502.42
2024-06-22,M07,Consumption,-94.0
2024-06-22,M07,OnHandSnapshot,1408.42
2024-06-23,M07,Consumption,-170.0
2024-06-23,M07,OnHandSnapshot,1238.42
2024-06-24,M07,Consumption,-114.0
2024-06-24,M07,OnHandSnapshot,1124.42
2024-06-25,M07,Consumption,-74.0
2024-06-25,M07,OnHandSnapshot,1050.42
2024-06-26,M07,Consumption,-134.0
2024-06-26,M07,OnHandSnapshot,916.42
2024-06-27,M07,OnHandSnapshot,916.42
2024-06-28,M07,Consumption,-52.0
2024-06-28,M07,OnHandSnapshot,864.42
2024-06-29,M07,OnHandSnapshot,864.42
2024-06-30,M07,Consumption,-84.0
2024-06-30,M07,OnHandSnapshot,780.42
2024-07-01,M07,OnHandSnapshot,780.42
2024-07-02,M07,Consumption,-30.0
2024-07-02,M07,OnHandSnapshot,750.42
2024-07-03,M07,Consumption,-56.0
2024-07-03,M07,OnHandSnapshot,694.42
2024-07-04,M07,Consumption,-14.0
2024-07-04,M07,OnHandSnapshot,680.42
2024-07-05,M07,Consumption,-26.0
2024-07-05,M07,OnHandSnapshot,654.42
2024-07-06,M07,Receipt,1747.32
2024-07-06,M07,Consumption,-60.0
2024-07-06,M07,OnHandSnapshot,2341.74
2024-07-07,M07,OnHandSnapshot,2341.74
2024-07-08,M07,Consumption,-48.0
2024-07-08,M07,OnHandSnapshot,2293.74
2024-07-09,M07,Consumption,-36.0
2024-07-09,M07,OnHandSnapshot,2257.74
2024-07-10,M07,OnHandSnapshot,2257.74
2024-07-11,M07,Consumption,-128.0
2024-07-11,M07,OnHandSnapshot,2129.74
2024-07-12,M07,OnHandSnapshot,2129.74
2024-07-13,M07,OnHandSnapshot,2129.74
2024-07-14,M07,Consumption,-86.0
2024-07-14,M07,OnHandSnapshot,2043.74
2024-07-15,M07,OnHandSnapshot,2043.74
2024-07-16,M07,Consumption,-90.0
2024-07-16,M07,OnHandSnapshot,1953.74
2024-07-17,M07,Consumption,-52.0
2024-07-17,M07,OnHandSnapshot,1901.74
2024-07-18,M07,Consumption,-44.0
2024-07-18,M07,OnHandSnapshot,1857.74
2024-07-19,M07,OnHandSnapshot,1857.74
2024-07-20,M07,OnHandSnapshot,1857.74
2024-07-21,M07,OnHandSnapshot,1857.74
2024-07-22,M07,Consumption,-54.0
2024-07-22,M07,OnHandSnapshot,1803.74
2024-07-23,M07,OnHandSnapshot,1803.74
2024-07-24,M07,Consumption,-72.0
2024-07-24,M07,OnHandSnapshot,1731.74
2024-07-25,M07,Consumption,-10.0
2024-07-25,M07,OnHandSnapshot,1721.74
2024-07-26,M07,OnHandSnapshot,1721.74
2024-07-27,M07,Consumption,-90.0
2024-07-27,M07,OnHandSnapshot,1631.74
2024-07-28,M07,Consumption,-52.0
2024-07-28,M07,OnHandSnapshot,1579.74
2024-07-29,M07,Consumption,-30.0
2024-07-29,M07,OnHandSnapshot,1549.74
2024-07-30,M07,Consumption,-46.0
2024-07-30,M07,OnHandSnapshot,1503.74
2024-07-31,M07,Consumption,-86.0
2024-07-31,M07,OnHandSnapshot,1417.74
2024-08-01,M07,Consumption,-76.0
2024-08-01,M07,OnHandSnapshot,1341.74
2024-08-02,M07,Consumption,-66.0
2024-08-02,M07,OnHandSnapshot,1275.74
2024-08-03,M07,OnHandSnapshot,1275.74
2024-08-04,M07,Consumption,-46.0
2024-08-04,M07,OnHandSnapshot,1229.74
2024-08-05,M07,Consumption,-26.0
2024-08-05,M07,OnHandSnapshot,1203.74
2024-08-06,M07,Consumption,-48.0
2024-08-06,M07,OnHandSnapshot,1155.74
2024-08-07,M07,OnHandSnapshot,1155.74
2024-08-08,M07,Consumption,-48.0
2024-08-08,M07,OnHandSnapshot,1107.74
2024-08-09,M07,Consumption,-54.0
2024-08-09,M07,OnHandSnapshot,1053.74
2024-08-10,M07,Consumption,-114.0
2024-08-10,M07,OnHandSnapshot,939.74
2024-08-11,M07,Consumption,-46.0
2024-08-11,M07,OnHandSnapshot,893.74
2024-08-12,M07,OnHandSnapshot,893.74
2024-08-13,M07,Consumption,-60.0
2024-08-13,M07,OnHandSnapshot,833.74
2024-08-14,M07,OnHandSnapshot,833.74
2024-08-15,M07,OnHandSnapshot,833.74
2024-08-16,M07,OnHandSnapshot,833.74
2024-08-17,M07,Consumption,-92.0
2024-08-17,M07,OnHandSnapshot,741.74
2024-08-18,M07,Consumption,-82.0
2024-08-18,M07,OnHandSnapshot,659.74
2024-08-19,M07,Receipt,1747.32
2024-08-19,M07,Consumption,-22.0
2024-08-19,M07,OnHandSnapshot,2385.06
2024-08-20,M07,OnHandSnapshot,2385.06
2024-08-21,M07,Consumption,-60.0
2024-08-21,M07,OnHandSnapshot,2325.06
2024-08-22,M07,Consumption,-66.0
2024-08-22,M07,OnHandSnapshot,2259.06
2024-08-23,M07,Consumption,-96.0
2024-08-23,M07,OnHandSnapshot,2163.06
2024-08-24,M07,Consumption,-54.0
2024-08-24,M07,OnHandSnapshot,2109.06
2024-08-25,M07,OnHandSnapshot,2109.06
2024-08-26,M07,OnHandSnapshot,2109.06
2024-08-27,M07,Consumption,-30.0
2024-08-27,M07,OnHandSnapshot,2079.06
2024-08-28,M07,Consumption,-50.0
2024-08-28,M07,OnHandSnapshot,2029.06
2024-08-29,M07,Consumption,-82.0
2024-08-29,M07,OnHandSnapshot,1947.06
2024-08-30,M07,Consumption,-30.0
2024-08-30,M07,OnHandSnapshot,1917.06
2024-08-31,M07,Consumption,-136.0
2024-08-31,M07,OnHandSnapshot,1781.06
2024-09-01,M07,Consumption,-24.0
2024-09-01,M07,OnHandSnapshot,1757.06
2024-09-02,M07,Consumption,-48.0
2024-09-02,M07,OnHandSnapshot,1709.06
2024-09-03,M07,Consumption,-140.0
2024-09-03,M07,OnHandSnapshot,1569.06
2024-09-04,M07,OnHandSnapshot,1569.06
2024-09-05,M07,Consumption,-54.0
2024-09-05,M07,OnHandSnapshot,1515.06
2024-09-06,M07,OnHandSnapshot,1515.06
2024-09-07,M07,Consumption,-46.0
2024-09-07,M07,OnHandSnapshot,1469.06
2024-09-08,M07,Consumption,-60.0
2024-09-08,M07,OnHandSnapshot,1409.06
2024-09-09,M07,Consumption,-46.0
2024-09-09,M07,OnHandSnapshot,1363.06
2024-09-10,M07,Consumption,-78.0
2024-09-10,M07,OnHandSnapshot,1285.06
2024-09-11,M07,Consumption,-142.0
2024-09-11,M07,OnHandSnapshot,1143.06
2024-09-12,M07,Consumption,-106.0
2024-09-12,M07,OnHandSnapshot,1037.06
2024-09-13,M07,Consumption,-42.0
2024-09-13,M07,OnHandSnapshot,995.06
2024-09-14,M07,OnHandSnapshot,995.06
2024-09-15,M07,OnHandSnapshot,995.06
2024-09-16,M07,Consumption,-118.0
2024-09-16,M07,OnHandSnapshot,877.06
2024-09-17,M07,Consumption,-60.0
2024-09-17,M07,OnHandSnapshot,817.06
2024-09-18,M07,Consumption,-22.0
2024-09-18,M07,OnHandSnapshot,795.06
2024-09-19,M07,Consumption,-78.0
2024-09-19,M07,OnHandSnapshot,717.06
2024-09-20,M07,Consumption,-12.0
2024-09-20,M07,OnHandSnapshot,705.06
2024-09-21,M07,Consumption,-74.0
2024-09-21,M07,OnHandSnapshot,631.06
2024-09-22,M07,Consumption,-30.0
2024-09-22,M07,OnHandSnapshot,601.06
2024-09-23,M07,Consumption,-24.0
2024-09-23,M07,OnHandSnapshot,577.06
2024-09-24,M07,Consumption,-26.0
2024-09-24,M07,OnHandSnapshot,551.06
2024-09-25,M07,Receipt,1747.32
2024-09-25,M07,Consumption,-12.0
2024-09-25,M07,OnHandSnapshot,2286.38
2024-09-26,M07,OnHandSnapshot,2286.38
2024-09-27,M07,Consumption,-14.0
2024-09-27,M07,OnHandSnapshot,2272.38
2024-09-28,M07,OnHandSnapshot,2272.38
2024-09-29,M07,OnHandSnapshot,2272.38
2024-09-30,M07,Consumption,-14.0
2024-09-30,M07,OnHandSnapshot,2258.38
2024-10-01,M07,Consumption,-108.0
2024-10-01,M07,OnHandSnapshot,2150.38
2024-10-02,M07,Consumption,-120.0
2024-10-02,M07,OnHandSnapshot,2030.38
2024-10-03,M07,Consumption,-90.0
2024-10-03,M07,OnHandSnapshot,1940.38
2024-10-04,M07,Consumption,-62.0
2024-10-04,M07,OnHandSnapshot,1878.38
2024-10-05,M07,Consumption,-80.0
2024-10-05,M07,OnHandSnapshot,1798.38
2024-10-06,M07,OnHandSnapshot,1798.38
2024-10-07,M07,Consumption,-48.0
2024-10-07,M07,OnHandSnapshot,1750.38
2024-10-08,M07,Consumption,-30.0
2024-10-08,M07,OnHandSnapshot,1720.38
2024-10-09,M07,Consumption,-34.0
2024-10-09,M07,OnHandSnapshot,1686.38
2024-10-10,M07,Consumption,-30.0
2024-10-10,M07,OnHandSnapshot,1656.38
2024-10-11,M07,Consumption,-54.0
2024-10-11,M07,OnHandSnapshot,1602.38
2024-10-12,M07,Consumption,-30.0
2024-10-12,M07,OnHandSnapshot,1572.38
2024-10-13,M07,Consumption,-92.0
2024-10-13,M07,OnHandSnapshot,1480.38
2024-10-14,M07,OnHandSnapshot,1480.38
2024-10-15,M07,Consumption,-58.0
2024-10-15,M07,OnHandSnapshot,1422.38
2024-10-16,M07,OnHandSnapshot,1422.38
2024-10-17,M07,OnHandSnapshot,1422.38
2024-10-18,M07,OnHandSnapshot,1422.38
2024-10-19,M07,Consumption,-44.0
2024-10-19,M07,OnHandSnapshot,1378.38
2024-10-20,M07,Consumption,-78.0
2024-10-20,M07,OnHandSnapshot,1300.38
2024-10-21,M07,Consumption,-36.0
2024-10-21,M07,OnHandSnapshot,1264.38
2024-10-22,M07,Consumption,-46.0
2024-10-22,M07,OnHandSnapshot,1218.38
2024-10-23,M07,Consumption,-54.0
2024-10-23,M07,OnHandSnapshot,1164.38
2024-10-24,M07,Consumption,-26.0
2024-10-24,M07,OnHandSnapshot,1138.38
2024-10-25,M07,Consumption,-48.0
2024-10-25,M07,OnHandSnapshot,1090.38
2024-10-26,M07,OnHandSnapshot,1090.38
2024-10-27,M07,OnHandSnapshot,1090.38
2024-10-28,M07,OnHandSnapshot,1090.38
2024-10-29,M07,Consumption,-148.0
2024-10-29,M07,OnHandSnapshot,942.38
2024-10-30,M07,Consumption,-84.0
2024-10-30,M07,OnHandSnapshot,858.38
2024-10-31,M07,OnHandSnapshot,858.38
2024-11-01,M07,Consumption,-60.0
2024-11-01,M07,OnHandSnapshot,798.38
2024-11-02,M07,OnHandSnapshot,798.38
2024-11-03,M07,Consumption,-24.0
2024-11-03,M07,OnHandSnapshot,774.38
2024-11-04,M07,Receipt,1747.32
2024-11-04,M07,Consumption,-86.0
2024-11-04,M07,OnHandSnapshot,2435.69
2024-11-05,M07,Consumption,-54.0
2024-11-05,M07,OnHandSnapshot,2381.69
2024-11-06,M07,OnHandSnapshot,2381.69
2024-11-07,M07,Consumption,-46.0
2024-11-07,M07,OnHandSnapshot,2335.69
2024-11-08,M07,OnHandSnapshot,2335.69
2024-11-09,M07,Consumption,-16.0
2024-11-09,M07,OnHandSnapshot,2319.69
2024-11-10,M07,OnHandSnapshot,2319.69
2024-11-11,M07,OnHandSnapshot,2319.69
2024-11-12,M07,Consumption,-62.0
2024-11-12,M07,OnHandSnapshot,2257.69
2024-11-13,M07,Consumption,-78.0
2024-11-13,M07,OnHandSnapshot,2179.69
2024-11-14,M07,Consumption,-82.0
2024-11-14,M07,OnHandSnapshot,2097.69
2024-11-15,M07,Consumption,-54.0
2024-11-15,M07,OnHandSnapshot,2043.69
2024-11-16,M07,Consumption,-22.0
2024-11-16,M07,OnHandSnapshot,2021.69
2024-11-17,M07,OnHandSnapshot,2021.69
2024-11-18,M07,OnHandSnapshot,2021.69
2024-11-19,M07,OnHandSnapshot,2021.69
2024-11-20,M07,Consumption,-22.0
2024-11-20,M07,OnHandSnapshot,1999.69
2024-11-21,M07,OnHandSnapshot,1999.69
2024-11-22,M07,OnHandSnapshot,1999.69
2024-11-23,M07,Consumption,-162.0
2024-11-23,M07,OnHandSnapshot,1837.69
2024-11-24,M07,Consumption,-24.0
2024-11-24,M07,OnHandSnapshot,1813.69
2024-11-25,M07,OnHandSnapshot,1813.69
2024-11-26,M07,Consumption,-30.0
2024-11-26,M07,OnHandSnapshot,1783.69
2024-11-27,M07,Consumption,-28.0
2024-11-27,M07,OnHandSnapshot,1755.69
2024-11-28,M07,Consumption,-52.0
2024-11-28,M07,OnHandSnapshot,1703.69
2024-11-29,M07,Consumption,-30.0
2024-11-29,M07,OnHandSnapshot,1673.69
2024-11-30,M07,Consumption,-30.0
2024-11-30,M07,OnHandSnapshot,1643.69
2024-12-01,M07,Consumption,-84.0
2024-12-01,M07,OnHandSnapshot,1559.69
2024-12-02,M07,Consumption,-32.0
2024-12-02,M07,OnHandSnapshot,1527.69
2024-12-03,M07,OnHandSnapshot,1527.69
2024-12-04,M07,Consumption,-46.0
2024-12-04,M07,OnHandSnapshot,1481.69
2024-12-05,M07,Consumption,-54.0
2024-12-05,M07,OnHandSnapshot,1427.69
2024-12-06,M07,OnHandSnapshot,1427.69
2024-12-07,M07,Consumption,-60.0
2024-12-07,M07,OnHandSnapshot,1367.69
2024-12-08,M07,Consumption,-164.0
2024-12-08,M07,OnHandSnapshot,1203.69
2024-12-09,M07,OnHandSnapshot,1203.69
2024-12-10,M07,Consumption,-156.0
2024-12-10,M07,OnHandSnapshot,1047.69
2024-12-11,M07,Consumption,-52.0
2024-12-11,M07,OnHandSnapshot,995.69
2024-12-12,M07,Consumption,-60.0
2024-12-12,M07,OnHandSnapshot,935.69
2024-12-13,M07,Consumption,-56.0
2024-12-13,M07,OnHandSnapshot,879.69
2024-12-14,M07,OnHandSnapshot,879.69
2024-12-15,M07,OnHandSnapshot,879.69
2024-12-16,M07,OnHandSnapshot,879.69
2024-12-17,M07,Consumption,-116.0
2024-12-17,M07,OnHandSnapshot,763.69
2024-12-18,M07,Consumption,-144.0
2024-12-18,M07,OnHandSnapshot,619.69
2024-12-19,M07,Consumption,-76.0
2024-12-19,M07,OnHandSnapshot,543.69
2024-12-20,M07,Consumption,-60.0
2024-12-20,M07,OnHandSnapshot,483.69
2024-12-21,M07,OnHandSnapshot,483.69
2024-12-22,M07,Consumption,-28.0
2024-12-22,M07,OnHandSnapshot,455.69
2024-12-23,M07,Consumption,-44.0
2024-12-23,M07,OnHandSnapshot,411.69
2024-12-24,M07,Receipt,1747.32
2024-12-24,M07,Consumption,-88.0
2024-12-24,M07,OnHandSnapshot,2071.01
2024-12-25,M07,Consumption,-84.0
2024-12-25,M07,OnHandSnapshot,1987.01
2024-12-26,M07,Consumption,-56.0
2024-12-26,M07,OnHandSnapshot,1931.01
2024-12-27,M07,Consumption,-32.0
2024-12-27,M07,OnHandSnapshot,1899.01
2024-12-28,M07,Consumption,-70.0
2024-12-28,M07,OnHandSnapshot,1829.01
2024-12-29,M07,OnHandSnapshot,1829.01
2024-12-30,M07,Consumption,-92.0
2024-12-30,M07,OnHandSnapshot,1737.01
2024-12-31,M07,Consumption,-36.0
2024-12-31,M07,OnHandSnapshot,1701.01
2025-01-01,M07,Consumption,-120.0
2025-01-01,M07,OnHandSnapshot,1581.01
2025-01-02,M07,OnHandSnapshot,1581.01
2025-01-03,M07,Consumption,-100.0
2025-01-03,M07,OnHandSnapshot,1481.01
2025-01-04,M07,Consumption,-60.0
2025-01-04,M07,OnHandSnapshot,1421.01
2025-01-05,M07,OnHandSnapshot,1421.01
2025-01-06,M07,OnHandSnapshot,1421.01
2025-01-07,M07,Consumption,-198.0
2025-01-07,M07,OnHandSnapshot,1223.01
2025-01-08,M07,Consumption,-130.0
2025-01-08,M07,OnHandSnapshot,1093.01
2025-01-09,M07,Consumption,-20.0
2025-01-09,M07,OnHandSnapshot,1073.01
2025-01-10,M07,Consumption,-58.0
2025-01-10,M07,OnHandSnapshot,1015.01
2025-01-11,M07,Consumption,-20.0
2025-01-11,M07,OnHandSnapshot,995.01
2025-01-12,M07,Consumption,-46.0
2025-01-12,M07,OnHandSnapshot,949.01
2025-01-13,M07,OnHandSnapshot,949.01
2025-01-14,M07,Consumption,-162.0
2025-01-14,M07,OnHandSnapshot,787.01
2025-01-15,M07,Consumption,-26.0
2025-01-15,M07,OnHandSnapshot,761.01
2025-01-16,M07,Consumption,-54.0
2025-01-16,M07,OnHandSnapshot,707.01
2025-01-17,M07,OnHandSnapshot,707.01
2025-01-18,M07,Receipt,1747.32
2025-01-18,M07,Consumption,-76.0
2025-01-18,M07,OnHandSnapshot,2378.33
2025-01-19,M07,OnHandSnapshot,2378.33
2025-01-20,M07,Consumption,-76.0
2025-01-20,M07,OnHandSnapshot,2302.33
2025-01-21,M07,Consumption,-104.0
2025-01-21,M07,OnHandSnapshot,2198.33
2025-01-22,M07,Consumption,-46.0
2025-01-22,M07,OnHandSnapshot,2152.33
2025-01-23,M07,OnHandSnapshot,2152.33
2025-01-24,M07,OnHandSnapshot,2152.33
2025-01-25,M07,OnHandSnapshot,2152.33
2025-01-26,M07,Consumption,-176.0
2025-01-26,M07,OnHandSnapshot,1976.33
2025-01-27,M07,Consumption,-70.0
2025-01-27,M07,OnHandSnapshot,1906.33
2025-01-28,M07,Consumption,-132.0
2025-01-28,M07,OnHandSnapshot,1774.33
2025-01-29,M07,Consumption,-14.0
2025-01-29,M07,OnHandSnapshot,1760.33
2025-01-30,M07,Consumption,-30.0
2025-01-30,M07,OnHandSnapshot,1730.33
2025-01-31,M07,OnHandSnapshot,1730.33
2025-02-01,M07,Consumption,-30.0
2025-02-01,M07,OnHandSnapshot,1700.33
2025-02-02,M07,OnHandSnapshot,1700.33
2025-02-03,M07,Consumption,-76.0
2025-02-03,M07,OnHandSnapshot,1624.33
2025-02-04,M07,Consumption,-78.0
2025-02-04,M07,OnHandSnapshot,1546.33
2025-02-05,M07,Consumption,-62.0
2025-02-05,M07,OnHandSnapshot,1484.33
2025-02-06,M07,Consumption,-60.0
2025-02-06,M07,OnHandSnapshot,1424.33
2025-02-07,M07,Consumption,-56.0
2025-02-07,M07,OnHandSnapshot,1368.33
2025-02-08,M07,Consumption,-60.0
2025-02-08,M07,OnHandSnapshot,1308.33
2025-02-09,M07,Consumption,-30.0
2025-02-09,M07,OnHandSnapshot,1278.33
2025-02-10,M07,OnHandSnapshot,1278.33
2025-02-11,M07,Consumption,-46.0
2025-02-11,M07,OnHandSnapshot,1232.33
2025-02-12,M07,Consumption,-60.0
2025-02-12,M07,OnHandSnapshot,1172.33
2025-02-13,M07,Consumption,-46.0
2025-02-13,M07,OnHandSnapshot,1126.33
2025-02-14,M07,OnHandSnapshot,1126.33
2025-02-15,M07,OnHandSnapshot,1126.33
2025-02-16,M07,Consumption,-46.0
2025-02-16,M07,OnHandSnapshot,1080.33
2025-02-17,M07,Consumption,-54.0
2025-02-17,M07,OnHandSnapshot,1026.33
2025-02-18,M07,Consumption,-34.0
2025-02-18,M07,OnHandSnapshot,992.33
2025-02-19,M07,Consumption,-72.0
2025-02-19,M07,OnHandSnapshot,920.33
2025-02-20,M07,OnHandSnapshot,920.33
2025-02-21,M07,OnHandSnapshot,920.33
2025-02-22,M07,OnHandSnapshot,920.33
2025-02-23,M07,OnHandSnapshot,920.33
2025-02-24,M07,Consumption,-46.0
2025-02-24,M07,OnHandSnapshot,874.33
2025-02-25,M07,OnHandSnapshot,874.33
2025-02-26,M07,Consumption,-42.0
2025-02-26,M07,OnHandSnapshot,832.33
2025-02-27,M07,Receipt,1747.32
2025-02-27,M07,Consumption,-38.0
2025-02-27,M07,OnHandSnapshot,2541.65
2025-02-28,M07,Consumption,-30.0
2025-02-28,M07,OnHandSnapshot,2511.65
2025-03-01,M07,OnHandSnapshot,2511.65
2025-03-02,M07,OnHandSnapshot,2511.65
2025-03-03,M07,OnHandSnapshot,2511.65
2025-03-04,M07,Consumption,-60.0
2025-03-04,M07,OnHandSnapshot,2451.65
2025-03-05,M07,Consumption,-48.0
2025-03-05,M07,OnHandSnapshot,2403.65
2025-03-06,M07,Consumption,-24.0
2025-03-06,M07,OnHandSnapshot,2379.65
2025-03-07,M07,OnHandSnapshot,2379.65
2025-03-08,M07,OnHandSnapshot,2379.65
2025-03-09,M07,OnHandSnapshot,2379.65
2025-03-10,M07,Consumption,-60.0
2025-03-10,M07,OnHandSnapshot,2319.65
2025-03-11,M07,OnHandSnapshot,2319.65
2025-03-12,M07,Consumption,-46.0
2025-03-12,M07,OnHandSnapshot,2273.65
2025-03-13,M07,Consumption,-38.0
2025-03-13,M07,OnHandSnapshot,2235.65
2025-03-14,M07,Consumption,-46.0
2025-03-14,M07,OnHandSnapshot,2189.65
2025-03-15,M07,Consumption,-106.0
2025-03-15,M07,OnHandSnapshot,2083.65
2025-03-16,M07,OnHandSnapshot,2083.65
2025-03-17,M07,Consumption,-60.0
2025-03-17,M07,OnHandSnapshot,2023.65
2025-03-18,M07,Consumption,-82.0
2025-03-18,M07,OnHandSnapshot,1941.65
2025-03-19,M07,OnHandSnapshot,1941.65
2025-03-20,M07,Consumption,-26.0
2025-03-20,M07,OnHandSnapshot,1915.65
2025-03-21,M07,OnHandSnapshot,1915.65
2025-03-22,M07,Consumption,-116.0
2025-03-22,M07,OnHandSnapshot,1799.65
2025-03-23,M07,Consumption,-60.0
2025-03-23,M07,OnHandSnapshot,1739.65
2025-03-24,M07,Consumption,-52.0
2025-03-24,M07,OnHandSnapshot,1687.65
2025-03-25,M07,OnHandSnapshot,1687.65
2025-03-26,M07,Consumption,-74.0
2025-03-26,M07,OnHandSnapshot,1613.65
2025-03-27,M07,Consumption,-86.0
2025-03-27,M07,OnHandSnapshot,1527.65
2025-03-28,M07,Consumption,-54.0
2025-03-28,M07,OnHandSnapshot,1473.65
2025-03-29,M07,OnHandSnapshot,1473.65
2025-03-30,M07,OnHandSnapshot,1473.65
2025-03-31,M07,Consumption,-58.0
2025-03-31,M07,OnHandSnapshot,1415.65
2025-04-01,M07,Consumption,-76.0
2025-04-01,M07,OnHandSnapshot,1339.65
2025-04-02,M07,Consumption,-30.0
2025-04-02,M07,OnHandSnapshot,1309.65
2025-04-03,M07,Consumption,-122.0
2025-04-03,M07,OnHandSnapshot,1187.65
2025-04-04,M07,Consumption,-46.0
2025-04-04,M07,OnHandSnapshot,1141.65
2025-04-05,M07,Consumption,-106.0
2025-04-05,M07,OnHandSnapshot,1035.65
2025-04-06,M07,OnHandSnapshot,1035.65
2025-04-07,M07,Consumption,-112.0
2025-04-07,M07,OnHandSnapshot,923.65
2025-04-08,M07,Consumption,-42.0
2025-04-08,M07,OnHandSnapshot,881.65
2025-04-09,M07,Consumption,-100.0
2025-04-09,M07,OnHandSnapshot,781.65
2025-04-10,M07,OnHandSnapshot,781.65
2025-04-11,M07,Consumption,-20.0
2025-04-11,M07,OnHandSnapshot,761.65
2025-04-12,M07,OnHandSnapshot,761.65
2025-04-13,M07,Consumption,-48.0
2025-04-13,M07,OnHandSnapshot,713.65
2025-04-14,M07,Consumption,-40.0
2025-04-14,M07,OnHandSnapshot,673.65
2025-04-15,M07,Receipt,1747.32
2025-04-15,M07,OnHandSnapshot,2420.96
2025-04-16,M07,Consumption,-112.0
2025-04-16,M07,OnHandSnapshot,2308.96
2025-04-17,M07,OnHandSnapshot,2308.96
2025-04-18,M07,Consumption,-72.0
2025-04-18,M07,OnHandSnapshot,2236.96
2025-04-19,M07,OnHandSnapshot,2236.96
2025-04-20,M07,OnHandSnapshot,2236.96
2025-04-21,M07,Consumption,-110.0
2025-04-21,M07,OnHandSnapshot,2126.96
2025-04-22,M07,OnHandSnapshot,2126.96
2025-04-23,M07,OnHandSnapshot,2126.96
2025-04-24,M07,Consumption,-54.0
2025-04-24,M07,OnHandSnapshot,2072.96
2025-04-25,M07,OnHandSnapshot,2072.96
2025-04-26,M07,Consumption,-52.0
2025-04-26,M07,OnHandSnapshot,2020.96
2025-04-27,M07,Consumption,-180.0
2025-04-27,M07,OnHandSnapshot,1840.96
2025-04-28,M07,OnHandSnapshot,1840.96
2025-04-29,M07,OnHandSnapshot,1840.96
2025-04-30,M07,Consumption,-62.0
2025-04-30,M07,OnHandSnapshot,1778.96
2025-05-01,M07,Consumption,-30.0
2025-05-01,M07,OnHandSnapshot,1748.96
2025-05-02,M07,Consumption,-82.0
2025-05-02,M07,OnHandSnapshot,1666.96
2025-05-03,M07,Consumption,-44.0
2025-05-03,M07,OnHandSnapshot,1622.96
2025-05-04,M07,OnHandSnapshot,1622.96
2025-05-05,M07,Consumption,-226.0
2025-05-05,M07,OnHandSnapshot,1396.96
2025-05-06,M07,Consumption,-38.0
2025-05-06,M07,OnHandSnapshot,1358.96
2025-05-07,M07,Consumption,-60.0
2025-05-07,M07,OnHandSnapshot,1298.96
2025-05-08,M07,Consumption,-70.0
2025-05-08,M07,OnHandSnapshot,1228.96
2025-05-09,M07,OnHandSnapshot,1228.96
2025-05-10,M07,Consumption,-98.0
2025-05-10,M07,OnHandSnapshot,1130.96
2025-05-11,M07,Consumption,-30.0
2025-05-11,M07,OnHandSnapshot,1100.96
2025-05-12,M07,Consumption,-110.0
2025-05-12,M07,OnHandSnapshot,990.96
2025-05-13,M07,Consumption,-36.0
2025-05-13,M07,OnHandSnapshot,954.96
2025-05-14,M07,Consumption,-62.0
2025-05-14,M07,OnHandSnapshot,892.96
2025-05-15,M07,Consumption,-62.0
2025-05-15,M07,OnHandSnapshot,830.96
2025-05-16,M07,Consumption,-48.0
2025-05-16,M07,OnHandSnapshot,782.96
2025-05-17,M07,OnHandSnapshot,782.96
2025-05-18,M07,OnHandSnapshot,782.96
2025-05-19,M07,Consumption,-26.0
2025-05-19,M07,OnHandSnapshot,756.96
2025-05-20,M07,Consumption,-22.0
2025-05-20,M07,OnHandSnapshot,734.96
2025-05-21,M07,OnHandSnapshot,734.96
2025-05-22,M07,Consumption,-60.0
2025-05-22,M07,OnHandSnapshot,674.96
2025-05-23,M07,Receipt,1747.32
2025-05-23,M07,OnHandSnapshot,2422.28
2025-05-24,M07,Consumption,-76.0
2025-05-24,M07,OnHandSnapshot,2346.28
2025-05-25,M07,OnHandSnapshot,2346.28
2025-05-26,M07,OnHandSnapshot,2346.28
2025-05-27,M07,OnHandSnapshot,2346.28
2025-05-28,M07,Consumption,-26.0
2025-05-28,M07,OnHandSnapshot,2320.28
2025-05-29,M07,Consumption,-68.0
2025-05-29,M07,OnHandSnapshot,2252.28
2025-05-30,M07,Consumption,-46.0
2025-05-30,M07,OnHandSnapshot,2206.28
2025-05-31,M07,Consumption,-110.0
2025-05-31,M07,OnHandSnapshot,2096.28
2025-06-01,M07,Consumption,-54.0
2025-06-01,M07,OnHandSnapshot,2042.28
2025-06-02,M07,Consumption,-24.0
2025-06-02,M07,OnHandSnapshot,2018.28
2025-06-03,M07,Consumption,-86.0
2025-06-03,M07,OnHandSnapshot,1932.28
2025-06-04,M07,OnHandSnapshot,1932.28
2025-06-05,M07,OnHandSnapshot,1932.28
2025-06-06,M07,Consumption,-30.0
2025-06-06,M07,OnHandSnapshot,1902.28
2025-06-07,M07,Consumption,-88.0
2025-06-07,M07,OnHandSnapshot,1814.28
2025-06-08,M07,Consumption,-60.0
2025-06-08,M07,OnHandSnapshot,1754.28
2025-06-09,M07,Consumption,-112.0
2025-06-09,M07,OnHandSnapshot,1642.28
2025-06-10,M07,OnHandSnapshot,1642.28
2025-06-11,M07,Consumption,-48.0
2025-06-11,M07,OnHandSnapshot,1594.28
2025-06-12,M07,OnHandSnapshot,1594.28
2025-06-13,M07,OnHandSnapshot,1594.28
2025-06-14,M07,Consumption,-70.0
2025-06-14,M07,OnHandSnapshot,1524.28
2025-06-15,M07,Consumption,-58.0
2025-06-15,M07,OnHandSnapshot,1466.28
2025-06-16,M07,Consumption,-70.0
2025-06-16,M07,OnHandSnapshot,1396.28
2025-06-17,M07,Consumption,-72.0
2025-06-17,M07,OnHandSnapshot,1324.28
2025-06-18,M07,Consumption,-30.0
2025-06-18,M07,OnHandSnapshot,1294.28
2025-06-19,M07,OnHandSnapshot,1294.28
2025-06-20,M07,Consumption,-136.0
2025-06-20,M07,OnHandSnapshot,1158.28
2025-06-21,M07,Consumption,-72.0
2025-06-21,M07,OnHandSnapshot,1086.28
2025-06-22,M07,OnHandSnapshot,1086.28
2025-06-23,M07,OnHandSnapshot,1086.28
2025-06-24,M07,Consumption,-146.0
2025-06-24,M07,OnHandSnapshot,940.28
2025-06-25,M07,OnHandSnapshot,940.28
2025-06-26,M07,OnHandSnapshot,940.28
2025-06-27,M07,Consumption,-48.0
2025-06-27,M07,OnHandSnapshot,892.28
2025-06-28,M07,OnHandSnapshot,892.28
2025-06-29,M07,Consumption,-88.0
2025-06-29,M07,OnHandSnapshot,804.28
2025-06-30,M07,OnHandSnapshot,804.28
2025-07-01,M07,Consumption,-72.0
2025-07-01,M07,OnHandSnapshot,732.28
2025-07-02,M07,Receipt,1747.32
2025-07-02,M07,Consumption,-60.0
2025-07-02,M07,OnHandSnapshot,2419.6
2025-07-03,M07,Consumption,-84.0
2025-07-03,M07,OnHandSnapshot,2335.6
2025-07-04,M07,OnHandSnapshot,2335.6
2025-07-05,M07,Consumption,-16.0
2025-07-05,M07,OnHandSnapshot,2319.6
2025-07-06,M07,OnHandSnapshot,2319.6
2025-07-07,M07,Consumption,-60.0
2025-07-07,M07,OnHandSnapshot,2259.6
2025-07-08,M07,Consumption,-78.0
2025-07-08,M07,OnHandSnapshot,2181.6
2025-07-09,M07,Consumption,-56.0
2025-07-09,M07,OnHandSnapshot,2125.6
2025-07-10,M07,OnHandSnapshot,2125.6
2025-07-11,M07,Consumption,-32.0
2025-07-11,M07,OnHandSnapshot,2093.6
2025-07-12,M07,Consumption,-68.0
2025-07-12,M07,OnHandSnapshot,2025.6
2025-07-13,M07,Consumption,-78.0
2025-07-13,M07,OnHandSnapshot,1947.6
2025-07-14,M07,Consumption,-60.0
2025-07-14,M07,OnHandSnapshot,1887.6
2025-07-15,M07,Consumption,-40.0
2025-07-15,M07,OnHandSnapshot,1847.6
2025-07-16,M07,OnHandSnapshot,1847.6
2025-07-17,M07,Consumption,-30.0
2025-07-17,M07,OnHandSnapshot,1817.6
2025-07-18,M07,OnHandSnapshot,1817.6
2025-07-19,M07,Consumption,-142.0
2025-07-19,M07,OnHandSnapshot,1675.6
2025-07-20,M07,Consumption,-116.0
2025-07-20,M07,OnHandSnapshot,1559.6
2025-07-21,M07,OnHandSnapshot,1559.6
2025-07-22,M07,OnHandSnapshot,1559.6
2025-07-23,M07,Consumption,-74.0
2025-07-23,M07,OnHandSnapshot,1485.6
2025-07-24,M07,Consumption,-26.0
2025-07-24,M07,OnHandSnapshot,1459.6
2025-07-25,M07,OnHandSnapshot,1459.6
2025-07-26,M07,Consumption,-96.0
2025-07-26,M07,OnHandSnapshot,1363.6
2025-07-27,M07,Consumption,-116.0
2025-07-27,M07,OnHandSnapshot,1247.6
2025-07-28,M07,Consumption,-62.0
2025-07-28,M07,OnHandSnapshot,1185.6
2025-07-29,M07,Consumption,-18.0
2025-07-29,M07,OnHandSnapshot,1167.6
2025-07-30,M07,OnHandSnapshot,1167.6
2025-07-31,M07,Consumption,-48.0
2025-07-31,M07,OnHandSnapshot,1119.6
2025-08-01,M07,Consumption,-46.0
2025-08-01,M07,OnHandSnapshot,1073.6
2025-08-02,M07,OnHandSnapshot,1073.6
2025-08-03,M07,Consumption,-54.0
2025-08-03,M07,OnHandSnapshot,1019.6
2025-08-04,M07,Consumption,-46.0
2025-08-04,M07,OnHandSnapshot,973.6
2025-08-05,M07,OnHandSnapshot,973.6
2025-08-06,M07,Consumption,-102.0
2025-08-06,M07,OnHandSnapshot,871.6
2025-08-07,M07,Consumption,-16.0
2025-08-07,M07,OnHandSnapshot,855.6
2025-08-08,M07,OnHandSnapshot,855.6
2025-08-09,M07,Consumption,-176.0
2025-08-09,M07,OnHandSnapshot,679.6
2025-08-10,M07,Consumption,-30.0
2025-08-10,M07,OnHandSnapshot,649.6
2025-08-11,M07,OnHandSnapshot,649.6
2025-08-12,M07,Receipt,1747.32
2025-08-12,M07,Consumption,-36.0
2025-08-12,M07,OnHandSnapshot,2360.92
2025-08-13,M07,Consumption,-80.0
2025-08-13,M07,OnHandSnapshot,2280.92
2025-08-14,M07,Consumption,-114.0
2025-08-14,M07,OnHandSnapshot,2166.92
2025-08-15,M07,Consumption,-30.0
2025-08-15,M07,OnHandSnapshot,2136.92
2025-08-16,M07,Consumption,-54.0
2025-08-16,M07,OnHandSnapshot,2082.92
2025-08-17,M07,OnHandSnapshot,2082.92
2025-08-18,M07,Consumption,-26.0
2025-08-18,M07,OnHandSnapshot,2056.92
2025-08-19,M07,OnHandSnapshot,2056.92
2025-08-20,M07,Consumption,-46.0
2025-08-20,M07,OnHandSnapshot,2010.92
2025-08-21,M07,Consumption,-30.0
2025-08-21,M07,OnHandSnapshot,1980.92
2025-08-22,M07,Consumption,-52.0
2025-08-22,M07,OnHandSnapshot,1928.92
2025-08-23,M07,Consumption,-66.0
2025-08-23,M07,OnHandSnapshot,1862.92
2025-08-24,M07,Consumption,-94.0
2025-08-24,M07,OnHandSnapshot,1768.92
2025-08-25,M07,Consumption,-106.0
2025-08-25,M07,OnHandSnapshot,1662.92
2025-08-26,M07,Consumption,-158.0
2025-08-26,M07,OnHandSnapshot,1504.92
2025-08-27,M07,OnHandSnapshot,1504.92
2025-08-28,M07,OnHandSnapshot,1504.92
2025-08-29,M07,Consumption,-8.0
2025-08-29,M07,OnHandSnapshot,1496.92
2025-08-30,M07,OnHandSnapshot,1496.92
2025-08-31,M07,OnHandSnapshot,1496.92
2025-09-01,M07,OnHandSnapshot,1496.92
2025-09-02,M07,Consumption,-46.0
2025-09-02,M07,OnHandSnapshot,1450.92
2025-09-03,M07,Consumption,-114.0
2025-09-03,M07,OnHandSnapshot,1336.92
2025-09-04,M07,OnHandSnapshot,1336.92
2025-09-05,M07,OnHandSnapshot,1336.92
2025-09-06,M07,OnHandSnapshot,1336.92
2025-09-07,M07,Consumption,-50.0
2025-09-07,M07,OnHandSnapshot,1286.92
2025-09-08,M07,OnHandSnapshot,1286.92
2025-09-09,M07,Consumption,-52.0
2025-09-09,M07,OnHandSnapshot,1234.92
2025-09-10,M07,Consumption,-46.0
2025-09-10,M07,OnHandSnapshot,1188.92
2025-09-11,M07,OnHandSnapshot,1188.92
2025-09-12,M07,Consumption,-84.0
2025-09-12,M07,OnHandSnapshot,1104.92
2025-09-13,M07,OnHandSnapshot,1104.92
2025-09-14,M07,Consumption,-56.0
2025-09-14,M07,OnHandSnapshot,1048.92
2025-09-15,M07,Consumption,-70.0
2025-09-15,M07,OnHandSnapshot,978.92
2025-09-16,M07,Consumption,-46.0
2025-09-16,M07,OnHandSnapshot,932.92
2025-09-17,M07,Consumption,-16.0
2025-09-17,M07,OnHandSnapshot,916.92
2025-09-18,M07,Consumption,-52.0
2025-09-18,M07,OnHandSnapshot,864.92
2025-09-19,M07,OnHandSnapshot,864.92
2025-09-20,M07,OnHandSnapshot,864.92
2025-09-21,M07,Consumption,-86.0
2025-09-21,M07,OnHandSnapshot,778.92
2025-09-22,M07,Receipt,1747.32
2025-09-22,M07,OnHandSnapshot,2526.23
2025-09-23,M07,Consumption,-106.0
2025-09-23,M07,OnHandSnapshot,2420.23
2025-09-24,M07,Consumption,-52.0
2025-09-24,M07,OnHandSnapshot,2368.23
2025-09-25,M07,Consumption,-16.0
2025-09-25,M07,OnHandSnapshot,2352.23
2025-09-26,M07,OnHandSnapshot,2352.23
2025-09-27,M07,Consumption,-92.0
2025-09-27,M07,OnHandSnapshot,2260.23
2025-09-28,M07,Consumption,-54.0
2025-09-28,M07,OnHandSnapshot,2206.23
2025-09-29,M07,Consumption,-118.0
2025-09-29,M07,OnHandSnapshot,2088.23
2025-09-30,M07,Consumption,-84.0
2025-09-30,M07,OnHandSnapshot,2004.23
2025-10-01,M07,Consumption,-78.0
2025-10-01,M07,OnHandSnapshot,1926.23
2025-10-02,M07,Consumption,-6.0
2025-10-02,M07,OnHandSnapshot,1920.23
2025-10-03,M07,Consumption,-46.0
2025-10-03,M07,OnHandSnapshot,1874.23
2025-10-04,M07,Consumption,-88.0
2025-10-04,M07,OnHandSnapshot,1786.23
2025-10-05,M07,Consumption,-96.0
2025-10-05,M07,OnHandSnapshot,1690.23
2025-10-06,M07,OnHandSnapshot,1690.23
2025-10-07,M07,OnHandSnapshot,1690.23
2025-10-08,M07,Consumption,-66.0
2025-10-08,M07,OnHandSnapshot,1624.23
2025-10-09,M07,OnHandSnapshot,1624.23
2025-10-10,M07,Consumption,-14.0
2025-10-10,M07,OnHandSnapshot,1610.23
2025-10-11,M07,Consumption,-32.0
2025-10-11,M07,OnHandSnapshot,1578.23
2025-10-12,M07,OnHandSnapshot,1578.23
2025-10-13,M07,Consumption,-70.0
2025-10-13,M07,OnHandSnapshot,1508.23
2025-10-14,M07,OnHandSnapshot,1508.23
2025-10-15,M07,OnHandSnapshot,1508.23
2025-10-16,M07,Consumption,-38.0
2025-10-16,M07,OnHandSnapshot,1470.23
2025-10-17,M07,Consumption,-48.0
2025-10-17,M07,OnHandSnapshot,1422.23
2025-10-18,M07,Consumption,-122.0
2025-10-18,M07,OnHandSnapshot,1300.23
2025-10-19,M07,Consumption,-40.0
2025-10-19,M07,OnHandSnapshot,1260.23
2025-10-20,M07,Consumption,-116.0
2025-10-20,M07,OnHandSnapshot,1144.23
2025-10-21,M07,Consumption,-30.0
2025-10-21,M07,OnHandSnapshot,1114.23
2025-10-22,M07,Consumption,-58.0
2025-10-22,M07,OnHandSnapshot,1056.23
2025-10-23,M07,Consumption,-92.0
2025-10-23,M07,OnHandSnapshot,964.23
2025-10-24,M07,Consumption,-58.0
2025-10-24,M07,OnHandSnapshot,906.23
2025-10-25,M07,OnHandSnapshot,906.23
2025-10-26,M07,OnHandSnapshot,906.23
2025-10-27,M07,Consumption,-30.0
2025-10-27,M07,OnHandSnapshot,876.23
2025-10-28,M07,OnHandSnapshot,876.23
2025-10-29,M07,Consumption,-176.0
2025-10-29,M07,OnHandSnapshot,700.23
2025-10-30,M07,Consumption,-60.0
2025-10-30,M07,OnHandSnapshot,640.23
2025-10-31,M07,OnHandSnapshot,640.23
2025-11-01,M07,Consumption,-150.0
2025-11-01,M07,OnHandSnapshot,490.23
2025-11-02,M07,Consumption,-78.0
2025-11-02,M07,OnHandSnapshot,412.23
2025-11-03,M07,Consumption,-24.0
2025-11-03,M07,OnHandSnapshot,388.23
2025-11-04,M07,Receipt,1747.32
2025-11-04,M07,OnHandSnapshot,2135.55
2025-11-05,M07,Consumption,-24.0
2025-11-05,M07,OnHandSnapshot,2111.55
2025-11-06,M07,Consumption,-102.0
2025-11-06,M07,OnHandSnapshot,2009.55
2025-11-07,M07,OnHandSnapshot,2009.55
2025-11-08,M07,Consumption,-98.0
2025-11-08,M07,OnHandSnapshot,1911.55
2025-11-09,M07,Consumption,-118.0
2025-11-09,M07,OnHandSnapshot,1793.55
2025-11-10,M07,Consumption,-62.0
2025-11-10,M07,OnHandSnapshot,1731.55
2025-11-11,M07,Consumption,-62.0
2025-11-11,M07,OnHandSnapshot,1669.55
2025-11-12,M07,Consumption,-54.0
2025-11-12,M07,OnHandSnapshot,1615.55
2025-11-13,M07,Consumption,-88.0
2025-11-13,M07,OnHandSnapshot,1527.55
2025-11-14,M07,OnHandSnapshot,1527.55
2025-11-15,M07,OnHandSnapshot,1527.55
2025-11-16,M07,Consumption,-86.0
2025-11-16,M07,OnHandSnapshot,1441.55
2025-11-17,M07,OnHandSnapshot,1441.55
2025-11-18,M07,Consumption,-48.0
2025-11-18,M07,OnHandSnapshot,1393.55
2025-11-19,M07,Consumption,-84.0
2025-11-19,M07,OnHandSnapshot,1309.55
2025-11-20,M07,OnHandSnapshot,1309.55
2025-11-21,M07,Consumption,-68.0
2025-11-21,M07,OnHandSnapshot,1241.55
2025-11-22,M07,Consumption,-194.0
2025-11-22,M07,OnHandSnapshot,1047.55
2025-11-23,M07,Consumption,-74.0
2025-11-23,M07,OnHandSnapshot,973.55
2025-11-24,M07,OnHandSnapshot,973.55
2025-11-25,M07,Consumption,-30.0
2025-11-25,M07,OnHandSnapshot,943.55
2025-11-26,M07,Consumption,-36.0
2025-11-26,M07,OnHandSnapshot,907.55
2025-11-27,M07,Consumption,-120.0
2025-11-27,M07,OnHandSnapshot,787.55
2025-11-28,M07,Consumption,-88.0
2025-11-28,M07,OnHandSnapshot,699.55
2025-11-29,M07,Consumption,-96.0
2025-11-29,M07,OnHandSnapshot,603.55
2025-11-30,M07,OnHandSnapshot,603.55
2025-12-01,M07,Receipt,1747.32
2025-12-01,M07,Consumption,-32.0
2025-12-01,M07,OnHandSnapshot,2318.87
2025-12-02,M07,OnHandSnapshot,2318.87
2025-12-03,M07,Consumption,-90.0
2025-12-03,M07,OnHandSnapshot,2228.87
2025-12-04,M07,Consumption,-30.0
2025-12-04,M07,OnHandSnapshot,2198.87
2025-12-05,M07,OnHandSnapshot,2198.87
2025-12-06,M07,Consumption,-94.0
2025-12-06,M07,OnHandSnapshot,2104.87
2025-12-07,M07,Consumption,-78.0
2025-12-07,M07,OnHandSnapshot,2026.87
2025-12-08,M07,Consumption,-136.0
2025-12-08,M07,OnHandSnapshot,1890.87
2025-12-09,M07,Consumption,-44.0
2025-12-09,M07,OnHandSnapshot,1846.87
2025-12-10,M07,OnHandSnapshot,1846.87
2025-12-11,M07,OnHandSnapshot,1846.87
2025-12-12,M07,OnHandSnapshot,1846.87
2025-12-13,M07,Consumption,-76.0
2025-12-13,M07,OnHandSnapshot,1770.87
2025-12-14,M07,Consumption,-12.0
2025-12-14,M07,OnHandSnapshot,1758.87
2025-12-15,M07,OnHandSnapshot,1758.87
2025-12-16,M07,Consumption,-84.0
2025-12-16,M07,OnHandSnapshot,1674.87
2025-12-17,M07,Consumption,-96.0
2025-12-17,M07,OnHandSnapshot,1578.87
2025-12-18,M07,Consumption,-166.0
2025-12-18,M07,OnHandSnapshot,1412.87
2025-12-19,M07,Consumption,-20.0
2025-12-19,M07,OnHandSnapshot,1392.87
2025-12-20,M07,Consumption,-110.0
2025-12-20,M07,OnHandSnapshot,1282.87
2025-12-21,M07,Consumption,-212.0
2025-12-21,M07,OnHandSnapshot,1070.87
2025-12-22,M07,Consumption,-102.0
2025-12-22,M07,OnHandSnapshot,968.87
2025-12-23,M07,Consumption,-68.0
2025-12-23,M07,OnHandSnapshot,900.87
2025-12-24,M07,Consumption,-10.0
2025-12-24,M07,OnHandSnapshot,890.87
2025-12-25,M07,Consumption,-122.0
2025-12-25,M07,OnHandSnapshot,768.87
2025-12-26,M07,Consumption,-30.0
2025-12-26,M07,OnHandSnapshot,738.87
2025-12-27,M07,Consumption,-88.0
2025-12-27,M07,OnHandSnapshot,650.87
2025-12-28,M07,OnHandSnapshot,650.87
2025-12-29,M07,Consumption,-30.0
2025-12-29,M07,OnHandSnapshot,620.87
2025-12-30,M07,Consumption,-60.0
2025-12-30,M07,OnHandSnapshot,560.87
2025-12-31,M07,Receipt,1747.32
2025-12-31,M07,OnHandSnapshot,2308.18
2024-01-01,M08,OnHandSnapshot,320.67
2024-01-02,M08,OnHandSnapshot,320.67
2024-01-03,M08,Consumption,-0.64
2024-01-03,M08,OnHandSnapshot,320.03
2024-01-04,M08,Consumption,-1.15
2024-01-04,M08,OnHandSnapshot,318.89
2024-01-05,M08,OnHandSnapshot,318.89
2024-01-06,M08,Consumption,-55.2
2024-01-06,M08,OnHandSnapshot,263.69
2024-01-07,M08,Consumption,-54.05
2024-01-07,M08,OnHandSnapshot,209.64
2024-01-08,M08,Consumption,-10.8
2024-01-08,M08,OnHandSnapshot,198.84
2024-01-09,M08,Consumption,-39.4
2024-01-09,M08,OnHandSnapshot,159.44
2024-01-10,M08,Consumption,-17.4
2024-01-10,M08,OnHandSnapshot,142.04
2024-01-11,M08,OnHandSnapshot,142.04
2024-01-12,M08,OnHandSnapshot,142.04
2024-01-13,M08,OnHandSnapshot,142.04
2024-01-14,M08,OnHandSnapshot,142.04
2024-01-15,M08,Receipt,865.81
2024-01-15,M08,Consumption,-44.4
2024-01-15,M08,OnHandSnapshot,963.45
2024-01-16,M08,Consumption,-17.64
2024-01-16,M08,OnHandSnapshot,945.81
2024-01-17,M08,Consumption,-1.53
2024-01-17,M08,OnHandSnapshot,944.28
2024-01-18,M08,Consumption,-44.73
2024-01-18,M08,OnHandSnapshot,899.55
2024-01-19,M08,OnHandSnapshot,899.55
2024-01-20,M08,Consumption,-1.07
2024-01-20,M08,OnHandSnapshot,898.48
2024-01-21,M08,Consumption,-19.36
2024-01-21,M08,OnHandSnapshot,879.12
2024-01-22,M08,Consumption,-41.4
2024-01-22,M08,OnHandSnapshot,837.72
2024-01-23,M08,OnHandSnapshot,837.72
2024-01-24,M08,Consumption,-98.82
2024-01-24,M08,OnHandSnapshot,738.9
2024-01-25,M08,OnHandSnapshot,738.9
2024-01-26,M08,OnHandSnapshot,738.9
2024-01-27,M08,OnHandSnapshot,738.9
2024-01-28,M08,Consumption,-15.0
2024-01-28,M08,OnHandSnapshot,723.9
2024-01-29,M08,Consumption,-45.2
2024-01-29,M08,OnHandSnapshot,678.7
2024-01-30,M08,OnHandSnapshot,678.7
2024-01-31,M08,Consumption,-4.8
2024-01-31,M08,OnHandSnapshot,673.9
2024-02-01,M08,Consumption,-8.05
2024-02-01,M08,OnHandSnapshot,665.85
2024-02-02,M08,OnHandSnapshot,665.85
2024-02-03,M08,OnHandSnapshot,665.85
2024-02-04,M08,OnHandSnapshot,665.85
2024-02-05,M08,Consumption,-37.25
2024-02-05,M08,OnHandSnapshot,628.6
2024-02-06,M08,OnHandSnapshot,628.6
2024-02-07,M08,Consumption,-19.43
2024-02-07,M08,OnHandSnapshot,609.17
2024-02-08,M08,Consumption,-47.4
2024-02-08,M08,OnHandSnapshot,561.77
2024-02-09,M08,OnHandSnapshot,561.77
2024-02-10,M08,Consumption,-9.82
2024-02-10,M08,OnHandSnapshot,551.95
2024-02-11,M08,Consumption,-12.6
2024-02-11,M08,OnHandSnapshot,539.35
2024-02-12,M08,Consumption,-20.4
2024-02-12,M08,OnHandSnapshot,518.95
2024-02-13,M08,OnHandSnapshot,518.95
2024-02-14,M08,Consumption,-27.6
2024-02-14,M08,OnHandSnapshot,491.35
2024-02-15,M08,OnHandSnapshot,491.35
2024-02-16,M08,Consumption,-31.05
2024-02-16,M08,OnHandSnapshot,460.3
2024-02-17,M08,Consumption,-63.36
2024-02-17,M08,OnHandSnapshot,396.94
2024-02-18,M08,Consumption,-0.71
2024-02-18,M08,OnHandSnapshot,396.23
2024-02-19,M08,Consumption,-51.0
2024-02-19,M08,OnHandSnapshot,345.23
2024-02-20,M08,Consumption,-1.15
2024-02-20,M08,OnHandSnapshot,344.08
2024-02-21,M08,Receipt,865.81
2024-02-21,M08,OnHandSnapshot,1209.89
2024-02-22,M08,Consumption,-0.92
2024-02-22,M08,OnHandSnapshot,1208.98
2024-02-23,M08,OnHandSnapshot,1208.98
2024-02-24,M08,Consumption,-1.53
2024-02-24,M08,OnHandSnapshot,1207.45
2024-02-25,M08,Consumption,-1.15
2024-02-25,M08,OnHandSnapshot,1206.3
2024-02-26,M08,Consumption,-1.15
2024-02-26,M08,OnHandSnapshot,1205.15
2024-02-27,M08,Consumption,-40.8
2024-02-27,M08,OnHandSnapshot,1164.35
2024-02-28,M08,Consumption,-21.17
2024-02-28,M08,OnHandSnapshot,1143.18
2024-02-29,M08,OnHandSnapshot,1143.18
2024-03-01,M08,OnHandSnapshot,1143.18
2024-03-02,M08,Consumption,-89.7
2024-03-02,M08,OnHandSnapshot,1053.48
2024-03-03,M08,OnHandSnapshot,1053.48
2024-03-04,M08,OnHandSnapshot,1053.48
2024-03-05,M08,Consumption,-13.5
2024-03-05,M08,OnHandSnapshot,1039.98
2024-03-06,M08,Consumption,-11.2
2024-03-06,M08,OnHandSnapshot,1028.78
2024-03-07,M08,Consumption,-26.27
2024-03-07,M08,OnHandSnapshot,1002.52
2024-03-08,M08,OnHandSnapshot,1002.52
2024-03-09,M08,OnHandSnapshot,1002.52
2024-03-10,M08,OnHandSnapshot,1002.52
2024-03-11,M08,Consumption,-31.27
2024-03-11,M08,OnHandSnapshot,971.25
2024-03-12,M08,OnHandSnapshot,971.25
2024-03-13,M08,Consumption,-82.45
2024-03-13,M08,OnHandSnapshot,888.8
2024-03-14,M08,OnHandSnapshot,888.8
2024-03-15,M08,OnHandSnapshot,888.8
2024-03-16,M08,OnHandSnapshot,888.8
2024-03-17,M08,Consumption,-39.6
2024-03-17,M08,OnHandSnapshot,849.2
2024-03-18,M08,Consumption,-43.92
2024-03-18,M08,OnHandSnapshot,805.28
2024-03-19,M08,OnHandSnapshot,805.28
2024-03-20,M08,OnHandSnapshot,805.28
2024-03-21,M08,Consumption,-31.05
2024-03-21,M08,OnHandSnapshot,774.23
2024-03-22,M08,Consumption,-27.6
2024-03-22,M08,OnHandSnapshot,746.63
2024-03-23,M08,Consumption,-25.2
2024-03-23,M08,OnHandSnapshot,721.43
2024-03-24,M08,Consumption,-80.6
2024-03-24,M08,OnHandSnapshot,640.83
2024-03-25,M08,Consumption,-1.29
2024-03-25,M08,OnHandSnapshot,639.54
2024-03-26,M08,Consumption,-27.28
2024-03-26,M08,OnHandSnapshot,612.26
2024-03-27,M08,OnHandSnapshot,612.26
2024-03-28,M08,Consumption,-18.0
2024-03-28,M08,OnHandSnapshot,594.26
2024-03-29,M08,OnHandSnapshot,594.26
2024-03-30,M08,Consumption,-58.24
2024-03-30,M08,OnHandSnapshot,536.02
2024-03-31,M08,OnHandSnapshot,536.02
2024-04-01,M08,Consumption,-5.59
2024-04-01,M08,OnHandSnapshot,530.44
2024-04-02,M08,OnHandSnapshot,530.44
2024-04-03,M08,Consumption,-13.5
2024-04-03,M08,OnHandSnapshot,516.94
2024-04-04,M08,OnHandSnapshot,516.94
2024-04-05,M08,OnHandSnapshot,516.94
2024-04-06,M08,OnHandSnapshot,516.94
2024-04-07,M08,Consumption,-41.4
2024-04-07,M08,OnHandSnapshot,475.54
2024-04-08,M08,OnHandSnapshot,475.54
2024-04-09,M08,Consumption,-64.89
2024-04-09,M08,OnHandSnapshot,410.65
2024-04-10,M08,OnHandSnapshot,410.65
2024-04-11,M08,Receipt,865.81
2024-04-11,M08,OnHandSnapshot,1276.46
2024-04-12,M08,OnHandSnapshot,1276.46
2024-04-13,M08,Consumption,-7.7
2024-04-13,M08,OnHandSnapshot,1268.76
2024-04-14,M08,OnHandSnapshot,1268.76
2024-04-15,M08,OnHandSnapshot,1268.76
2024-04-16,M08,OnHandSnapshot,1268.76
2024-04-17,M08,OnHandSnapshot,1268.76
2024-04-18,M08,Consumption,-40.65
2024-04-18,M08,OnHandSnapshot,1228.11
2024-04-19,M08,Consumption,-1.24
2024-04-19,M08,OnHandSnapshot,1226.87
2024-04-20,M08,OnHandSnapshot,1226.87
2024-04-21,M08,OnHandSnapshot,1226.87
2024-04-22,M08,OnHandSnapshot,1226.87
2024-04-23,M08,Consumption,-34.5
2024-04-23,M08,OnHandSnapshot,1192.37
2024-04-24,M08,OnHandSnapshot,1192.37
2024-04-25,M08,OnHandSnapshot,1192.37
2024-04-26,M08,OnHandSnapshot,1192.37
2024-04-27,M08,Consumption,-1.15
2024-04-27,M08,OnHandSnapshot,1191.22
2024-04-28,M08,OnHandSnapshot,1191.22
2024-04-29,M08,Consumption,-1.15
2024-04-29,M08,OnHandSnapshot,1190.07
2024-04-30,M08,Consumption,-13.95
2024-04-30,M08,OnHandSnapshot,1176.12
2024-05-01,M08,Consumption,-58.32
2024-05-01,M08,OnHandSnapshot,1117.8
2024-05-02,M08,Consumption,-16.72
2024-05-02,M08,OnHandSnapshot,1101.08
2024-05-03,M08,OnHandSnapshot,1101.08
2024-05-04,M08,Consumption,-25.3
2024-05-04,M08,OnHandSnapshot,1075.78
2024-05-05,M08,Consumption,-54.0
2024-05-05,M08,OnHandSnapshot,1021.78
2024-05-06,M08,Consumption,-9.2
2024-05-06,M08,OnHandSnapshot,1012.58
2024-05-07,M08,Consumption,-21.6
2024-05-07,M08,OnHandSnapshot,990.98
2024-05-08,M08,Consumption,-0.64
2024-05-08,M08,OnHandSnapshot,990.34
2024-05-09,M08,Consumption,-71.0
2024-05-09,M08,OnHandSnapshot,919.34
2024-05-10,M08,Consumption,-17.4
2024-05-10,M08,OnHandSnapshot,901.94
2024-05-11,M08,Consumption,-52.8
2024-05-11,M08,OnHandSnapshot,849.14
2024-05-12,M08,Consumption,-21.85
2024-05-12,M08,OnHandSnapshot,827.29
2024-05-13,M08,Consumption,-14.65
2024-05-13,M08,OnHandSnapshot,812.64
2024-05-14,M08,OnHandSnapshot,812.64
2024-05-15,M08,Consumption,-40.95
2024-05-15,M08,OnHandSnapshot,771.69
2024-05-16,M08,Consumption,-80.74
2024-05-16,M08,OnHandSnapshot,690.95
2024-05-17,M08,Consumption,-50.62
2024-05-17,M08,OnHandSnapshot,640.33
2024-05-18,M08,Consumption,-39.6
2024-05-18,M08,OnHandSnapshot,600.73
2024-05-19,M08,Consumption,-1.15
2024-05-19,M08,OnHandSnapshot,599.58
2024-05-20,M08,OnHandSnapshot,599.58
2024-05-21,M08,OnHandSnapshot,599.58
2024-05-22,M08,OnHandSnapshot,599.58
2024-05-23,M08,Consumption,-2.69
2024-05-23,M08,OnHandSnapshot,596.89
2024-05-24,M08,Consumption,-57.5
2024-05-24,M08,OnHandSnapshot,539.39
2024-05-25,M08,Consumption,-31.05
2024-05-25,M08,OnHandSnapshot,508.34
2024-05-26,M08,Consumption,-18.0
2024-05-26,M08,OnHandSnapshot,490.34
2024-05-27,M08,Consumption,-49.1
2024-05-27,M08,OnHandSnapshot,441.24
2024-05-28,M08,Consumption,-7.22
2024-05-28,M08,OnHandSnapshot,434.02
2024-05-29,M08,Consumption,-6.75
2024-05-29,M08,OnHandSnapshot,427.27
2024-05-30,M08,OnHandSnapshot,427.27
2024-05-31,M08,Consumption,-29.0
2024-05-31,M08,OnHandSnapshot,398.27
2024-06-01,M08,OnHandSnapshot,398.27
2024-06-02,M08,OnHandSnapshot,398.27
2024-06-03,M08,Consumption,-27.28
2024-06-03,M08,OnHandSnapshot,370.99
2024-06-04,M08,OnHandSnapshot,370.99
2024-06-05,M08,Consumption,-60.72
2024-06-05,M08,OnHandSnapshot,310.27
2024-06-06,M08,Consumption,-15.4
2024-06-06,M08,OnHandSnapshot,294.87
2024-06-07,M08,OnHandSnapshot,294.87
2024-06-08,M08,Receipt,865.81
2024-06-08,M08,Consumption,-1.07
2024-06-08,M08,OnHandSnapshot,1159.61
2024-06-09,M08,Consumption,-10.55
2024-06-09,M08,OnHandSnapshot,1149.06
2024-06-10,M08,OnHandSnapshot,1149.06
2024-06-11,M08,Consumption,-43.71
2024-06-11,M08,OnHandSnapshot,1105.35
2024-06-12,M08,OnHandSnapshot,1105.35
2024-06-13,M08,Consumption,-38.41
2024-06-13,M08,OnHandSnapshot,1066.94
2024-06-14,M08,Consumption,-5.8
2024-06-14,M08,OnHandSnapshot,1061.15
2024-06-15,M08,Consumption,-27.5
2024-06-15,M08,OnHandSnapshot,1033.65
2024-06-16,M08,Consumption,-82.4
2024-06-16,M08,OnHandSnapshot,951.25
2024-06-17,M08,Consumption,-12.0
2024-06-17,M08,OnHandSnapshot,939.25
2024-06-18,M08,OnHandSnapshot,939.25
2024-06-19,M08,Consumption,-25.3
2024-06-19,M08,OnHandSnapshot,913.95
2024-06-20,M08,Consumption,-1.53
2024-06-20,M08,OnHandSnapshot,912.42
2024-06-21,M08,Consumption,-4.6
2024-06-21,M08,OnHandSnapshot,907.82
2024-06-22,M08,Consumption,-99.0
2024-06-22,M08,OnHandSnapshot,808.82
2024-06-23,M08,Consumption,-97.04
2024-06-23,M08,OnHandSnapshot,711.78
2024-06-24,M08,Consumption,-37.62
2024-06-24,M08,OnHandSnapshot,674.16
2024-06-25,M08,Consumption,-44.6
2024-06-25,M08,OnHandSnapshot,629.56
2024-06-26,M08,Consumption,-50.55
2024-06-26,M08,OnHandSnapshot,579.01
2024-06-27,M08,OnHandSnapshot,579.01
2024-06-28,M08,Consumption,-6.0
2024-06-28,M08,OnHandSnapshot,573.01
2024-06-29,M08,OnHandSnapshot,573.01
2024-06-30,M08,Consumption,-76.32
2024-06-30,M08,OnHandSnapshot,496.69
2024-07-01,M08,OnHandSnapshot,496.69
2024-07-02,M08,Consumption,-13.2
2024-07-02,M08,OnHandSnapshot,483.49
2024-07-03,M08,Consumption,-64.4
2024-07-03,M08,OnHandSnapshot,419.09
2024-07-04,M08,Consumption,-16.8
2024-07-04,M08,OnHandSnapshot,402.29
2024-07-05,M08,Consumption,-31.2
2024-07-05,M08,OnHandSnapshot,371.09
2024-07-06,M08,Consumption,-18.0
2024-07-06,M08,OnHandSnapshot,353.09
2024-07-07,M08,OnHandSnapshot,353.09
2024-07-08,M08,Consumption,-10.53
2024-07-08,M08,OnHandSnapshot,342.56
2024-07-09,M08,Receipt,865.81
2024-07-09,M08,Consumption,-3.73
2024-07-09,M08,OnHandSnapshot,1204.65
2024-07-10,M08,OnHandSnapshot,1204.65
2024-07-11,M08,Consumption,-95.8
2024-07-11,M08,OnHandSnapshot,1108.85
2024-07-12,M08,OnHandSnapshot,1108.85
2024-07-13,M08,OnHandSnapshot,1108.85
2024-07-14,M08,Consumption,-32.84
2024-07-14,M08,OnHandSnapshot,1076.01
2024-07-15,M08,OnHandSnapshot,1076.01
2024-07-16,M08,Consumption,-22.53
2024-07-16,M08,OnHandSnapshot,1053.48
2024-07-17,M08,Consumption,-2.09
2024-07-17,M08,OnHandSnapshot,1051.39
2024-07-18,M08,Consumption,-50.6
2024-07-18,M08,OnHandSnapshot,1000.79
2024-07-19,M08,OnHandSnapshot,1000.79
2024-07-20,M08,OnHandSnapshot,1000.79
2024-07-21,M08,OnHandSnapshot,1000.79
2024-07-22,M08,Consumption,-2.17
2024-07-22,M08,OnHandSnapshot,998.61
2024-07-23,M08,OnHandSnapshot,998.61
2024-07-24,M08,Consumption,-6.51
2024-07-24,M08,OnHandSnapshot,992.11
2024-07-25,M08,Consumption,-11.5
2024-07-25,M08,OnHandSnapshot,980.61
2024-07-26,M08,OnHandSnapshot,980.61
2024-07-27,M08,Consumption,-55.5
2024-07-27,M08,OnHandSnapshot,925.11
2024-07-28,M08,Consumption,-7.09
2024-07-28,M08,OnHandSnapshot,918.02
2024-07-29,M08,Consumption,-0.64
2024-07-29,M08,OnHandSnapshot,917.38
2024-07-30,M08,Consumption,-55.2
2024-07-30,M08,OnHandSnapshot,862.18
2024-07-31,M08,Consumption,-103.92
2024-07-31,M08,OnHandSnapshot,758.26
2024-08-01,M08,Consumption,-56.35
2024-08-01,M08,OnHandSnapshot,701.91
2024-08-02,M08,Consumption,-70.72
2024-08-02,M08,OnHandSnapshot,631.19
2024-08-03,M08,OnHandSnapshot,631.19
2024-08-04,M08,Consumption,-41.4
2024-08-04,M08,OnHandSnapshot,589.79
2024-08-05,M08,Consumption,-0.99
2024-08-05,M08,OnHandSnapshot,588.8
2024-08-06,M08,Consumption,-43.2
2024-08-06,M08,OnHandSnapshot,545.6
2024-08-07,M08,OnHandSnapshot,545.6
2024-08-08,M08,Consumption,-43.2
2024-08-08,M08,OnHandSnapshot,502.4
2024-08-09,M08,Consumption,-2.17
2024-08-09,M08,OnHandSnapshot,500.22
2024-08-10,M08,Consumption,-64.27
2024-08-10,M08,OnHandSnapshot,435.95
2024-08-11,M08,Consumption,-27.6
2024-08-11,M08,OnHandSnapshot,408.35
2024-08-12,M08,OnHandSnapshot,408.35
2024-08-13,M08,Consumption,-26.4
2024-08-13,M08,OnHandSnapshot,381.95
2024-08-14,M08,OnHandSnapshot,381.95
2024-08-15,M08,Receipt,865.81
2024-08-15,M08,OnHandSnapshot,1247.77
2024-08-16,M08,OnHandSnapshot,1247.77
2024-08-17,M08,Consumption,-67.2
2024-08-17,M08,OnHandSnapshot,1180.57
2024-08-18,M08,Consumption,-50.7
2024-08-18,M08,OnHandSnapshot,1129.87
2024-08-19,M08,Consumption,-4.95
2024-08-19,M08,OnHandSnapshot,1124.92
2024-08-20,M08,OnHandSnapshot,1124.92
2024-08-21,M08,Consumption,-26.4
2024-08-21,M08,OnHandSnapshot,1098.52
2024-08-22,M08,Consumption,-48.56
2024-08-22,M08,OnHandSnapshot,1049.96
2024-08-23,M08,Consumption,-18.65
2024-08-23,M08,OnHandSnapshot,1031.3
2024-08-24,M08,Consumption,-62.1
2024-08-24,M08,OnHandSnapshot,969.2
2024-08-25,M08,OnHandSnapshot,969.2
2024-08-26,M08,OnHandSnapshot,969.2
2024-08-27,M08,Consumption,-0.64
2024-08-27,M08,OnHandSnapshot,968.56
2024-08-28,M08,Consumption,-2.01
2024-08-28,M08,OnHandSnapshot,966.55
2024-08-29,M08,Consumption,-76.8
2024-08-29,M08,OnHandSnapshot,889.75
2024-08-30,M08,Consumption,-1.53
2024-08-30,M08,OnHandSnapshot,888.22
2024-08-31,M08,Consumption,-54.81
2024-08-31,M08,OnHandSnapshot,833.41
2024-09-01,M08,Consumption,-8.4
2024-09-01,M08,OnHandSnapshot,825.01
2024-09-02,M08,Consumption,-4.97
2024-09-02,M08,OnHandSnapshot,820.05
2024-09-03,M08,Consumption,-87.4
2024-09-03,M08,OnHandSnapshot,732.65
2024-09-04,M08,OnHandSnapshot,732.65
2024-09-05,M08,Consumption,-5.59
2024-09-05,M08,OnHandSnapshot,727.06
2024-09-06,M08,OnHandSnapshot,727.06
2024-09-07,M08,Consumption,-27.6
2024-09-07,M08,OnHandSnapshot,699.46
2024-09-08,M08,Consumption,-21.0
2024-09-08,M08,OnHandSnapshot,678.46
2024-09-09,M08,Consumption,-19.04
2024-09-09,M08,OnHandSnapshot,659.42
2024-09-10,M08,Consumption,-44.35
2024-09-10,M08,OnHandSnapshot,615.07
2024-09-11,M08,Consumption,-21.24
2024-09-11,M08,OnHandSnapshot,593.83
2024-09-12,M08,Consumption,-73.2
2024-09-12,M08,OnHandSnapshot,520.63
2024-09-13,M08,Consumption,-50.4
2024-09-13,M08,OnHandSnapshot,470.23
2024-09-14,M08,OnHandSnapshot,470.23
2024-09-15,M08,OnHandSnapshot,470.23
2024-09-16,M08,Consumption,-20.85
2024-09-16,M08,OnHandSnapshot,449.38
2024-09-17,M08,Consumption,-26.4
2024-09-17,M08,OnHandSnapshot,422.98
2024-09-18,M08,Consumption,-0.89
2024-09-18,M08,OnHandSnapshot,422.09
2024-09-19,M08,Consumption,-43.84
2024-09-19,M08,OnHandSnapshot,378.25
2024-09-20,M08,Consumption,-0.46
2024-09-20,M08,OnHandSnapshot,377.8
2024-09-21,M08,Consumption,-54.6
2024-09-21,M08,OnHandSnapshot,323.2
2024-09-22,M08,Consumption,-1.15
2024-09-22,M08,OnHandSnapshot,322.05
2024-09-23,M08,Consumption,-2.48
2024-09-23,M08,OnHandSnapshot,319.56
2024-09-24,M08,Consumption,-31.2
2024-09-24,M08,OnHandSnapshot,288.36
2024-09-25,M08,Consumption,-7.2
2024-09-25,M08,OnHandSnapshot,281.16
2024-09-26,M08,Receipt,865.81
2024-09-26,M08,OnHandSnapshot,1146.98
2024-09-27,M08,Consumption,-18.48
2024-09-27,M08,OnHandSnapshot,1128.5
2024-09-28,M08,OnHandSnapshot,1128.5
2024-09-29,M08,OnHandSnapshot,1128.5
2024-09-30,M08,Consumption,-8.05
2024-09-30,M08,OnHandSnapshot,1120.45
2024-10-01,M08,Consumption,-31.23
2024-10-01,M08,OnHandSnapshot,1089.22
2024-10-02,M08,Consumption,-23.63
2024-10-02,M08,OnHandSnapshot,1065.58
2024-10-03,M08,Consumption,-41.4
2024-10-03,M08,OnHandSnapshot,1024.18
2024-10-04,M08,Consumption,-24.45
2024-10-04,M08,OnHandSnapshot,999.73
2024-10-05,M08,Consumption,-54.76
2024-10-05,M08,OnHandSnapshot,944.97
2024-10-06,M08,OnHandSnapshot,944.97
2024-10-07,M08,Consumption,-63.36
2024-10-07,M08,OnHandSnapshot,881.61
2024-10-08,M08,Consumption,-1.53
2024-10-08,M08,OnHandSnapshot,880.08
2024-10-09,M08,Consumption,-11.9
2024-10-09,M08,OnHandSnapshot,868.18
2024-10-10,M08,Consumption,-0.64
2024-10-10,M08,OnHandSnapshot,867.55
2024-10-11,M08,Consumption,-2.17
2024-10-11,M08,OnHandSnapshot,865.37
2024-10-12,M08,Consumption,-1.53
2024-10-12,M08,OnHandSnapshot,863.84
2024-10-13,M08,Consumption,-34.34
2024-10-13,M08,OnHandSnapshot,829.51
2024-10-14,M08,OnHandSnapshot,829.51
2024-10-15,M08,Consumption,-20.3
2024-10-15,M08,OnHandSnapshot,809.21
2024-10-16,M08,OnHandSnapshot,809.21
2024-10-17,M08,OnHandSnapshot,809.21
2024-10-18,M08,OnHandSnapshot,809.21
2024-10-19,M08,Consumption,-1.77
2024-10-19,M08,OnHandSnapshot,807.43
2024-10-20,M08,Consumption,-41.68
2024-10-20,M08,OnHandSnapshot,765.75
2024-10-21,M08,Consumption,-12.6
2024-10-21,M08,OnHandSnapshot,753.15
2024-10-22,M08,Consumption,-27.6
2024-10-22,M08,OnHandSnapshot,725.55
2024-10-23,M08,Consumption,-2.17
2024-10-23,M08,OnHandSnapshot,723.38
2024-10-24,M08,Consumption,-34.32
2024-10-24,M08,OnHandSnapshot,689.06
2024-10-25,M08,Consumption,-1.93
2024-10-25,M08,OnHandSnapshot,687.13
2024-10-26,M08,OnHandSnapshot,687.13
2024-10-27,M08,OnHandSnapshot,687.13
2024-10-28,M08,OnHandSnapshot,687.13
2024-10-29,M08,Consumption,-87.37
2024-10-29,M08,OnHandSnapshot,599.76
2024-10-30,M08,Consumption,-31.69
2024-10-30,M08,OnHandSnapshot,568.07
2024-10-31,M08,OnHandSnapshot,568.07
2024-11-01,M08,Consumption,-13.5
2024-11-01,M08,OnHandSnapshot,554.57
2024-11-02,M08,OnHandSnapshot,554.57
2024-11-03,M08,Consumption,-14.4
2024-11-03,M08,OnHandSnapshot,540.17
2024-11-04,M08,Consumption,-44.41
2024-11-04,M08,OnHandSnapshot,495.75
2024-11-05,M08,Consumption,-2.17
2024-11-05,M08,OnHandSnapshot,493.58
2024-11-06,M08,OnHandSnapshot,493.58
2024-11-07,M08,Consumption,-26.45
2024-11-07,M08,OnHandSnapshot,467.13
2024-11-08,M08,OnHandSnapshot,467.13
2024-11-09,M08,Consumption,-19.2
2024-11-09,M08,OnHandSnapshot,447.93
2024-11-10,M08,OnHandSnapshot,447.93
2024-11-11,M08,OnHandSnapshot,447.93
2024-11-12,M08,Receipt,865.81
2024-11-12,M08,Consumption,-21.7
2024-11-12,M08,OnHandSnapshot,1292.04
2024-11-13,M08,Consumption,-38.8
2024-11-13,M08,OnHandSnapshot,1253.24
2024-11-14,M08,Consumption,-73.68
2024-11-14,M08,OnHandSnapshot,1179.56
2024-11-15,M08,Consumption,-31.05
2024-11-15,M08,OnHandSnapshot,1148.51
2024-11-16,M08,Consumption,-19.8
2024-11-16,M08,OnHandSnapshot,1128.71
2024-11-17,M08,OnHandSnapshot,1128.71
2024-11-18,M08,OnHandSnapshot,1128.71
2024-11-19,M08,OnHandSnapshot,1128.71
2024-11-20,M08,Consumption,-0.47
2024-11-20,M08,OnHandSnapshot,1128.24
2024-11-21,M08,OnHandSnapshot,1128.24
2024-11-22,M08,OnHandSnapshot,1128.24
2024-11-23,M08,Consumption,-145.49
2024-11-23,M08,OnHandSnapshot,982.76
2024-11-24,M08,Consumption,-0.51
2024-11-24,M08,OnHandSnapshot,982.25
2024-11-25,M08,OnHandSnapshot,982.25
2024-11-26,M08,Consumption,-1.53
2024-11-26,M08,OnHandSnapshot,980.72
2024-11-27,M08,Consumption,-1.43
2024-11-27,M08,OnHandSnapshot,979.29
2024-11-28,M08,Consumption,-29.9
2024-11-28,M08,OnHandSnapshot,949.39
2024-11-29,M08,Consumption,-0.64
2024-11-29,M08,OnHandSnapshot,948.75
2024-11-30,M08,Consumption,-1.15
2024-11-30,M08,OnHandSnapshot,947.61
2024-12-01,M08,Consumption,-26.07
2024-12-01,M08,OnHandSnapshot,921.54
2024-12-02,M08,Consumption,-14.08
2024-12-02,M08,OnHandSnapshot,907.46
2024-12-03,M08,OnHandSnapshot,907.46
2024-12-04,M08,Consumption,-27.6
2024-12-04,M08,OnHandSnapshot,879.86
2024-12-05,M08,Consumption,-7.84
2024-12-05,M08,OnHandSnapshot,872.02
2024-12-06,M08,OnHandSnapshot,872.02
2024-12-07,M08,Consumption,-21.0
2024-12-07,M08,OnHandSnapshot,851.02
2024-12-08,M08,Consumption,-106.55
2024-12-08,M08,OnHandSnapshot,744.47
2024-12-09,M08,OnHandSnapshot,744.47
2024-12-10,M08,Consumption,-45.63
2024-12-10,M08,OnHandSnapshot,698.84
2024-12-11,M08,Consumption,-3.74
2024-12-11,M08,OnHandSnapshot,695.11
2024-12-12,M08,Consumption,-13.5
2024-12-12,M08,OnHandSnapshot,681.61
2024-12-13,M08,Consumption,-32.2
2024-12-13,M08,OnHandSnapshot,649.41
2024-12-14,M08,OnHandSnapshot,649.41
2024-12-15,M08,OnHandSnapshot,649.41
2024-12-16,M08,OnHandSnapshot,649.41
2024-12-17,M08,Consumption,-87.62
2024-12-17,M08,OnHandSnapshot,561.79
2024-12-18,M08,Consumption,-96.17
2024-12-18,M08,OnHandSnapshot,465.61
2024-12-19,M08,Consumption,-28.75
2024-12-19,M08,OnHandSnapshot,436.87
2024-12-20,M08,Consumption,-18.0
2024-12-20,M08,OnHandSnapshot,418.87
2024-12-21,M08,OnHandSnapshot,418.87
2024-12-22,M08,Consumption,-1.07
2024-12-22,M08,OnHandSnapshot,417.79
2024-12-23,M08,Consumption,-58.08
2024-12-23,M08,OnHandSnapshot,359.71
2024-12-24,M08,Consumption,-79.1
2024-12-24,M08,OnHandSnapshot,280.61
2024-12-25,M08,Consumption,-62.74
2024-12-25,M08,OnHandSnapshot,217.88
2024-12-26,M08,Consumption,-32.8
2024-12-26,M08,OnHandSnapshot,185.08
2024-12-27,M08,Consumption,-14.08
2024-12-27,M08,OnHandSnapshot,171.0
2024-12-28,M08,Consumption,-18.75
2024-12-28,M08,OnHandSnapshot,152.25
2024-12-29,M08,Receipt,865.81
2024-12-29,M08,OnHandSnapshot,1018.06
2024-12-30,M08,Consumption,-78.82
2024-12-30,M08,OnHandSnapshot,939.24
2024-12-31,M08,Consumption,-10.8
2024-12-31,M08,OnHandSnapshot,928.44
2025-01-01,M08,Consumption,-36.55
2025-01-01,M08,OnHandSnapshot,891.89
2025-01-02,M08,OnHandSnapshot,891.89
2025-01-03,M08,Consumption,-27.64
2025-01-03,M08,OnHandSnapshot,864.25
2025-01-04,M08,Consumption,-26.4
2025-01-04,M08,OnHandSnapshot,837.85
2025-01-05,M08,OnHandSnapshot,837.85
2025-01-06,M08,OnHandSnapshot,837.85
2025-01-07,M08,Consumption,-74.41
2025-01-07,M08,OnHandSnapshot,763.44
2025-01-08,M08,Consumption,-48.8
2025-01-08,M08,OnHandSnapshot,714.64
2025-01-09,M08,Consumption,-10.0
2025-01-09,M08,OnHandSnapshot,704.64
2025-01-10,M08,Consumption,-13.05
2025-01-10,M08,OnHandSnapshot,691.59
2025-01-11,M08,Consumption,-10.0
2025-01-11,M08,OnHandSnapshot,681.59
2025-01-12,M08,Consumption,-27.6
2025-01-12,M08,OnHandSnapshot,653.99
2025-01-13,M08,OnHandSnapshot,653.99
2025-01-14,M08,Consumption,-75.17
2025-01-14,M08,OnHandSnapshot,578.82
2025-01-15,M08,Consumption,-29.9
2025-01-15,M08,OnHandSnapshot,548.92
2025-01-16,M08,Consumption,-49.6
2025-01-16,M08,OnHandSnapshot,499.32
2025-01-17,M08,OnHandSnapshot,499.32
2025-01-18,M08,Consumption,-28.24
2025-01-18,M08,OnHandSnapshot,471.08
2025-01-19,M08,OnHandSnapshot,471.08
2025-01-20,M08,Consumption,-14.94
2025-01-20,M08,OnHandSnapshot,456.14
2025-01-21,M08,Consumption,-75.58
2025-01-21,M08,OnHandSnapshot,380.56
2025-01-22,M08,Consumption,-60.72
2025-01-22,M08,OnHandSnapshot,319.84
2025-01-23,M08,OnHandSnapshot,319.84
2025-01-24,M08,OnHandSnapshot,319.84
2025-01-25,M08,OnHandSnapshot,319.84
2025-01-26,M08,Consumption,-95.91
2025-01-26,M08,OnHandSnapshot,223.93
2025-01-27,M08,Consumption,-61.94
2025-01-27,M08,OnHandSnapshot,161.99
2025-01-28,M08,Receipt,865.81
2025-01-28,M08,Consumption,-42.13
2025-01-28,M08,OnHandSnapshot,985.67
2025-01-29,M08,Consumption,-16.8
2025-01-29,M08,OnHandSnapshot,968.87
2025-01-30,M08,Consumption,-1.15
2025-01-30,M08,OnHandSnapshot,967.72
2025-01-31,M08,OnHandSnapshot,967.72
2025-02-01,M08,Consumption,-0.64
2025-02-01,M08,OnHandSnapshot,967.09
2025-02-02,M08,OnHandSnapshot,967.09
2025-02-03,M08,Consumption,-70.36
2025-02-03,M08,OnHandSnapshot,896.73
2025-02-04,M08,Consumption,-32.6
2025-02-04,M08,OnHandSnapshot,864.13
2025-02-05,M08,Consumption,-27.28
2025-02-05,M08,OnHandSnapshot,836.85
2025-02-06,M08,Consumption,-21.0
2025-02-06,M08,OnHandSnapshot,815.85
2025-02-07,M08,Consumption,-2.25
2025-02-07,M08,OnHandSnapshot,813.59
2025-02-08,M08,Consumption,-30.0
2025-02-08,M08,OnHandSnapshot,783.59
2025-02-09,M08,Consumption,-0.64
2025-02-09,M08,OnHandSnapshot,782.95
2025-02-10,M08,OnHandSnapshot,782.95
2025-02-11,M08,Consumption,-55.2
2025-02-11,M08,OnHandSnapshot,727.75
2025-02-12,M08,Consumption,-21.0
2025-02-12,M08,OnHandSnapshot,706.75
2025-02-13,M08,Consumption,-6.24
2025-02-13,M08,OnHandSnapshot,700.52
2025-02-14,M08,OnHandSnapshot,700.52
2025-02-15,M08,OnHandSnapshot,700.52
2025-02-16,M08,Consumption,-27.6
2025-02-16,M08,OnHandSnapshot,672.92
2025-02-17,M08,Consumption,-2.17
2025-02-17,M08,OnHandSnapshot,670.74
2025-02-18,M08,Consumption,-7.06
2025-02-18,M08,OnHandSnapshot,663.68
2025-02-19,M08,Consumption,-89.28
2025-02-19,M08,OnHandSnapshot,574.4
2025-02-20,M08,OnHandSnapshot,574.4
2025-02-21,M08,OnHandSnapshot,574.4
2025-02-22,M08,OnHandSnapshot,574.4
2025-02-23,M08,OnHandSnapshot,574.4
2025-02-24,M08,Consumption,-55.2
2025-02-24,M08,OnHandSnapshot,519.2
2025-02-25,M08,OnHandSnapshot,519.2
2025-02-26,M08,Consumption,-12.6
2025-02-26,M08,OnHandSnapshot,506.6
2025-02-27,M08,Consumption,-11.4
2025-02-27,M08,OnHandSnapshot,495.2
2025-02-28,M08,Consumption,-10.5
2025-02-28,M08,OnHandSnapshot,484.7
2025-03-01,M08,OnHandSnapshot,484.7
2025-03-02,M08,Receipt,865.81
2025-03-02,M08,OnHandSnapshot,1350.52
2025-03-03,M08,OnHandSnapshot,1350.52
2025-03-04,M08,Consumption,-18.0
2025-03-04,M08,OnHandSnapshot,1332.52
2025-03-05,M08,Consumption,-28.8
2025-03-05,M08,OnHandSnapshot,1303.72
2025-03-06,M08,Consumption,-2.48
2025-03-06,M08,OnHandSnapshot,1301.23
2025-03-07,M08,OnHandSnapshot,1301.23
2025-03-08,M08,OnHandSnapshot,1301.23
2025-03-09,M08,OnHandSnapshot,1301.23
2025-03-10,M08,Consumption,-21.0
2025-03-10,M08,OnHandSnapshot,1280.23
2025-03-11,M08,OnHandSnapshot,1280.23
2025-03-12,M08,Consumption,-60.72
2025-03-12,M08,OnHandSnapshot,1219.51
2025-03-13,M08,Consumption,-22.8
2025-03-13,M08,OnHandSnapshot,1196.71
2025-03-14,M08,Consumption,-55.2
2025-03-14,M08,OnHandSnapshot,1141.51
2025-03-15,M08,Consumption,-48.82
2025-03-15,M08,OnHandSnapshot,1092.7
2025-03-16,M08,OnHandSnapshot,1092.7
2025-03-17,M08,Consumption,-1.78
2025-03-17,M08,OnHandSnapshot,1090.91
2025-03-18,M08,Consumption,-88.08
2025-03-18,M08,OnHandSnapshot,1002.83
2025-03-19,M08,OnHandSnapshot,1002.83
2025-03-20,M08,Consumption,-1.33
2025-03-20,M08,OnHandSnapshot,1001.5
2025-03-21,M08,OnHandSnapshot,1001.5
2025-03-22,M08,Consumption,-54.55
2025-03-22,M08,OnHandSnapshot,946.96
2025-03-23,M08,Consumption,-35.04
2025-03-23,M08,OnHandSnapshot,911.92
2025-03-24,M08,Consumption,-2.09
2025-03-24,M08,OnHandSnapshot,909.82
2025-03-25,M08,OnHandSnapshot,909.82
2025-03-26,M08,Consumption,-40.24
2025-03-26,M08,OnHandSnapshot,869.59
2025-03-27,M08,Consumption,-71.15
2025-03-27,M08,OnHandSnapshot,798.44
2025-03-28,M08,Consumption,-62.1
2025-03-28,M08,OnHandSnapshot,736.34
2025-03-29,M08,OnHandSnapshot,736.34
2025-03-30,M08,OnHandSnapshot,736.34
2025-03-31,M08,Consumption,-20.3
2025-03-31,M08,OnHandSnapshot,716.04
2025-04-01,M08,Consumption,-18.79
2025-04-01,M08,OnHandSnapshot,697.25
2025-04-02,M08,Consumption,-0.64
2025-04-02,M08,OnHandSnapshot,696.61
2025-04-03,M08,Consumption,-44.03
2025-04-03,M08,OnHandSnapshot,652.58
2025-04-04,M08,Consumption,-27.6
2025-04-04,M08,OnHandSnapshot,624.98
2025-04-05,M08,Consumption,-31.59
2025-04-05,M08,OnHandSnapshot,593.39
2025-04-06,M08,OnHandSnapshot,593.39
2025-04-07,M08,Consumption,-72.16
2025-04-07,M08,OnHandSnapshot,521.23
2025-04-08,M08,Consumption,-34.8
2025-04-08,M08,OnHandSnapshot,486.43
2025-04-09,M08,Consumption,-43.15
2025-04-09,M08,OnHandSnapshot,443.29
2025-04-10,M08,OnHandSnapshot,443.29
2025-04-11,M08,Consumption,-8.8
2025-04-11,M08,OnHandSnapshot,434.49
2025-04-12,M08,OnHandSnapshot,434.49
2025-04-13,M08,Consumption,-57.6
2025-04-13,M08,OnHandSnapshot,376.89
2025-04-14,M08,Consumption,-36.0
2025-04-14,M08,OnHandSnapshot,340.89
2025-04-15,M08,OnHandSnapshot,340.89
2025-04-16,M08,Consumption,-49.6
2025-04-16,M08,OnHandSnapshot,291.29
2025-04-17,M08,OnHandSnapshot,291.29
2025-04-18,M08,Consumption,-87.22
2025-04-18,M08,OnHandSnapshot,204.07
2025-04-19,M08,OnHandSnapshot,204.07
2025-04-20,M08,Receipt,865.81
2025-04-20,M08,OnHandSnapshot,1069.88
2025-04-21,M08,Consumption,-41.73
2025-04-21,M08,OnHandSnapshot,1028.15
2025-04-22,M08,OnHandSnapshot,1028.15
2025-04-23,M08,OnHandSnapshot,1028.15
2025-04-24,M08,Consumption,-2.17
2025-04-24,M08,OnHandSnapshot,1025.97
2025-04-25,M08,OnHandSnapshot,1025.97
2025-04-26,M08,Consumption,-2.09
2025-04-26,M08,OnHandSnapshot,1023.88
2025-04-27,M08,Consumption,-78.15
2025-04-27,M08,OnHandSnapshot,945.73
2025-04-28,M08,OnHandSnapshot,945.73
2025-04-29,M08,OnHandSnapshot,945.73
2025-04-30,M08,Consumption,-13.95
2025-04-30,M08,OnHandSnapshot,931.78
2025-05-01,M08,Consumption,-1.15
2025-05-01,M08,OnHandSnapshot,930.63
2025-05-02,M08,Consumption,-46.53
2025-05-02,M08,OnHandSnapshot,884.1
2025-05-03,M08,Consumption,-24.29
2025-05-03,M08,OnHandSnapshot,859.81
2025-05-04,M08,OnHandSnapshot,859.81
2025-05-05,M08,Consumption,-110.64
2025-05-05,M08,OnHandSnapshot,749.17
2025-05-06,M08,Consumption,-3.33
2025-05-06,M08,OnHandSnapshot,745.84
2025-05-07,M08,Consumption,-13.5
2025-05-07,M08,OnHandSnapshot,732.34
2025-05-08,M08,Consumption,-31.69
2025-05-08,M08,OnHandSnapshot,700.65
2025-05-09,M08,OnHandSnapshot,700.65
2025-05-10,M08,Consumption,-41.37
2025-05-10,M08,OnHandSnapshot,659.28
2025-05-11,M08,Consumption,-1.53
2025-05-11,M08,OnHandSnapshot,657.75
2025-05-12,M08,Consumption,-29.56
2025-05-12,M08,OnHandSnapshot,628.19
2025-05-13,M08,Consumption,-32.4
2025-05-13,M08,OnHandSnapshot,595.79
2025-05-14,M08,Consumption,-21.7
2025-05-14,M08,OnHandSnapshot,574.09
2025-05-15,M08,Consumption,-31.0
2025-05-15,M08,OnHandSnapshot,543.09
2025-05-16,M08,Consumption,-63.36
2025-05-16,M08,OnHandSnapshot,479.73
2025-05-17,M08,OnHandSnapshot,479.73
2025-05-18,M08,OnHandSnapshot,479.73
2025-05-19,M08,Consumption,-7.8
2025-05-19,M08,OnHandSnapshot,471.93
2025-05-20,M08,Consumption,-9.68
2025-05-20,M08,OnHandSnapshot,462.25
2025-05-21,M08,OnHandSnapshot,462.25
2025-05-22,M08,Consumption,-30.0
2025-05-22,M08,OnHandSnapshot,432.25
2025-05-23,M08,OnHandSnapshot,432.25
2025-05-24,M08,Consumption,-28.75
2025-05-24,M08,OnHandSnapshot,403.5
2025-05-25,M08,OnHandSnapshot,403.5
2025-05-26,M08,OnHandSnapshot,403.5
2025-05-27,M08,OnHandSnapshot,403.5
2025-05-28,M08,Receipt,865.81
2025-05-28,M08,Consumption,-34.32
2025-05-28,M08,OnHandSnapshot,1235.0
2025-05-29,M08,Consumption,-36.0
2025-05-29,M08,OnHandSnapshot,1199.0
2025-05-30,M08,Consumption,-27.6
2025-05-30,M08,OnHandSnapshot,1171.4
2025-05-31,M08,Consumption,-77.06
2025-05-31,M08,OnHandSnapshot,1094.34
2025-06-01,M08,Consumption,-5.59
2025-06-01,M08,OnHandSnapshot,1088.75
2025-06-02,M08,Consumption,-27.6
2025-06-02,M08,OnHandSnapshot,1061.15
2025-06-03,M08,Consumption,-29.15
2025-06-03,M08,OnHandSnapshot,1032.0
2025-06-04,M08,OnHandSnapshot,1032.0
2025-06-05,M08,OnHandSnapshot,1032.0
2025-06-06,M08,Consumption,-1.15
2025-06-06,M08,OnHandSnapshot,1030.85
2025-06-07,M08,Consumption,-51.6
2025-06-07,M08,OnHandSnapshot,979.25
2025-06-08,M08,Consumption,-13.5
2025-06-08,M08,OnHandSnapshot,965.75
2025-06-09,M08,Consumption,-86.53
2025-06-09,M08,OnHandSnapshot,879.22
2025-06-10,M08,OnHandSnapshot,879.22
2025-06-11,M08,Consumption,-43.2
2025-06-11,M08,OnHandSnapshot,836.02
2025-06-12,M08,OnHandSnapshot,836.02
2025-06-13,M08,OnHandSnapshot,836.02
2025-06-14,M08,Consumption,-9.15
2025-06-14,M08,OnHandSnapshot,826.87
2025-06-15,M08,Consumption,-13.05
2025-06-15,M08,OnHandSnapshot,813.82
2025-06-16,M08,Consumption,-64.2
2025-06-16,M08,OnHandSnapshot,749.62
2025-06-17,M08,Consumption,-26.35
2025-06-17,M08,OnHandSnapshot,723.28
2025-06-18,M08,Consumption,-0.64
2025-06-18,M08,OnHandSnapshot,722.64
2025-06-19,M08,OnHandSnapshot,722.64
2025-06-20,M08,Consumption,-56.5
2025-06-20,M08,OnHandSnapshot,666.14
2025-06-21,M08,Consumption,-78.8
2025-06-21,M08,OnHandSnapshot,587.34
2025-06-22,M08,OnHandSnapshot,587.34
2025-06-23,M08,OnHandSnapshot,587.34
2025-06-24,M08,Consumption,-27.94
2025-06-24,M08,OnHandSnapshot,559.39
2025-06-25,M08,OnHandSnapshot,559.39
2025-06-26,M08,OnHandSnapshot,559.39
2025-06-27,M08,Consumption,-63.36
2025-06-27,M08,OnHandSnapshot,496.03
2025-06-28,M08,OnHandSnapshot,496.03
2025-06-29,M08,Consumption,-31.72
2025-06-29,M08,OnHandSnapshot,464.31
2025-06-30,M08,OnHandSnapshot,464.31
2025-07-01,M08,Consumption,-40.35
2025-07-01,M08,OnHandSnapshot,423.97
2025-07-02,M08,Consumption,-30.0
2025-07-02,M08,OnHandSnapshot,393.97
2025-07-03,M08,Consumption,-48.6
2025-07-03,M08,OnHandSnapshot,345.37
2025-07-04,M08,OnHandSnapshot,345.37
2025-07-05,M08,Receipt,865.81
2025-07-05,M08,Consumption,-18.4
2025-07-05,M08,OnHandSnapshot,1192.78
2025-07-06,M08,OnHandSnapshot,1192.78
2025-07-07,M08,Consumption,-26.4
2025-07-07,M08,OnHandSnapshot,1166.38
2025-07-08,M08,Consumption,-58.24
2025-07-08,M08,OnHandSnapshot,1108.14
2025-07-09,M08,Consumption,-64.4
2025-07-09,M08,OnHandSnapshot,1043.74
2025-07-10,M08,OnHandSnapshot,1043.74
2025-07-11,M08,Consumption,-9.6
2025-07-11,M08,OnHandSnapshot,1034.14
2025-07-12,M08,Consumption,-86.36
2025-07-12,M08,OnHandSnapshot,947.78
2025-07-13,M08,Consumption,-41.34
2025-07-13,M08,OnHandSnapshot,906.44
2025-07-14,M08,Consumption,-18.0
2025-07-14,M08,OnHandSnapshot,888.44
2025-07-15,M08,Consumption,-46.0
2025-07-15,M08,OnHandSnapshot,842.44
2025-07-16,M08,OnHandSnapshot,842.44
2025-07-17,M08,Consumption,-1.15
2025-07-17,M08,OnHandSnapshot,841.29
2025-07-18,M08,OnHandSnapshot,841.29
2025-07-19,M08,Consumption,-91.65
2025-07-19,M08,OnHandSnapshot,749.64
2025-07-20,M08,Consumption,-85.4
2025-07-20,M08,OnHandSnapshot,664.24
2025-07-21,M08,OnHandSnapshot,664.24
2025-07-22,M08,OnHandSnapshot,664.24
2025-07-23,M08,Consumption,-52.3
2025-07-23,M08,OnHandSnapshot,611.94
2025-07-24,M08,Consumption,-1.33
2025-07-24,M08,OnHandSnapshot,610.62
2025-07-25,M08,OnHandSnapshot,610.62
2025-07-26,M08,Consumption,-7.28
2025-07-26,M08,OnHandSnapshot,603.34
2025-07-27,M08,Consumption,-48.54
2025-07-27,M08,OnHandSnapshot,554.8
2025-07-28,M08,Consumption,-21.7
2025-07-28,M08,OnHandSnapshot,533.1
2025-07-29,M08,Consumption,-6.3
2025-07-29,M08,OnHandSnapshot,526.8
2025-07-30,M08,OnHandSnapshot,526.8
2025-07-31,M08,Consumption,-21.12
2025-07-31,M08,OnHandSnapshot,505.68
2025-08-01,M08,Consumption,-60.72
2025-08-01,M08,OnHandSnapshot,444.96
2025-08-02,M08,OnHandSnapshot,444.96
2025-08-03,M08,Consumption,-5.59
2025-08-03,M08,OnHandSnapshot,439.37
2025-08-04,M08,Consumption,-60.72
2025-08-04,M08,OnHandSnapshot,378.65
2025-08-05,M08,OnHandSnapshot,378.65
2025-08-06,M08,Consumption,-59.85
2025-08-06,M08,OnHandSnapshot,318.8
2025-08-07,M08,Consumption,-0.82
2025-08-07,M08,OnHandSnapshot,317.98
2025-08-08,M08,OnHandSnapshot,317.98
2025-08-09,M08,Consumption,-66.45
2025-08-09,M08,OnHandSnapshot,251.53
2025-08-10,M08,Consumption,-0.64
2025-08-10,M08,OnHandSnapshot,250.9
2025-08-11,M08,Receipt,865.81
2025-08-11,M08,OnHandSnapshot,1116.71
2025-08-12,M08,Consumption,-47.52
2025-08-12,M08,OnHandSnapshot,1069.19
2025-08-13,M08,Consumption,-60.91
2025-08-13,M08,OnHandSnapshot,1008.27
2025-08-14,M08,Consumption,-57.45
2025-08-14,M08,OnHandSnapshot,950.82
2025-08-15,M08,Consumption,-1.15
2025-08-15,M08,OnHandSnapshot,949.68
2025-08-16,M08,Consumption,-5.59
2025-08-16,M08,OnHandSnapshot,944.09
2025-08-17,M08,OnHandSnapshot,944.09
2025-08-18,M08,Consumption,-1.05
2025-08-18,M08,OnHandSnapshot,943.04
2025-08-19,M08,OnHandSnapshot,943.04
2025-08-20,M08,Consumption,-41.4
2025-08-20,M08,OnHandSnapshot,901.64
2025-08-21,M08,Consumption,-1.53
2025-08-21,M08,OnHandSnapshot,900.11
2025-08-22,M08,Consumption,-59.8
2025-08-22,M08,OnHandSnapshot,840.31
2025-08-23,M08,Consumption,-53.4
2025-08-23,M08,OnHandSnapshot,786.91
2025-08-24,M08,Consumption,-56.4
2025-08-24,M08,OnHandSnapshot,730.51
2025-08-25,M08,Consumption,-29.38
2025-08-25,M08,OnHandSnapshot,701.13
2025-08-26,M08,Consumption,-151.48
2025-08-26,M08,OnHandSnapshot,549.65
2025-08-27,M08,OnHandSnapshot,549.65
2025-08-28,M08,OnHandSnapshot,549.65
2025-08-29,M08,Consumption,-4.8
2025-08-29,M08,OnHandSnapshot,544.85
2025-08-30,M08,OnHandSnapshot,544.85
2025-08-31,M08,OnHandSnapshot,544.85
2025-09-01,M08,OnHandSnapshot,544.85
2025-09-02,M08,Consumption,-13.14
2025-09-02,M08,OnHandSnapshot,531.7
2025-09-03,M08,Consumption,-113.28
2025-09-03,M08,OnHandSnapshot,418.42
2025-09-04,M08,OnHandSnapshot,418.42
2025-09-05,M08,OnHandSnapshot,418.42
2025-09-06,M08,Receipt,865.81
2025-09-06,M08,OnHandSnapshot,1284.24
2025-09-07,M08,Consumption,-17.5
2025-09-07,M08,OnHandSnapshot,1266.74
2025-09-08,M08,OnHandSnapshot,1266.74
2025-09-09,M08,Consumption,-29.9
2025-09-09,M08,OnHandSnapshot,1236.84
2025-09-10,M08,Consumption,-27.6
2025-09-10,M08,OnHandSnapshot,1209.24
2025-09-11,M08,OnHandSnapshot,1209.24
2025-09-12,M08,Consumption,-3.32
2025-09-12,M08,OnHandSnapshot,1205.92
2025-09-13,M08,OnHandSnapshot,1205.92
2025-09-14,M08,Consumption,-5.8
2025-09-14,M08,OnHandSnapshot,1200.12
2025-09-15,M08,Consumption,-46.64
2025-09-15,M08,OnHandSnapshot,1153.48
2025-09-16,M08,Consumption,-27.6
2025-09-16,M08,OnHandSnapshot,1125.88
2025-09-17,M08,Consumption,-0.61
2025-09-17,M08,OnHandSnapshot,1125.27
2025-09-18,M08,Consumption,-2.09
2025-09-18,M08,OnHandSnapshot,1123.18
2025-09-19,M08,OnHandSnapshot,1123.18
2025-09-20,M08,OnHandSnapshot,1123.18
2025-09-21,M08,Consumption,-41.68
2025-09-21,M08,OnHandSnapshot,1081.5
2025-09-22,M08,OnHandSnapshot,1081.5
2025-09-23,M08,Consumption,-7.56
2025-09-23,M08,OnHandSnapshot,1073.94
2025-09-24,M08,Consumption,-5.38
2025-09-24,M08,OnHandSnapshot,1068.56
2025-09-25,M08,Consumption,-3.6
2025-09-25,M08,OnHandSnapshot,1064.96
2025-09-26,M08,OnHandSnapshot,1064.96
2025-09-27,M08,Consumption,-66.03
2025-09-27,M08,OnHandSnapshot,998.93
2025-09-28,M08,Consumption,-32.32
2025-09-28,M08,OnHandSnapshot,966.61
2025-09-29,M08,Consumption,-46.7
2025-09-29,M08,OnHandSnapshot,919.91
2025-09-30,M08,Consumption,-72.6
2025-09-30,M08,OnHandSnapshot,847.31
2025-10-01,M08,Consumption,-64.89
2025-10-01,M08,OnHandSnapshot,782.42
2025-10-02,M08,Consumption,-1.8
2025-10-02,M08,OnHandSnapshot,780.62
2025-10-03,M08,Consumption,-41.4
2025-10-03,M08,OnHandSnapshot,739.22
2025-10-04,M08,Consumption,-80.4
2025-10-04,M08,OnHandSnapshot,658.82
2025-10-05,M08,Consumption,-23.17
2025-10-05,M08,OnHandSnapshot,635.65
2025-10-06,M08,OnHandSnapshot,635.65
2025-10-07,M08,OnHandSnapshot,635.65
2025-10-08,M08,Consumption,-25.86
2025-10-08,M08,OnHandSnapshot,609.78
2025-10-09,M08,OnHandSnapshot,609.78
2025-10-10,M08,Consumption,-8.4
2025-10-10,M08,OnHandSnapshot,601.38
2025-10-11,M08,Consumption,-14.08
2025-10-11,M08,OnHandSnapshot,587.3
2025-10-12,M08,OnHandSnapshot,587.3
2025-10-13,M08,Consumption,-69.36
2025-10-13,M08,OnHandSnapshot,517.94
2025-10-14,M08,OnHandSnapshot,517.94
2025-10-15,M08,OnHandSnapshot,517.94
2025-10-16,M08,Consumption,-4.16
2025-10-16,M08,OnHandSnapshot,513.78
2025-10-17,M08,Consumption,-43.2
2025-10-17,M08,OnHandSnapshot,470.58
2025-10-18,M08,Consumption,-43.95
2025-10-18,M08,OnHandSnapshot,426.63
2025-10-19,M08,Consumption,-40.0
2025-10-19,M08,OnHandSnapshot,386.63
2025-10-20,M08,Consumption,-29.45
2025-10-20,M08,OnHandSnapshot,357.18
2025-10-21,M08,Consumption,-0.64
2025-10-21,M08,OnHandSnapshot,356.54
2025-10-22,M08,Consumption,-20.3
2025-10-22,M08,OnHandSnapshot,336.24
2025-10-23,M08,Consumption,-74.75
2025-10-23,M08,OnHandSnapshot,261.49
2025-10-24,M08,Receipt,865.81
2025-10-24,M08,Consumption,-18.9
2025-10-24,M08,OnHandSnapshot,1108.4
2025-10-25,M08,OnHandSnapshot,1108.4
2025-10-26,M08,OnHandSnapshot,1108.4
2025-10-27,M08,Consumption,-9.0
2025-10-27,M08,OnHandSnapshot,1099.4
2025-10-28,M08,OnHandSnapshot,1099.4
2025-10-29,M08,Consumption,-119.1
2025-10-29,M08,OnHandSnapshot,980.3
2025-10-30,M08,Consumption,-26.4
2025-10-30,M08,OnHandSnapshot,953.9
2025-10-31,M08,OnHandSnapshot,953.9
2025-11-01,M08,Consumption,-55.77
2025-11-01,M08,OnHandSnapshot,898.13
2025-11-02,M08,Consumption,-96.84
2025-11-02,M08,OnHandSnapshot,801.29
2025-11-03,M08,Consumption,-8.4
2025-11-03,M08,OnHandSnapshot,792.89
2025-11-04,M08,OnHandSnapshot,792.89
2025-11-05,M08,Consumption,-28.8
2025-11-05,M08,OnHandSnapshot,764.09
2025-11-06,M08,Consumption,-63.36
2025-11-06,M08,OnHandSnapshot,700.73
2025-11-07,M08,OnHandSnapshot,700.73
2025-11-08,M08,Consumption,-50.41
2025-11-08,M08,OnHandSnapshot,650.32
2025-11-09,M08,Consumption,-23.95
2025-11-09,M08,OnHandSnapshot,626.37
2025-11-10,M08,Consumption,-13.95
2025-11-10,M08,OnHandSnapshot,612.42
2025-11-11,M08,Consumption,-13.95
2025-11-11,M08,OnHandSnapshot,598.47
2025-11-12,M08,Consumption,-62.1
2025-11-12,M08,OnHandSnapshot,536.37
2025-11-13,M08,Consumption,-33.71
2025-11-13,M08,OnHandSnapshot,502.66
2025-11-14,M08,OnHandSnapshot,502.66
2025-11-15,M08,OnHandSnapshot,502.66
2025-11-16,M08,Consumption,-36.7
2025-11-16,M08,OnHandSnapshot,465.96
2025-11-17,M08,OnHandSnapshot,465.96
2025-11-18,M08,Consumption,-63.36
2025-11-18,M08,OnHandSnapshot,402.6
2025-11-19,M08,Consumption,-3.32
2025-11-19,M08,OnHandSnapshot,399.28
2025-11-20,M08,OnHandSnapshot,399.28
2025-11-21,M08,Consumption,-49.35
2025-11-21,M08,OnHandSnapshot,349.93
2025-11-22,M08,Consumption,-153.38
2025-11-22,M08,OnHandSnapshot,196.56
2025-11-23,M08,Receipt,865.81
2025-11-23,M08,Consumption,-58.15
2025-11-23,M08,OnHandSnapshot,1004.22
2025-11-24,M08,OnHandSnapshot,1004.22
2025-11-25,M08,Consumption,-0.64
2025-11-25,M08,OnHandSnapshot,1003.58
2025-11-26,M08,Consumption,-3.73
2025-11-26,M08,OnHandSnapshot,999.85
2025-11-27,M08,Consumption,-69.65
2025-11-27,M08,OnHandSnapshot,930.2
2025-11-28,M08,Consumption,-62.1
2025-11-28,M08,OnHandSnapshot,868.1
2025-11-29,M08,Consumption,-25.24
2025-11-29,M08,OnHandSnapshot,842.87
2025-11-30,M08,OnHandSnapshot,842.87
2025-12-01,M08,Consumption,-28.8
2025-12-01,M08,OnHandSnapshot,814.07
2025-12-02,M08,OnHandSnapshot,814.07
2025-12-03,M08,Consumption,-14.01
2025-12-03,M08,OnHandSnapshot,800.05
2025-12-04,M08,Consumption,-0.64
2025-12-04,M08,OnHandSnapshot,799.42
2025-12-05,M08,OnHandSnapshot,799.42
2025-12-06,M08,Consumption,-28.46
2025-12-06,M08,OnHandSnapshot,770.96
2025-12-07,M08,Consumption,-22.5
2025-12-07,M08,OnHandSnapshot,748.46
2025-12-08,M08,Consumption,-30.92
2025-12-08,M08,OnHandSnapshot,717.54
2025-12-09,M08,Consumption,-26.4
2025-12-09,M08,OnHandSnapshot,691.14
2025-12-10,M08,OnHandSnapshot,691.14
2025-12-11,M08,OnHandSnapshot,691.14
2025-12-12,M08,OnHandSnapshot,691.14
2025-12-13,M08,Consumption,-7.12
2025-12-13,M08,OnHandSnapshot,684.02
2025-12-14,M08,Consumption,-6.9
2025-12-14,M08,OnHandSnapshot,677.12
2025-12-15,M08,OnHandSnapshot,677.12
2025-12-16,M08,Consumption,-3.32
2025-12-16,M08,OnHandSnapshot,673.8
2025-12-17,M08,Consumption,-75.72
2025-12-17,M08,OnHandSnapshot,598.08
2025-12-18,M08,Consumption,-68.62
2025-12-18,M08,OnHandSnapshot,529.45
2025-12-19,M08,Consumption,-0.76
2025-12-19,M08,OnHandSnapshot,528.69
2025-12-20,M08,Consumption,-7.84
2025-12-20,M08,OnHandSnapshot,520.84
2025-12-21,M08,Consumption,-113.56
2025-12-21,M08,OnHandSnapshot,407.28
2025-12-22,M08,Consumption,-3.86
2025-12-22,M08,OnHandSnapshot,403.42
2025-12-23,M08,Consumption,-45.23
2025-12-23,M08,OnHandSnapshot,358.19
2025-12-24,M08,Consumption,-5.75
2025-12-24,M08,OnHandSnapshot,352.44
2025-12-25,M08,Consumption,-48.6
2025-12-25,M08,OnHandSnapshot,303.84
2025-12-26,M08,Consumption,-0.64
2025-12-26,M08,OnHandSnapshot,303.21
2025-12-27,M08,Consumption,-21.6
2025-12-27,M08,OnHandSnapshot,281.61
2025-12-28,M08,OnHandSnapshot,281.61
2025-12-29,M08,Consumption,-1.53
2025-12-29,M08,OnHandSnapshot,280.08
2025-12-30,M08,Receipt,865.81
2025-12-30,M08,Consumption,-2.17
2025-12-30,M08,OnHandSnapshot,1143.73
2025-12-31,M08,OnHandSnapshot,1143.73
2024-01-01,M09,OnHandSnapshot,52.97
2024-01-02,M09,OnHandSnapshot,52.97
2024-01-03,M09,OnHandSnapshot,52.97
2024-01-04,M09,OnHandSnapshot,52.97
2024-01-05,M09,OnHandSnapshot,52.97
2024-01-06,M09,OnHandSnapshot,52.97
2024-01-07,M09,OnHandSnapshot,52.97
2024-01-08,M09,OnHandSnapshot,52.97
2024-01-09,M09,OnHandSnapshot,52.97
2024-01-10,M09,OnHandSnapshot,52.97
2024-01-11,M09,OnHandSnapshot,52.97
2024-01-12,M09,OnHandSnapshot,52.97
2024-01-13,M09,OnHandSnapshot,52.97
2024-01-14,M09,OnHandSnapshot,52.97
2024-01-15,M09,OnHandSnapshot,52.97
2024-01-16,M09,OnHandSnapshot,52.97
2024-01-17,M09,OnHandSnapshot,52.97
2024-01-18,M09,OnHandSnapshot,52.97
2024-01-19,M09,OnHandSnapshot,52.97
2024-01-20,M09,Receipt,174.79
2024-01-20,M09,OnHandSnapshot,227.75
2024-01-21,M09,OnHandSnapshot,227.75
2024-01-22,M09,OnHandSnapshot,227.75
2024-01-23,M09,OnHandSnapshot,227.75
2024-01-24,M09,OnHandSnapshot,227.75
2024-01-25,M09,OnHandSnapshot,227.75
2024-01-26,M09,OnHandSnapshot,227.75
2024-01-27,M09,OnHandSnapshot,227.75
2024-01-28,M09,OnHandSnapshot,227.75
2024-01-29,M09,OnHandSnapshot,227.75
2024-01-30,M09,OnHandSnapshot,227.75
2024-01-31,M09,OnHandSnapshot,227.75
2024-02-01,M09,OnHandSnapshot,227.75
2024-02-02,M09,OnHandSnapshot,227.75
2024-02-03,M09,OnHandSnapshot,227.75
2024-02-04,M09,OnHandSnapshot,227.75
2024-02-05,M09,OnHandSnapshot,227.75
2024-02-06,M09,OnHandSnapshot,227.75
2024-02-07,M09,OnHandSnapshot,227.75
2024-02-08,M09,OnHandSnapshot,227.75
2024-02-09,M09,OnHandSnapshot,227.75
2024-02-10,M09,OnHandSnapshot,227.75
2024-02-11,M09,OnHandSnapshot,227.75
2024-02-12,M09,OnHandSnapshot,227.75
2024-02-13,M09,OnHandSnapshot,227.75
2024-02-14,M09,OnHandSnapshot,227.75
2024-02-15,M09,OnHandSnapshot,227.75
2024-02-16,M09,OnHandSnapshot,227.75
2024-02-17,M09,OnHandSnapshot,227.75
2024-02-18,M09,OnHandSnapshot,227.75
2024-02-19,M09,OnHandSnapshot,227.75
2024-02-20,M09,OnHandSnapshot,227.75
2024-02-21,M09,OnHandSnapshot,227.75
2024-02-22,M09,OnHandSnapshot,227.75
2024-02-23,M09,OnHandSnapshot,227.75
2024-02-24,M09,OnHandSnapshot,227.75
2024-02-25,M09,OnHandSnapshot,227.75
2024-02-26,M09,OnHandSnapshot,227.75
2024-02-27,M09,OnHandSnapshot,227.75
2024-02-28,M09,OnHandSnapshot,227.75
2024-02-29,M09,OnHandSnapshot,227.75
2024-03-01,M09,OnHandSnapshot,227.75
2024-03-02,M09,OnHandSnapshot,227.75
2024-03-03,M09,OnHandSnapshot,227.75
2024-03-04,M09,OnHandSnapshot,227.75
2024-03-05,M09,OnHandSnapshot,227.75
2024-03-06,M09,OnHandSnapshot,227.75
2024-03-07,M09,OnHandSnapshot,227.75
2024-03-08,M09,OnHandSnapshot,227.75
2024-03-09,M09,OnHandSnapshot,227.75
2024-03-10,M09,OnHandSnapshot,227.75
2024-03-11,M09,OnHandSnapshot,227.75
2024-03-12,M09,OnHandSnapshot,227.75
2024-03-13,M09,OnHandSnapshot,227.75
2024-03-14,M09,OnHandSnapshot,227.75
2024-03-15,M09,OnHandSnapshot,227.75
2024-03-16,M09,OnHandSnapshot,227.75
2024-03-17,M09,OnHandSnapshot,227.75
2024-03-18,M09,OnHandSnapshot,227.75
2024-03-19,M09,OnHandSnapshot,227.75
2024-03-20,M09,OnHandSnapshot,227.75
2024-03-21,M09,OnHandSnapshot,227.75
2024-03-22,M09,OnHandSnapshot,227.75
2024-03-23,M09,OnHandSnapshot,227.75
2024-03-24,M09,OnHandSnapshot,227.75
2024-03-25,M09,OnHandSnapshot,227.75
2024-03-26,M09,OnHandSnapshot,227.75
2024-03-27,M09,OnHandSnapshot,227.75
2024-03-28,M09,OnHandSnapshot,227.75
2024-03-29,M09,OnHandSnapshot,227.75
2024-03-30,M09,Consumption,-86.4
2024-03-30,M09,OnHandSnapshot,141.35
2024-03-31,M09,OnHandSnapshot,141.35
2024-04-01,M09,OnHandSnapshot,141.35
2024-04-02,M09,OnHandSnapshot,141.35
2024-04-03,M09,OnHandSnapshot,141.35
2024-04-04,M09,OnHandSnapshot,141.35
2024-04-05,M09,OnHandSnapshot,141.35
2024-04-06,M09,OnHandSnapshot,141.35
2024-04-07,M09,OnHandSnapshot,141.35
2024-04-08,M09,OnHandSnapshot,141.35
2024-04-09,M09,OnHandSnapshot,141.35
2024-04-10,M09,OnHandSnapshot,141.35
2024-04-11,M09,OnHandSnapshot,141.35
2024-04-12,M09,OnHandSnapshot,141.35
2024-04-13,M09,OnHandSnapshot,141.35
2024-04-14,M09,OnHandSnapshot,141.35
2024-04-15,M09,OnHandSnapshot,141.35
2024-04-16,M09,OnHandSnapshot,141.35
2024-04-17,M09,OnHandSnapshot,141.35
2024-04-18,M09,OnHandSnapshot,141.35
2024-04-19,M09,OnHandSnapshot,141.35
2024-04-20,M09,OnHandSnapshot,141.35
2024-04-21,M09,OnHandSnapshot,141.35
2024-04-22,M09,OnHandSnapshot,141.35
2024-04-23,M09,OnHandSnapshot,141.35
2024-04-24,M09,OnHandSnapshot,141.35
2024-04-25,M09,OnHandSnapshot,141.35
2024-04-26,M09,OnHandSnapshot,141.35
2024-04-27,M09,OnHandSnapshot,141.35
2024-04-28,M09,OnHandSnapshot,141.35
2024-04-29,M09,OnHandSnapshot,141.35
2024-04-30,M09,OnHandSnapshot,141.35
2024-05-01,M09,Consumption,-86.4
2024-05-01,M09,OnHandSnapshot,54.95
2024-05-02,M09,OnHandSnapshot,54.95
2024-05-03,M09,OnHandSnapshot,54.95
2024-05-04,M09,OnHandSnapshot,54.95
2024-05-05,M09,OnHandSnapshot,54.95
2024-05-06,M09,OnHandSnapshot,54.95
2024-05-07,M09,OnHandSnapshot,54.95
2024-05-08,M09,OnHandSnapshot,54.95
2024-05-09,M09,Consumption,-72.0
2024-05-09,M09,OnHandSnapshot,-17.05
2024-05-10,M09,OnHandSnapshot,-17.05
2024-05-11,M09,Consumption,-79.2
2024-05-11,M09,OnHandSnapshot,-96.25
2024-05-12,M09,OnHandSnapshot,-96.25
2024-05-13,M09,OnHandSnapshot,-96.25
2024-05-14,M09,Receipt,174.79
2024-05-14,M09,OnHandSnapshot,78.54
2024-05-15,M09,OnHandSnapshot,78.54
2024-05-16,M09,OnHandSnapshot,78.54
2024-05-17,M09,OnHandSnapshot,78.54
2024-05-18,M09,OnHandSnapshot,78.54
2024-05-19,M09,OnHandSnapshot,78.54
2024-05-20,M09,OnHandSnapshot,78.54
2024-05-21,M09,OnHandSnapshot,78.54
2024-05-22,M09,OnHandSnapshot,78.54
2024-05-23,M09,OnHandSnapshot,78.54
2024-05-24,M09,OnHandSnapshot,78.54
2024-05-25,M09,OnHandSnapshot,78.54
2024-05-26,M09,OnHandSnapshot,78.54
2024-05-27,M09,Receipt,174.79
2024-05-27,M09,OnHandSnapshot,253.33
2024-05-28,M09,OnHandSnapshot,253.33
2024-05-29,M09,OnHandSnapshot,253.33
2024-05-30,M09,OnHandSnapshot,253.33
2024-05-31,M09,OnHandSnapshot,253.33
2024-06-01,M09,OnHandSnapshot,253.33
2024-06-02,M09,OnHandSnapshot,253.33
2024-06-03,M09,OnHandSnapshot,253.33
2024-06-04,M09,OnHandSnapshot,253.33
2024-06-05,M09,OnHandSnapshot,253.33
2024-06-06,M09,OnHandSnapshot,253.33
2024-06-07,M09,OnHandSnapshot,253.33
2024-06-08,M09,OnHandSnapshot,253.33
2024-06-09,M09,OnHandSnapshot,253.33
2024-06-10,M09,OnHandSnapshot,253.33
2024-06-11,M09,OnHandSnapshot,253.33
2024-06-12,M09,OnHandSnapshot,253.33
2024-06-13,M09,OnHandSnapshot,253.33
2024-06-14,M09,OnHandSnapshot,253.33
2024-06-15,M09,OnHandSnapshot,253.33
2024-06-16,M09,OnHandSnapshot,253.33
2024-06-17,M09,OnHandSnapshot,253.33
2024-06-18,M09,OnHandSnapshot,253.33
2024-06-19,M09,OnHandSnapshot,253.33
2024-06-20,M09,OnHandSnapshot,253.33
2024-06-21,M09,OnHandSnapshot,253.33
2024-06-22,M09,Consumption,-86.4
2024-06-22,M09,OnHandSnapshot,166.93
2024-06-23,M09,OnHandSnapshot,166.93
2024-06-24,M09,OnHandSnapshot,166.93
2024-06-25,M09,Consumption,-39.6
2024-06-25,M09,OnHandSnapshot,127.33
2024-06-26,M09,OnHandSnapshot,127.33
2024-06-27,M09,OnHandSnapshot,127.33
2024-06-28,M09,OnHandSnapshot,127.33
2024-06-29,M09,OnHandSnapshot,127.33
2024-06-30,M09,OnHandSnapshot,127.33
2024-07-01,M09,OnHandSnapshot,127.33
2024-07-02,M09,OnHandSnapshot,127.33
2024-07-03,M09,OnHandSnapshot,127.33
2024-07-04,M09,Consumption,-25.2
2024-07-04,M09,OnHandSnapshot,102.13
2024-07-05,M09,Consumption,-46.8
2024-07-05,M09,OnHandSnapshot,55.33
2024-07-06,M09,OnHandSnapshot,55.33
2024-07-07,M09,OnHandSnapshot,55.33
2024-07-08,M09,OnHandSnapshot,55.33
2024-07-09,M09,OnHandSnapshot,55.33
2024-07-10,M09,OnHandSnapshot,55.33
2024-07-11,M09,Consumption,-32.4
2024-07-11,M09,OnHandSnapshot,22.93
2024-07-12,M09,OnHandSnapshot,22.93
2024-07-13,M09,OnHandSnapshot,22.93
2024-07-14,M09,OnHandSnapshot,22.93
2024-07-15,M09,OnHandSnapshot,22.93
2024-07-16,M09,OnHandSnapshot,22.93
2024-07-17,M09,OnHandSnapshot,22.93
2024-07-18,M09,OnHandSnapshot,22.93
2024-07-19,M09,Receipt,174.79
2024-07-19,M09,OnHandSnapshot,197.71
2024-07-20,M09,OnHandSnapshot,197.71
2024-07-21,M09,OnHandSnapshot,197.71
2024-07-22,M09,OnHandSnapshot,197.71
2024-07-23,M09,OnHandSnapshot,197.71
2024-07-24,M09,OnHandSnapshot,197.71
2024-07-25,M09,OnHandSnapshot,197.71
2024-07-26,M09,OnHandSnapshot,197.71
2024-07-27,M09,OnHandSnapshot,197.71
2024-07-28,M09,OnHandSnapshot,197.71
2024-07-29,M09,OnHandSnapshot,197.71
2024-07-30,M09,Consumption,-82.8
2024-07-30,M09,OnHandSnapshot,114.91
2024-07-31,M09,Consumption,-82.8
2024-07-31,M09,OnHandSnapshot,32.11
2024-08-01,M09,Consumption,-82.8
2024-08-01,M09,OnHandSnapshot,-50.69
2024-08-02,M09,OnHandSnapshot,-50.69
2024-08-03,M09,OnHandSnapshot,-50.69
2024-08-04,M09,OnHandSnapshot,-50.69
2024-08-05,M09,OnHandSnapshot,-50.69
2024-08-06,M09,OnHandSnapshot,-50.69
2024-08-07,M09,OnHandSnapshot,-50.69
2024-08-08,M09,OnHandSnapshot,-50.69
2024-08-09,M09,OnHandSnapshot,-50.69
2024-08-10,M09,OnHandSnapshot,-50.69
2024-08-11,M09,OnHandSnapshot,-50.69
2024-08-12,M09,Receipt,174.79
2024-08-12,M09,OnHandSnapshot,124.1
2024-08-13,M09,OnHandSnapshot,124.1
2024-08-14,M09,OnHandSnapshot,124.1
2024-08-15,M09,OnHandSnapshot,124.1
2024-08-16,M09,OnHandSnapshot,124.1
2024-08-17,M09,OnHandSnapshot,124.1
2024-08-18,M09,OnHandSnapshot,124.1
2024-08-19,M09,OnHandSnapshot,124.1
2024-08-20,M09,OnHandSnapshot,124.1
2024-08-21,M09,OnHandSnapshot,124.1
2024-08-22,M09,Consumption,-36.0
2024-08-22,M09,OnHandSnapshot,88.1
2024-08-23,M09,OnHandSnapshot,88.1
2024-08-24,M09,OnHandSnapshot,88.1
2024-08-25,M09,OnHandSnapshot,88.1
2024-08-26,M09,OnHandSnapshot,88.1
2024-08-27,M09,OnHandSnapshot,88.1
2024-08-28,M09,OnHandSnapshot,88.1
2024-08-29,M09,Consumption,-82.8
2024-08-29,M09,OnHandSnapshot,5.3
2024-08-30,M09,OnHandSnapshot,5.3
2024-08-31,M09,OnHandSnapshot,5.3
2024-09-01,M09,OnHandSnapshot,5.3
2024-09-02,M09,OnHandSnapshot,5.3
2024-09-03,M09,OnHandSnapshot,5.3
2024-09-04,M09,OnHandSnapshot,5.3
2024-09-05,M09,Receipt,174.79
2024-09-05,M09,OnHandSnapshot,180.09
2024-09-06,M09,OnHandSnapshot,180.09
2024-09-07,M09,OnHandSnapshot,180.09
2024-09-08,M09,OnHandSnapshot,180.09
2024-09-09,M09,OnHandSnapshot,180.09
2024-09-10,M09,OnHandSnapshot,180.09
2024-09-11,M09,OnHandSnapshot,180.09
2024-09-12,M09,Consumption,-82.8
2024-09-12,M09,OnHandSnapshot,97.29
2024-09-13,M09,Consumption,-75.6
2024-09-13,M09,OnHandSnapshot,21.69
2024-09-14,M09,OnHandSnapshot,21.69
2024-09-15,M09,OnHandSnapshot,21.69
2024-09-16,M09,OnHandSnapshot,21.69
2024-09-17,M09,OnHandSnapshot,21.69
2024-09-18,M09,OnHandSnapshot,21.69
2024-09-19,M09,OnHandSnapshot,21.69
2024-09-20,M09,OnHandSnapshot,21.69
2024-09-21,M09,OnHandSnapshot,21.69
2024-09-22,M09,OnHandSnapshot,21.69
2024-09-23,M09,OnHandSnapshot,21.69
2024-09-24,M09,Consumption,-46.8
2024-09-24,M09,OnHandSnapshot,-25.11
2024-09-25,M09,OnHandSnapshot,-25.11
2024-09-26,M09,OnHandSnapshot,-25.11
2024-09-27,M09,OnHandSnapshot,-25.11
2024-09-28,M09,OnHandSnapshot,-25.11
2024-09-29,M09,OnHandSnapshot,-25.11
2024-09-30,M09,OnHandSnapshot,-25.11
2024-10-01,M09,Receipt,174.79
2024-10-01,M09,OnHandSnapshot,149.68
2024-10-02,M09,OnHandSnapshot,149.68
2024-10-03,M09,OnHandSnapshot,149.68
2024-10-04,M09,OnHandSnapshot,149.68
2024-10-05,M09,OnHandSnapshot,149.68
2024-10-06,M09,OnHandSnapshot,149.68
2024-10-07,M09,OnHandSnapshot,149.68
2024-10-08,M09,OnHandSnapshot,149.68
2024-10-09,M09,OnHandSnapshot,149.68
2024-10-10,M09,OnHandSnapshot,149.68
2024-10-11,M09,OnHandSnapshot,149.68
2024-10-12,M09,OnHandSnapshot,149.68
2024-10-13,M09,OnHandSnapshot,149.68
2024-10-14,M09,OnHandSnapshot,149.68
2024-10-15,M09,OnHandSnapshot,149.68
2024-10-16,M09,OnHandSnapshot,149.68
2024-10-17,M09,OnHandSnapshot,149.68
2024-10-18,M09,OnHandSnapshot,149.68
2024-10-19,M09,OnHandSnapshot,149.68
2024-10-20,M09,OnHandSnapshot,149.68
2024-10-21,M09,OnHandSnapshot,149.68
2024-10-22,M09,OnHandSnapshot,149.68
2024-10-23,M09,OnHandSnapshot,149.68
2024-10-24,M09,OnHandSnapshot,149.68
2024-10-25,M09,OnHandSnapshot,149.68
2024-10-26,M09,OnHandSnapshot,149.68
2024-10-27,M09,OnHandSnapshot,149.68
2024-10-28,M09,OnHandSnapshot,149.68
2024-10-29,M09,Consumption,-86.4
2024-10-29,M09,OnHandSnapshot,63.28
2024-10-30,M09,OnHandSnapshot,63.28
2024-10-31,M09,OnHandSnapshot,63.28
2024-11-01,M09,OnHandSnapshot,63.28
2024-11-02,M09,OnHandSnapshot,63.28
2024-11-03,M09,OnHandSnapshot,63.28
2024-11-04,M09,OnHandSnapshot,63.28
2024-11-05,M09,OnHandSnapshot,63.28
2024-11-06,M09,OnHandSnapshot,63.28
2024-11-07,M09,OnHandSnapshot,63.28
2024-11-08,M09,OnHandSnapshot,63.28
2024-11-09,M09,Consumption,-28.8
2024-11-09,M09,OnHandSnapshot,34.48
2024-11-10,M09,OnHandSnapshot,34.48
2024-11-11,M09,OnHandSnapshot,34.48
2024-11-12,M09,OnHandSnapshot,34.48
2024-11-13,M09,Receipt,174.79
2024-11-13,M09,OnHandSnapshot,209.26
2024-11-14,M09,OnHandSnapshot,209.26
2024-11-15,M09,OnHandSnapshot,209.26
2024-11-16,M09,OnHandSnapshot,209.26
2024-11-17,M09,OnHandSnapshot,209.26
2024-11-18,M09,OnHandSnapshot,209.26
2024-11-19,M09,OnHandSnapshot,209.26
2024-11-20,M09,OnHandSnapshot,209.26
2024-11-21,M09,OnHandSnapshot,209.26
2024-11-22,M09,OnHandSnapshot,209.26
2024-11-23,M09,OnHandSnapshot,209.26
2024-11-24,M09,OnHandSnapshot,209.26
2024-11-25,M09,OnHandSnapshot,209.26
2024-11-26,M09,OnHandSnapshot,209.26
2024-11-27,M09,OnHandSnapshot,209.26
2024-11-28,M09,OnHandSnapshot,209.26
2024-11-29,M09,OnHandSnapshot,209.26
2024-11-30,M09,OnHandSnapshot,209.26
2024-12-01,M09,OnHandSnapshot,209.26
2024-12-02,M09,OnHandSnapshot,209.26
2024-12-03,M09,OnHandSnapshot,209.26
2024-12-04,M09,OnHandSnapshot,209.26
2024-12-05,M09,OnHandSnapshot,209.26
2024-12-06,M09,OnHandSnapshot,209.26
2024-12-07,M09,OnHandSnapshot,209.26
2024-12-08,M09,OnHandSnapshot,209.26
2024-12-09,M09,OnHandSnapshot,209.26
2024-12-10,M09,OnHandSnapshot,209.26
2024-12-11,M09,OnHandSnapshot,209.26
2024-12-12,M09,OnHandSnapshot,209.26
2024-12-13,M09,OnHandSnapshot,209.26
2024-12-14,M09,OnHandSnapshot,209.26
2024-12-15,M09,OnHandSnapshot,209.26
2024-12-16,M09,OnHandSnapshot,209.26
2024-12-17,M09,Consumption,-82.8
2024-12-17,M09,OnHandSnapshot,126.46
2024-12-18,M09,OnHandSnapshot,126.46
2024-12-19,M09,OnHandSnapshot,126.46
2024-12-20,M09,OnHandSnapshot,126.46
2024-12-21,M09,OnHandSnapshot,126.46
2024-12-22,M09,OnHandSnapshot,126.46
2024-12-23,M09,OnHandSnapshot,126.46
2024-12-24,M09,OnHandSnapshot,126.46
2024-12-25,M09,OnHandSnapshot,126.46
2024-12-26,M09,OnHandSnapshot,126.46
2024-12-27,M09,OnHandSnapshot,126.46
2024-12-28,M09,OnHandSnapshot,126.46
2024-12-29,M09,OnHandSnapshot,126.46
2024-12-30,M09,OnHandSnapshot,126.46
2024-12-31,M09,OnHandSnapshot,126.46
2025-01-01,M09,OnHandSnapshot,126.46
2025-01-02,M09,OnHandSnapshot,126.46
2025-01-03,M09,OnHandSnapshot,126.46
2025-01-04,M09,OnHandSnapshot,126.46
2025-01-05,M09,OnHandSnapshot,126.46
2025-01-06,M09,OnHandSnapshot,126.46
2025-01-07,M09,OnHandSnapshot,126.46
2025-01-08,M09,OnHandSnapshot,126.46
2025-01-09,M09,OnHandSnapshot,126.46
2025-01-10,M09,OnHandSnapshot,126.46
2025-01-11,M09,OnHandSnapshot,126.46
2025-01-12,M09,OnHandSnapshot,126.46
2025-01-13,M09,OnHandSnapshot,126.46
2025-01-14,M09,Consumption,-46.8
2025-01-14,M09,OnHandSnapshot,79.66
2025-01-15,M09,OnHandSnapshot,79.66
2025-01-16,M09,Consumption,-61.2
2025-01-16,M09,OnHandSnapshot,18.46
2025-01-17,M09,OnHandSnapshot,18.46
2025-01-18,M09,OnHandSnapshot,18.46
2025-01-19,M09,OnHandSnapshot,18.46
2025-01-20,M09,OnHandSnapshot,18.46
2025-01-21,M09,OnHandSnapshot,18.46
2025-01-22,M09,OnHandSnapshot,18.46
2025-01-23,M09,OnHandSnapshot,18.46
2025-01-24,M09,OnHandSnapshot,18.46
2025-01-25,M09,OnHandSnapshot,18.46
2025-01-26,M09,OnHandSnapshot,18.46
2025-01-27,M09,OnHandSnapshot,18.46
2025-01-28,M09,OnHandSnapshot,18.46
2025-01-29,M09,Receipt,174.79
2025-01-29,M09,Consumption,-25.2
2025-01-29,M09,OnHandSnapshot,168.05
2025-01-30,M09,OnHandSnapshot,168.05
2025-01-31,M09,OnHandSnapshot,168.05
2025-02-01,M09,OnHandSnapshot,168.05
2025-02-02,M09,OnHandSnapshot,168.05
2025-02-03,M09,OnHandSnapshot,168.05
2025-02-04,M09,OnHandSnapshot,168.05
2025-02-05,M09,OnHandSnapshot,168.05
2025-02-06,M09,OnHandSnapshot,168.05
2025-02-07,M09,OnHandSnapshot,168.05
2025-02-08,M09,OnHandSnapshot,168.05
2025-02-09,M09,OnHandSnapshot,168.05
2025-02-10,M09,OnHandSnapshot,168.05
2025-02-11,M09,Consumption,-82.8
2025-02-11,M09,OnHandSnapshot,85.25
2025-02-12,M09,OnHandSnapshot,85.25
2025-02-13,M09,OnHandSnapshot,85.25
2025-02-14,M09,OnHandSnapshot,85.25
2025-02-15,M09,OnHandSnapshot,85.25
2025-02-16,M09,OnHandSnapshot,85.25
2025-02-17,M09,OnHandSnapshot,85.25
2025-02-18,M09,OnHandSnapshot,85.25
2025-02-19,M09,Consumption,-86.4
2025-02-19,M09,OnHandSnapshot,-1.15
2025-02-20,M09,OnHandSnapshot,-1.15
2025-02-21,M09,OnHandSnapshot,-1.15
2025-02-22,M09,OnHandSnapshot,-1.15
2025-02-23,M09,OnHandSnapshot,-1.15
2025-02-24,M09,Consumption,-82.8
2025-02-24,M09,OnHandSnapshot,-83.95
2025-02-25,M09,OnHandSnapshot,-83.95
2025-02-26,M09,Receipt,174.79
2025-02-26,M09,OnHandSnapshot,90.84
2025-02-27,M09,OnHandSnapshot,90.84
2025-02-28,M09,OnHandSnapshot,90.84
2025-03-01,M09,OnHandSnapshot,90.84
2025-03-02,M09,OnHandSnapshot,90.84
2025-03-03,M09,OnHandSnapshot,90.84
2025-03-04,M09,OnHandSnapshot,90.84
2025-03-05,M09,OnHandSnapshot,90.84
2025-03-06,M09,OnHandSnapshot,90.84
2025-03-07,M09,OnHandSnapshot,90.84
2025-03-08,M09,OnHandSnapshot,90.84
2025-03-09,M09,OnHandSnapshot,90.84
2025-03-10,M09,OnHandSnapshot,90.84
2025-03-11,M09,OnHandSnapshot,90.84
2025-03-12,M09,OnHandSnapshot,90.84
2025-03-13,M09,OnHandSnapshot,90.84
2025-03-14,M09,Consumption,-82.8
2025-03-14,M09,OnHandSnapshot,8.04
2025-03-15,M09,OnHandSnapshot,8.04
2025-03-16,M09,Receipt,174.79
2025-03-16,M09,OnHandSnapshot,182.82
2025-03-17,M09,OnHandSnapshot,182.82
2025-03-18,M09,OnHandSnapshot,182.82
2025-03-19,M09,OnHandSnapshot,182.82
2025-03-20,M09,OnHandSnapshot,182.82
2025-03-21,M09,OnHandSnapshot,182.82
2025-03-22,M09,OnHandSnapshot,182.82
2025-03-23,M09,OnHandSnapshot,182.82
2025-03-24,M09,OnHandSnapshot,182.82
2025-03-25,M09,OnHandSnapshot,182.82
2025-03-26,M09,OnHandSnapshot,182.82
2025-03-27,M09,OnHandSnapshot,182.82
2025-03-28,M09,OnHandSnapshot,182.82
2025-03-29,M09,OnHandSnapshot,182.82
2025-03-30,M09,OnHandSnapshot,182.82
2025-03-31,M09,OnHandSnapshot,182.82
2025-04-01,M09,OnHandSnapshot,182.82
2025-04-02,M09,OnHandSnapshot,182.82
2025-04-03,M09,OnHandSnapshot,182.82
2025-04-04,M09,OnHandSnapshot,182.82
2025-04-05,M09,OnHandSnapshot,182.82
2025-04-06,M09,OnHandSnapshot,182.82
2025-04-07,M09,OnHandSnapshot,182.82
2025-04-08,M09,Consumption,-46.8
2025-04-08,M09,OnHandSnapshot,136.02
2025-04-09,M09,OnHandSnapshot,136.02
2025-04-10,M09,OnHandSnapshot,136.02
2025-04-11,M09,OnHandSnapshot,136.02
2025-04-12,M09,OnHandSnapshot,136.02
2025-04-13,M09,Consumption,-86.4
2025-04-13,M09,OnHandSnapshot,49.62
2025-04-14,M09,OnHandSnapshot,49.62
2025-04-15,M09,OnHandSnapshot,49.62
2025-04-16,M09,OnHandSnapshot,49.62
2025-04-17,M09,OnHandSnapshot,49.62
2025-04-18,M09,OnHandSnapshot,49.62
2025-04-19,M09,OnHandSnapshot,49.62
2025-04-20,M09,OnHandSnapshot,49.62
2025-04-21,M09,OnHandSnapshot,49.62
2025-04-22,M09,OnHandSnapshot,49.62
2025-04-23,M09,OnHandSnapshot,49.62
2025-04-24,M09,OnHandSnapshot,49.62
2025-04-25,M09,OnHandSnapshot,49.62
2025-04-26,M09,OnHandSnapshot,49.62
2025-04-27,M09,Receipt,174.79
2025-04-27,M09,OnHandSnapshot,224.41
2025-04-28,M09,OnHandSnapshot,224.41
2025-04-29,M09,OnHandSnapshot,224.41
2025-04-30,M09,OnHandSnapshot,224.41
2025-05-01,M09,OnHandSnapshot,224.41
2025-05-02,M09,OnHandSnapshot,224.41
2025-05-03,M09,Consumption,-32.4
2025-05-03,M09,OnHandSnapshot,192.01
2025-05-04,M09,OnHandSnapshot,192.01
2025-05-05,M09,OnHandSnapshot,192.01
2025-05-06,M09,OnHandSnapshot,192.01
2025-05-07,M09,OnHandSnapshot,192.01
2025-05-08,M09,OnHandSnapshot,192.01
2025-05-09,M09,OnHandSnapshot,192.01
2025-05-10,M09,OnHandSnapshot,192.01
2025-05-11,M09,OnHandSnapshot,192.01
2025-05-12,M09,OnHandSnapshot,192.01
2025-05-13,M09,OnHandSnapshot,192.01
2025-05-14,M09,OnHandSnapshot,192.01
2025-05-15,M09,OnHandSnapshot,192.01
2025-05-16,M09,OnHandSnapshot,192.01
2025-05-17,M09,OnHandSnapshot,192.01
2025-05-18,M09,OnHandSnapshot,192.01
2025-05-19,M09,OnHandSnapshot,192.01
2025-05-20,M09,OnHandSnapshot,192.01
2025-05-21,M09,OnHandSnapshot,192.01
2025-05-22,M09,OnHandSnapshot,192.01
2025-05-23,M09,OnHandSnapshot,192.01
2025-05-24,M09,OnHandSnapshot,192.01
2025-05-25,M09,OnHandSnapshot,192.01
2025-05-26,M09,OnHandSnapshot,192.01
2025-05-27,M09,OnHandSnapshot,192.01
2025-05-28,M09,OnHandSnapshot,192.01
2025-05-29,M09,OnHandSnapshot,192.01
2025-05-30,M09,OnHandSnapshot,192.01
2025-05-31,M09,OnHandSnapshot,192.01
2025-06-01,M09,OnHandSnapshot,192.01
2025-06-02,M09,OnHandSnapshot,192.01
2025-06-03,M09,OnHandSnapshot,192.01
2025-06-04,M09,OnHandSnapshot,192.01
2025-06-05,M09,OnHandSnapshot,192.01
2025-06-06,M09,OnHandSnapshot,192.01
2025-06-07,M09,OnHandSnapshot,192.01
2025-06-08,M09,OnHandSnapshot,192.01
2025-06-09,M09,OnHandSnapshot,192.01
2025-06-10,M09,OnHandSnapshot,192.01
2025-06-11,M09,OnHandSnapshot,192.01
2025-06-12,M09,OnHandSnapshot,192.01
2025-06-13,M09,OnHandSnapshot,192.01
2025-06-14,M09,OnHandSnapshot,192.01
2025-06-15,M09,OnHandSnapshot,192.01
2025-06-16,M09,OnHandSnapshot,192.01
2025-06-17,M09,OnHandSnapshot,192.01
2025-06-18,M09,OnHandSnapshot,192.01
2025-06-19,M09,OnHandSnapshot,192.01
2025-06-20,M09,OnHandSnapshot,192.01
2025-06-21,M09,OnHandSnapshot,192.01
2025-06-22,M09,OnHandSnapshot,192.01
2025-06-23,M09,OnHandSnapshot,192.01
2025-06-24,M09,OnHandSnapshot,192.01
2025-06-25,M09,OnHandSnapshot,192.01
2025-06-26,M09,OnHandSnapshot,192.01
2025-06-27,M09,OnHandSnapshot,192.01
2025-06-28,M09,OnHandSnapshot,192.01
2025-06-29,M09,OnHandSnapshot,192.01
2025-06-30,M09,OnHandSnapshot,192.01
2025-07-01,M09,Consumption,-54.0
2025-07-01,M09,OnHandSnapshot,138.01
2025-07-02,M09,OnHandSnapshot,138.01
2025-07-03,M09,OnHandSnapshot,138.01
2025-07-04,M09,OnHandSnapshot,138.01
2025-07-05,M09,OnHandSnapshot,138.01
2025-07-06,M09,OnHandSnapshot,138.01
2025-07-07,M09,OnHandSnapshot,138.01
2025-07-08,M09,Consumption,-86.4
2025-07-08,M09,OnHandSnapshot,51.61
2025-07-09,M09,OnHandSnapshot,51.61
2025-07-10,M09,OnHandSnapshot,51.61
2025-07-11,M09,OnHandSnapshot,51.61
2025-07-12,M09,OnHandSnapshot,51.61
2025-07-13,M09,OnHandSnapshot,51.61
2025-07-14,M09,OnHandSnapshot,51.61
2025-07-15,M09,OnHandSnapshot,51.61
2025-07-16,M09,OnHandSnapshot,51.61
2025-07-17,M09,OnHandSnapshot,51.61
2025-07-18,M09,OnHandSnapshot,51.61
2025-07-19,M09,Consumption,-86.4
2025-07-19,M09,OnHandSnapshot,-34.79
2025-07-20,M09,OnHandSnapshot,-34.79
2025-07-21,M09,OnHandSnapshot,-34.79
2025-07-22,M09,OnHandSnapshot,-34.79
2025-07-23,M09,OnHandSnapshot,-34.79
2025-07-24,M09,OnHandSnapshot,-34.79
2025-07-25,M09,OnHandSnapshot,-34.79
2025-07-26,M09,OnHandSnapshot,-34.79
2025-07-27,M09,Receipt,174.79
2025-07-27,M09,OnHandSnapshot,140.0
2025-07-28,M09,OnHandSnapshot,140.0
2025-07-29,M09,OnHandSnapshot,140.0
2025-07-30,M09,OnHandSnapshot,140.0
2025-07-31,M09,OnHandSnapshot,140.0
2025-08-01,M09,OnHandSnapshot,140.0
2025-08-02,M09,OnHandSnapshot,140.0
2025-08-03,M09,OnHandSnapshot,140.0
2025-08-04,M09,OnHandSnapshot,140.0
2025-08-05,M09,OnHandSnapshot,140.0
2025-08-06,M09,OnHandSnapshot,140.0
2025-08-07,M09,OnHandSnapshot,140.0
2025-08-08,M09,OnHandSnapshot,140.0
2025-08-09,M09,OnHandSnapshot,140.0
2025-08-10,M09,OnHandSnapshot,140.0
2025-08-11,M09,OnHandSnapshot,140.0
2025-08-12,M09,OnHandSnapshot,140.0
2025-08-13,M09,Consumption,-86.4
2025-08-13,M09,OnHandSnapshot,53.6
2025-08-14,M09,OnHandSnapshot,53.6
2025-08-15,M09,OnHandSnapshot,53.6
2025-08-16,M09,OnHandSnapshot,53.6
2025-08-17,M09,OnHandSnapshot,53.6
2025-08-18,M09,OnHandSnapshot,53.6
2025-08-19,M09,OnHandSnapshot,53.6
2025-08-20,M09,OnHandSnapshot,53.6
2025-08-21,M09,OnHandSnapshot,53.6
2025-08-22,M09,OnHandSnapshot,53.6
2025-08-23,M09,OnHandSnapshot,53.6
2025-08-24,M09,OnHandSnapshot,53.6
2025-08-25,M09,OnHandSnapshot,53.6
2025-08-26,M09,OnHandSnapshot,53.6
2025-08-27,M09,Receipt,174.79
2025-08-27,M09,OnHandSnapshot,228.39
2025-08-28,M09,OnHandSnapshot,228.39
2025-08-29,M09,OnHandSnapshot,228.39
2025-08-30,M09,OnHandSnapshot,228.39
2025-08-31,M09,OnHandSnapshot,228.39
2025-09-01,M09,OnHandSnapshot,228.39
2025-09-02,M09,OnHandSnapshot,228.39
2025-09-03,M09,Consumption,-39.6
2025-09-03,M09,OnHandSnapshot,188.79
2025-09-04,M09,OnHandSnapshot,188.79
2025-09-05,M09,OnHandSnapshot,188.79
2025-09-06,M09,OnHandSnapshot,188.79
2025-09-07,M09,OnHandSnapshot,188.79
2025-09-08,M09,OnHandSnapshot,188.79
2025-09-09,M09,OnHandSnapshot,188.79
2025-09-10,M09,OnHandSnapshot,188.79
2025-09-11,M09,OnHandSnapshot,188.79
2025-09-12,M09,OnHandSnapshot,188.79
2025-09-13,M09,OnHandSnapshot,188.79
2025-09-14,M09,OnHandSnapshot,188.79
2025-09-15,M09,OnHandSnapshot,188.79
2025-09-16,M09,OnHandSnapshot,188.79
2025-09-17,M09,OnHandSnapshot,188.79
2025-09-18,M09,OnHandSnapshot,188.79
2025-09-19,M09,OnHandSnapshot,188.79
2025-09-20,M09,OnHandSnapshot,188.79
2025-09-21,M09,OnHandSnapshot,188.79
2025-09-22,M09,OnHandSnapshot,188.79
2025-09-23,M09,OnHandSnapshot,188.79
2025-09-24,M09,OnHandSnapshot,188.79
2025-09-25,M09,OnHandSnapshot,188.79
2025-09-26,M09,OnHandSnapshot,188.79
2025-09-27,M09,OnHandSnapshot,188.79
2025-09-28,M09,OnHandSnapshot,188.79
2025-09-29,M09,OnHandSnapshot,188.79
2025-09-30,M09,OnHandSnapshot,188.79
2025-10-01,M09,OnHandSnapshot,188.79
2025-10-02,M09,OnHandSnapshot,188.79
2025-10-03,M09,OnHandSnapshot,188.79
2025-10-04,M09,Consumption,-82.8
2025-10-04,M09,OnHandSnapshot,105.99
2025-10-05,M09,OnHandSnapshot,105.99
2025-10-06,M09,OnHandSnapshot,105.99
2025-10-07,M09,OnHandSnapshot,105.99
2025-10-08,M09,OnHandSnapshot,105.99
2025-10-09,M09,OnHandSnapshot,105.99
2025-10-10,M09,OnHandSnapshot,105.99
2025-10-11,M09,OnHandSnapshot,105.99
2025-10-12,M09,OnHandSnapshot,105.99
2025-10-13,M09,OnHandSnapshot,105.99
2025-10-14,M09,OnHandSnapshot,105.99
2025-10-15,M09,OnHandSnapshot,105.99
2025-10-16,M09,OnHandSnapshot,105.99
2025-10-17,M09,OnHandSnapshot,105.99
2025-10-18,M09,OnHandSnapshot,105.99
2025-10-19,M09,OnHandSnapshot,105.99
2025-10-20,M09,Receipt,174.79
2025-10-20,M09,OnHandSnapshot,280.77
2025-10-21,M09,OnHandSnapshot,280.77
2025-10-22,M09,OnHandSnapshot,280.77
2025-10-23,M09,OnHandSnapshot,280.77
2025-10-24,M09,Consumption,-10.8
2025-10-24,M09,OnHandSnapshot,269.97
2025-10-25,M09,OnHandSnapshot,269.97
2025-10-26,M09,OnHandSnapshot,269.97
2025-10-27,M09,OnHandSnapshot,269.97
2025-10-28,M09,OnHandSnapshot,269.97
2025-10-29,M09,OnHandSnapshot,269.97
2025-10-30,M09,OnHandSnapshot,269.97
2025-10-31,M09,OnHandSnapshot,269.97
2025-11-01,M09,OnHandSnapshot,269.97
2025-11-02,M09,OnHandSnapshot,269.97
2025-11-03,M09,OnHandSnapshot,269.97
2025-11-04,M09,OnHandSnapshot,269.97
2025-11-05,M09,Consumption,-43.2
2025-11-05,M09,OnHandSnapshot,226.77
2025-11-06,M09,OnHandSnapshot,226.77
2025-11-07,M09,OnHandSnapshot,226.77
2025-11-08,M09,OnHandSnapshot,226.77
2025-11-09,M09,OnHandSnapshot,226.77
2025-11-10,M09,OnHandSnapshot,226.77
2025-11-11,M09,OnHandSnapshot,226.77
2025-11-12,M09,OnHandSnapshot,226.77
2025-11-13,M09,OnHandSnapshot,226.77
2025-11-14,M09,OnHandSnapshot,226.77
2025-11-15,M09,OnHandSnapshot,226.77
2025-11-16,M09,OnHandSnapshot,226.77
2025-11-17,M09,OnHandSnapshot,226.77
2025-11-18,M09,OnHandSnapshot,226.77
2025-11-19,M09,OnHandSnapshot,226.77
2025-11-20,M09,OnHandSnapshot,226.77
2025-11-21,M09,OnHandSnapshot,226.77
2025-11-22,M09,OnHandSnapshot,226.77
2025-11-23,M09,Consumption,-86.4
2025-11-23,M09,OnHandSnapshot,140.37
2025-11-24,M09,OnHandSnapshot,140.37
2025-11-25,M09,OnHandSnapshot,140.37
2025-11-26,M09,OnHandSnapshot,140.37
2025-11-27,M09,OnHandSnapshot,140.37
2025-11-28,M09,OnHandSnapshot,140.37
2025-11-29,M09,OnHandSnapshot,140.37
2025-11-30,M09,OnHandSnapshot,140.37
2025-12-01,M09,OnHandSnapshot,140.37
2025-12-02,M09,OnHandSnapshot,140.37
2025-12-03,M09,OnHandSnapshot,140.37
2025-12-04,M09,OnHandSnapshot,140.37
2025-12-05,M09,OnHandSnapshot,140.37
2025-12-06,M09,OnHandSnapshot,140.37
2025-12-07,M09,OnHandSnapshot,140.37
2025-12-08,M09,OnHandSnapshot,140.37
2025-12-09,M09,OnHandSnapshot,140.37
2025-12-10,M09,OnHandSnapshot,140.37
2025-12-11,M09,OnHandSnapshot,140.37
2025-12-12,M09,OnHandSnapshot,140.37
2025-12-13,M09,OnHandSnapshot,140.37
2025-12-14,M09,OnHandSnapshot,140.37
2025-12-15,M09,OnHandSnapshot,140.37
2025-12-16,M09,OnHandSnapshot,140.37
2025-12-17,M09,OnHandSnapshot,140.37
2025-12-18,M09,OnHandSnapshot,140.37
2025-12-19,M09,OnHandSnapshot,140.37
2025-12-20,M09,OnHandSnapshot,140.37
2025-12-21,M09,Consumption,-46.8
2025-12-21,M09,OnHandSnapshot,93.57
2025-12-22,M09,OnHandSnapshot,93.57
2025-12-23,M09,OnHandSnapshot,93.57
2025-12-24,M09,OnHandSnapshot,93.57
2025-12-25,M09,OnHandSnapshot,93.57
2025-12-26,M09,OnHandSnapshot,93.57
2025-12-27,M09,OnHandSnapshot,93.57
2025-12-28,M09,OnHandSnapshot,93.57
2025-12-29,M09,OnHandSnapshot,93.57
2025-12-30,M09,OnHandSnapshot,93.57
2025-12-31,M09,OnHandSnapshot,93.57
2024-01-01,M10,OnHandSnapshot,323.58
2024-01-02,M10,OnHandSnapshot,323.58
2024-01-03,M10,Consumption,-15.0
2024-01-03,M10,OnHandSnapshot,308.58
2024-01-04,M10,Consumption,-15.0
2024-01-04,M10,OnHandSnapshot,293.58
2024-01-05,M10,OnHandSnapshot,293.58
2024-01-06,M10,Consumption,-37.0
2024-01-06,M10,OnHandSnapshot,256.58
2024-01-07,M10,Receipt,517.72
2024-01-07,M10,Consumption,-38.0
2024-01-07,M10,OnHandSnapshot,736.3
2024-01-08,M10,Consumption,-18.0
2024-01-08,M10,OnHandSnapshot,718.3
2024-01-09,M10,Consumption,-43.0
2024-01-09,M10,OnHandSnapshot,675.3
2024-01-10,M10,Consumption,-29.0
2024-01-10,M10,OnHandSnapshot,646.3
2024-01-11,M10,OnHandSnapshot,646.3
2024-01-12,M10,OnHandSnapshot,646.3
2024-01-13,M10,OnHandSnapshot,646.3
2024-01-14,M10,OnHandSnapshot,646.3
2024-01-15,M10,Consumption,-60.0
2024-01-15,M10,OnHandSnapshot,586.3
2024-01-16,M10,Consumption,-32.0
2024-01-16,M10,OnHandSnapshot,554.3
2024-01-17,M10,Consumption,-15.0
2024-01-17,M10,OnHandSnapshot,539.3
2024-01-18,M10,Consumption,-39.0
2024-01-18,M10,OnHandSnapshot,500.3
2024-01-19,M10,OnHandSnapshot,500.3
2024-01-20,M10,Consumption,-14.0
2024-01-20,M10,OnHandSnapshot,486.3
2024-01-21,M10,Consumption,-22.0
2024-01-21,M10,OnHandSnapshot,464.3
2024-01-22,M10,Consumption,-23.0
2024-01-22,M10,OnHandSnapshot,441.3
2024-01-23,M10,OnHandSnapshot,441.3
2024-01-24,M10,Consumption,-113.0
2024-01-24,M10,OnHandSnapshot,328.3
2024-01-25,M10,OnHandSnapshot,328.3
2024-01-26,M10,OnHandSnapshot,328.3
2024-01-27,M10,OnHandSnapshot,328.3
2024-01-28,M10,Receipt,517.72
2024-01-28,M10,Consumption,-15.0
2024-01-28,M10,OnHandSnapshot,831.02
2024-01-29,M10,Consumption,-43.0
2024-01-29,M10,OnHandSnapshot,788.02
2024-01-30,M10,OnHandSnapshot,788.02
2024-01-31,M10,Consumption,-8.0
2024-01-31,M10,OnHandSnapshot,780.02
2024-02-01,M10,Consumption,-7.0
2024-02-01,M10,OnHandSnapshot,773.02
2024-02-02,M10,OnHandSnapshot,773.02
2024-02-03,M10,OnHandSnapshot,773.02
2024-02-04,M10,OnHandSnapshot,773.02
2024-02-05,M10,Consumption,-48.0
2024-02-05,M10,OnHandSnapshot,725.02
2024-02-06,M10,OnHandSnapshot,725.02
2024-02-07,M10,Consumption,-57.0
2024-02-07,M10,OnHandSnapshot,668.02
2024-02-08,M10,Consumption,-60.0
2024-02-08,M10,OnHandSnapshot,608.02
2024-02-09,M10,OnHandSnapshot,608.02
2024-02-10,M10,Consumption,-44.0
2024-02-10,M10,OnHandSnapshot,564.02
2024-02-11,M10,Consumption,-7.0
2024-02-11,M10,OnHandSnapshot,557.02
2024-02-12,M10,Consumption,-17.0
2024-02-12,M10,OnHandSnapshot,540.02
2024-02-13,M10,OnHandSnapshot,540.02
2024-02-14,M10,Consumption,-23.0
2024-02-14,M10,OnHandSnapshot,517.02
2024-02-15,M10,OnHandSnapshot,517.02
2024-02-16,M10,Consumption,-27.0
2024-02-16,M10,OnHandSnapshot,490.02
2024-02-17,M10,Consumption,-24.0
2024-02-17,M10,OnHandSnapshot,466.02
2024-02-18,M10,Consumption,-7.0
2024-02-18,M10,OnHandSnapshot,459.02
2024-02-19,M10,Consumption,-64.0
2024-02-19,M10,OnHandSnapshot,395.02
2024-02-20,M10,Consumption,-15.0
2024-02-20,M10,OnHandSnapshot,380.02
2024-02-21,M10,OnHandSnapshot,380.02
2024-02-22,M10,Consumption,-12.0
2024-02-22,M10,OnHandSnapshot,368.02
2024-02-23,M10,OnHandSnapshot,368.02
2024-02-24,M10,Consumption,-15.0
2024-02-24,M10,OnHandSnapshot,353.02
2024-02-25,M10,Consumption,-15.0
2024-02-25,M10,OnHandSnapshot,338.02
2024-02-26,M10,Consumption,-15.0
2024-02-26,M10,OnHandSnapshot,323.02
2024-02-27,M10,Consumption,-36.0
2024-02-27,M10,OnHandSnapshot,287.02
2024-02-28,M10,Consumption,-33.0
2024-02-28,M10,OnHandSnapshot,254.02
2024-02-29,M10,OnHandSnapshot,254.02
2024-03-01,M10,OnHandSnapshot,254.02
2024-03-02,M10,Receipt,517.72
2024-03-02,M10,Consumption,-44.0
2024-03-02,M10,OnHandSnapshot,727.75
2024-03-03,M10,OnHandSnapshot,727.75
2024-03-04,M10,OnHandSnapshot,727.75
2024-03-05,M10,Consumption,-30.0
2024-03-05,M10,OnHandSnapshot,697.75
2024-03-06,M10,Consumption,-16.0
2024-03-06,M10,OnHandSnapshot,681.75
2024-03-07,M10,Consumption,-23.0
2024-03-07,M10,OnHandSnapshot,658.75
2024-03-08,M10,OnHandSnapshot,658.75
2024-03-09,M10,OnHandSnapshot,658.75
2024-03-10,M10,OnHandSnapshot,658.75
2024-03-11,M10,Consumption,-43.0
2024-03-11,M10,OnHandSnapshot,615.75
2024-03-12,M10,OnHandSnapshot,615.75
2024-03-13,M10,Consumption,-81.0
2024-03-13,M10,OnHandSnapshot,534.75
2024-03-14,M10,OnHandSnapshot,534.75
2024-03-15,M10,OnHandSnapshot,534.75
2024-03-16,M10,OnHandSnapshot,534.75
2024-03-17,M10,Consumption,-22.0
2024-03-17,M10,OnHandSnapshot,512.75
2024-03-18,M10,Consumption,-37.0
2024-03-18,M10,OnHandSnapshot,475.75
2024-03-19,M10,OnHandSnapshot,475.75
2024-03-20,M10,OnHandSnapshot,475.75
2024-03-21,M10,Consumption,-27.0
2024-03-21,M10,OnHandSnapshot,448.75
2024-03-22,M10,Consumption,-23.0
2024-03-22,M10,OnHandSnapshot,425.75
2024-03-23,M10,Consumption,-21.0
2024-03-23,M10,OnHandSnapshot,404.75
2024-03-24,M10,Consumption,-37.0
2024-03-24,M10,OnHandSnapshot,367.75
2024-03-25,M10,Consumption,-16.0
2024-03-25,M10,OnHandSnapshot,351.75
2024-03-26,M10,Consumption,-31.0
2024-03-26,M10,OnHandSnapshot,320.75
2024-03-27,M10,OnHandSnapshot,320.75
2024-03-28,M10,Consumption,-30.0
2024-03-28,M10,OnHandSnapshot,290.75
2024-03-29,M10,OnHandSnapshot,290.75
2024-03-30,M10,Consumption,-39.0
2024-03-30,M10,OnHandSnapshot,251.75
2024-03-31,M10,Receipt,517.72
2024-03-31,M10,OnHandSnapshot,769.47
2024-04-01,M10,Consumption,-27.0
2024-04-01,M10,OnHandSnapshot,742.47
2024-04-02,M10,OnHandSnapshot,742.47
2024-04-03,M10,Consumption,-30.0
2024-04-03,M10,OnHandSnapshot,712.47
2024-04-04,M10,OnHandSnapshot,712.47
2024-04-05,M10,OnHandSnapshot,712.47
2024-04-06,M10,OnHandSnapshot,712.47
2024-04-07,M10,Consumption,-23.0
2024-04-07,M10,OnHandSnapshot,689.47
2024-04-08,M10,OnHandSnapshot,689.47
2024-04-09,M10,Consumption,-39.0
2024-04-09,M10,OnHandSnapshot,650.47
2024-04-10,M10,OnHandSnapshot,650.47
2024-04-11,M10,OnHandSnapshot,650.47
2024-04-12,M10,OnHandSnapshot,650.47
2024-04-13,M10,Consumption,-11.0
2024-04-13,M10,OnHandSnapshot,639.47
2024-04-14,M10,OnHandSnapshot,639.47
2024-04-15,M10,OnHandSnapshot,639.47
2024-04-16,M10,OnHandSnapshot,639.47
2024-04-17,M10,OnHandSnapshot,639.47
2024-04-18,M10,Consumption,-52.0
2024-04-18,M10,OnHandSnapshot,587.47
2024-04-19,M10,Consumption,-6.0
2024-04-19,M10,OnHandSnapshot,581.47
2024-04-20,M10,OnHandSnapshot,581.47
2024-04-21,M10,OnHandSnapshot,581.47
2024-04-22,M10,OnHandSnapshot,581.47
2024-04-23,M10,Consumption,-15.0
2024-04-23,M10,OnHandSnapshot,566.47
2024-04-24,M10,OnHandSnapshot,566.47
2024-04-25,M10,OnHandSnapshot,566.47
2024-04-26,M10,OnHandSnapshot,566.47
2024-04-27,M10,Consumption,-15.0
2024-04-27,M10,OnHandSnapshot,551.47
2024-04-28,M10,OnHandSnapshot,551.47
2024-04-29,M10,Consumption,-15.0
2024-04-29,M10,OnHandSnapshot,536.47
2024-04-30,M10,Consumption,-31.0
2024-04-30,M10,OnHandSnapshot,505.47
2024-05-01,M10,Consumption,-33.0
2024-05-01,M10,OnHandSnapshot,472.47
2024-05-02,M10,Consumption,-19.0
2024-05-02,M10,OnHandSnapshot,453.47
2024-05-03,M10,OnHandSnapshot,453.47
2024-05-04,M10,Consumption,-11.0
2024-05-04,M10,OnHandSnapshot,442.47
2024-05-05,M10,Consumption,-34.0
2024-05-05,M10,OnHandSnapshot,408.47
2024-05-06,M10,Consumption,-8.0
2024-05-06,M10,OnHandSnapshot,400.47
2024-05-07,M10,Consumption,-18.0
2024-05-07,M10,OnHandSnapshot,382.47
2024-05-08,M10,Consumption,-15.0
2024-05-08,M10,OnHandSnapshot,367.47
2024-05-09,M10,Consumption,-30.0
2024-05-09,M10,OnHandSnapshot,337.47
2024-05-10,M10,Consumption,-29.0
2024-05-10,M10,OnHandSnapshot,308.47
2024-05-11,M10,Consumption,-22.0
2024-05-11,M10,OnHandSnapshot,286.47
2024-05-12,M10,Consumption,-19.0
2024-05-12,M10,OnHandSnapshot,267.47
2024-05-13,M10,Receipt,517.72
2024-05-13,M10,Consumption,-45.0
2024-05-13,M10,OnHandSnapshot,740.2
2024-05-14,M10,OnHandSnapshot,740.2
2024-05-15,M10,Consumption,-49.0
2024-05-15,M10,OnHandSnapshot,691.2
2024-05-16,M10,Consumption,-72.0
2024-05-16,M10,OnHandSnapshot,619.2
2024-05-17,M10,Consumption,-82.0
2024-05-17,M10,OnHandSnapshot,537.2
2024-05-18,M10,Consumption,-46.0
2024-05-18,M10,OnHandSnapshot,491.2
2024-05-19,M10,Consumption,-15.0
2024-05-19,M10,OnHandSnapshot,476.2
2024-05-20,M10,OnHandSnapshot,476.2
2024-05-21,M10,OnHandSnapshot,476.2
2024-05-22,M10,OnHandSnapshot,476.2
2024-05-23,M10,Consumption,-13.0
2024-05-23,M10,OnHandSnapshot,463.2
2024-05-24,M10,Consumption,-25.0
2024-05-24,M10,OnHandSnapshot,438.2
2024-05-25,M10,Consumption,-27.0
2024-05-25,M10,OnHandSnapshot,411.2
2024-05-26,M10,Consumption,-30.0
2024-05-26,M10,OnHandSnapshot,381.2
2024-05-27,M10,Consumption,-42.0
2024-05-27,M10,OnHandSnapshot,339.2
2024-05-28,M10,Consumption,-52.0
2024-05-28,M10,OnHandSnapshot,287.2
2024-05-29,M10,Consumption,-23.0
2024-05-29,M10,OnHandSnapshot,264.2
2024-05-30,M10,OnHandSnapshot,264.2
2024-05-31,M10,Consumption,-29.0
2024-05-31,M10,OnHandSnapshot,235.2
2024-06-01,M10,OnHandSnapshot,235.2
2024-06-02,M10,OnHandSnapshot,235.2
2024-06-03,M10,Consumption,-31.0
2024-06-03,M10,OnHandSnapshot,204.2
2024-06-04,M10,OnHandSnapshot,204.2
2024-06-05,M10,Consumption,-23.0
2024-06-05,M10,OnHandSnapshot,181.2
2024-06-06,M10,Receipt,517.72
2024-06-06,M10,Consumption,-22.0
2024-06-06,M10,OnHandSnapshot,676.92
2024-06-07,M10,OnHandSnapshot,676.92
2024-06-08,M10,Consumption,-14.0
2024-06-08,M10,OnHandSnapshot,662.92
2024-06-09,M10,Consumption,-31.0
2024-06-09,M10,OnHandSnapshot,631.92
2024-06-10,M10,OnHandSnapshot,631.92
2024-06-11,M10,Consumption,-36.0
2024-06-11,M10,OnHandSnapshot,595.92
2024-06-12,M10,OnHandSnapshot,595.92
2024-06-13,M10,Consumption,-57.0
2024-06-13,M10,OnHandSnapshot,538.92
2024-06-14,M10,Consumption,-28.0
2024-06-14,M10,OnHandSnapshot,510.92
2024-06-15,M10,Consumption,-50.0
2024-06-15,M10,OnHandSnapshot,460.92
2024-06-16,M10,Consumption,-58.0
2024-06-16,M10,OnHandSnapshot,402.92
2024-06-17,M10,Consumption,-10.0
2024-06-17,M10,OnHandSnapshot,392.92
2024-06-18,M10,OnHandSnapshot,392.92
2024-06-19,M10,Consumption,-11.0
2024-06-19,M10,OnHandSnapshot,381.92
2024-06-20,M10,Consumption,-15.0
2024-06-20,M10,OnHandSnapshot,366.92
2024-06-21,M10,Consumption,-4.0
2024-06-21,M10,OnHandSnapshot,362.92
2024-06-22,M10,Consumption,-47.0
2024-06-22,M10,OnHandSnapshot,315.92
2024-06-23,M10,Consumption,-85.0
2024-06-23,M10,OnHandSnapshot,230.92
2024-06-24,M10,Consumption,-57.0
2024-06-24,M10,OnHandSnapshot,173.92
2024-06-25,M10,Consumption,-37.0
2024-06-25,M10,OnHandSnapshot,136.92
2024-06-26,M10,Consumption,-67.0
2024-06-26,M10,OnHandSnapshot,69.92
2024-06-27,M10,OnHandSnapshot,69.92
2024-06-28,M10,Consumption,-26.0
2024-06-28,M10,OnHandSnapshot,43.92
2024-06-29,M10,OnHandSnapshot,43.92
2024-06-30,M10,Receipt,517.72
2024-06-30,M10,Consumption,-42.0
2024-06-30,M10,OnHandSnapshot,519.64
2024-07-01,M10,OnHandSnapshot,519.64
2024-07-02,M10,Consumption,-15.0
2024-07-02,M10,OnHandSnapshot,504.64
2024-07-03,M10,Consumption,-28.0
2024-07-03,M10,OnHandSnapshot,476.64
2024-07-04,M10,Consumption,-7.0
2024-07-04,M10,OnHandSnapshot,469.64
2024-07-05,M10,Consumption,-13.0
2024-07-05,M10,OnHandSnapshot,456.64
2024-07-06,M10,Consumption,-30.0
2024-07-06,M10,OnHandSnapshot,426.64
2024-07-07,M10,OnHandSnapshot,426.64
2024-07-08,M10,Consumption,-24.0
2024-07-08,M10,OnHandSnapshot,402.64
2024-07-09,M10,Consumption,-18.0
2024-07-09,M10,OnHandSnapshot,384.64
2024-07-10,M10,OnHandSnapshot,384.64
2024-07-11,M10,Consumption,-64.0
2024-07-11,M10,OnHandSnapshot,320.64
2024-07-12,M10,OnHandSnapshot,320.64
2024-07-13,M10,OnHandSnapshot,320.64
2024-07-14,M10,Consumption,-43.0
2024-07-14,M10,OnHandSnapshot,277.64
2024-07-15,M10,OnHandSnapshot,277.64
2024-07-16,M10,Consumption,-45.0
2024-07-16,M10,OnHandSnapshot,232.64
2024-07-17,M10,Consumption,-26.0
2024-07-17,M10,OnHandSnapshot,206.64
2024-07-18,M10,Consumption,-22.0
2024-07-18,M10,OnHandSnapshot,184.64
2024-07-19,M10,OnHandSnapshot,184.64
2024-07-20,M10,Receipt,517.72
2024-07-20,M10,OnHandSnapshot,702.37
2024-07-21,M10,OnHandSnapshot,702.37
2024-07-22,M10,Consumption,-27.0
2024-07-22,M10,OnHandSnapshot,675.37
2024-07-23,M10,OnHandSnapshot,675.37
2024-07-24,M10,Consumption,-36.0
2024-07-24,M10,OnHandSnapshot,639.37
2024-07-25,M10,Consumption,-5.0
2024-07-25,M10,OnHandSnapshot,634.37
2024-07-26,M10,OnHandSnapshot,634.37
2024-07-27,M10,Consumption,-45.0
2024-07-27,M10,OnHandSnapshot,589.37
2024-07-28,M10,Consumption,-26.0
2024-07-28,M10,OnHandSnapshot,563.37
2024-07-29,M10,Consumption,-15.0
2024-07-29,M10,OnHandSnapshot,548.37
2024-07-30,M10,Consumption,-23.0
2024-07-30,M10,OnHandSnapshot,525.37
2024-07-31,M10,Consumption,-43.0
2024-07-31,M10,OnHandSnapshot,482.37
2024-08-01,M10,Consumption,-38.0
2024-08-01,M10,OnHandSnapshot,444.37
2024-08-02,M10,Consumption,-33.0
2024-08-02,M10,OnHandSnapshot,411.37
2024-08-03,M10,OnHandSnapshot,411.37
2024-08-04,M10,Consumption,-23.0
2024-08-04,M10,OnHandSnapshot,388.37
2024-08-05,M10,Consumption,-13.0
2024-08-05,M10,OnHandSnapshot,375.37
2024-08-06,M10,Consumption,-24.0
2024-08-06,M10,OnHandSnapshot,351.37
2024-08-07,M10,OnHandSnapshot,351.37
2024-08-08,M10,Consumption,-24.0
2024-08-08,M10,OnHandSnapshot,327.37
2024-08-09,M10,Consumption,-27.0
2024-08-09,M10,OnHandSnapshot,300.37
2024-08-10,M10,Consumption,-57.0
2024-08-10,M10,OnHandSnapshot,243.37
2024-08-11,M10,Consumption,-23.0
2024-08-11,M10,OnHandSnapshot,220.37
2024-08-12,M10,OnHandSnapshot,220.37
2024-08-13,M10,Receipt,517.72
2024-08-13,M10,Consumption,-30.0
2024-08-13,M10,OnHandSnapshot,708.09
2024-08-14,M10,OnHandSnapshot,708.09
2024-08-15,M10,OnHandSnapshot,708.09
2024-08-16,M10,OnHandSnapshot,708.09
2024-08-17,M10,Consumption,-46.0
2024-08-17,M10,OnHandSnapshot,662.09
2024-08-18,M10,Consumption,-41.0
2024-08-18,M10,OnHandSnapshot,621.09
2024-08-19,M10,Consumption,-11.0
2024-08-19,M10,OnHandSnapshot,610.09
2024-08-20,M10,OnHandSnapshot,610.09
2024-08-21,M10,Consumption,-30.0
2024-08-21,M10,OnHandSnapshot,580.09
2024-08-22,M10,Consumption,-33.0
2024-08-22,M10,OnHandSnapshot,547.09
2024-08-23,M10,Consumption,-48.0
2024-08-23,M10,OnHandSnapshot,499.09
2024-08-24,M10,Consumption,-27.0
2024-08-24,M10,OnHandSnapshot,472.09
2024-08-25,M10,OnHandSnapshot,472.09
2024-08-26,M10,OnHandSnapshot,472.09
2024-08-27,M10,Consumption,-15.0
2024-08-27,M10,OnHandSnapshot,457.09
2024-08-28,M10,Consumption,-25.0
2024-08-28,M10,OnHandSnapshot,432.09
2024-08-29,M10,Consumption,-41.0
2024-08-29,M10,OnHandSnapshot,391.09
2024-08-30,M10,Consumption,-15.0
2024-08-30,M10,OnHandSnapshot,376.09
2024-08-31,M10,Consumption,-68.0
2024-08-31,M10,OnHandSnapshot,308.09
2024-09-01,M10,Consumption,-12.0
2024-09-01,M10,OnHandSnapshot,296.09
2024-09-02,M10,Consumption,-24.0
2024-09-02,M10,OnHandSnapshot,272.09
2024-09-03,M10,Consumption,-70.0
2024-09-03,M10,OnHandSnapshot,202.09
2024-09-04,M10,OnHandSnapshot,202.09
2024-09-05,M10,Consumption,-27.0
2024-09-05,M10,OnHandSnapshot,175.09
2024-09-06,M10,Receipt,517.72
2024-09-06,M10,OnHandSnapshot,692.81
2024-09-07,M10,Consumption,-23.0
2024-09-07,M10,OnHandSnapshot,669.81
2024-09-08,M10,Consumption,-30.0
2024-09-08,M10,OnHandSnapshot,639.81
2024-09-09,M10,Consumption,-23.0
2024-09-09,M10,OnHandSnapshot,616.81
2024-09-10,M10,Consumption,-39.0
2024-09-10,M10,OnHandSnapshot,577.81
2024-09-11,M10,Consumption,-71.0
2024-09-11,M10,OnHandSnapshot,506.81
2024-09-12,M10,Consumption,-53.0
2024-09-12,M10,OnHandSnapshot,453.81
2024-09-13,M10,Consumption,-21.0
2024-09-13,M10,OnHandSnapshot,432.81
2024-09-14,M10,OnHandSnapshot,432.81
2024-09-15,M10,OnHandSnapshot,432.81
2024-09-16,M10,Consumption,-59.0
2024-09-16,M10,OnHandSnapshot,373.81
2024-09-17,M10,Consumption,-30.0
2024-09-17,M10,OnHandSnapshot,343.81
2024-09-18,M10,Consumption,-11.0
2024-09-18,M10,OnHandSnapshot,332.81
2024-09-19,M10,Consumption,-39.0
2024-09-19,M10,OnHandSnapshot,293.81
2024-09-20,M10,Consumption,-6.0
2024-09-20,M10,OnHandSnapshot,287.81
2024-09-21,M10,Consumption,-37.0
2024-09-21,M10,OnHandSnapshot,250.81
2024-09-22,M10,Consumption,-15.0
2024-09-22,M10,OnHandSnapshot,235.81
2024-09-23,M10,Consumption,-12.0
2024-09-23,M10,OnHandSnapshot,223.81
2024-09-24,M10,Consumption,-13.0
2024-09-24,M10,OnHandSnapshot,210.81
2024-09-25,M10,Consumption,-6.0
2024-09-25,M10,OnHandSnapshot,204.81
2024-09-26,M10,OnHandSnapshot,204.81
2024-09-27,M10,Receipt,517.72
2024-09-27,M10,Consumption,-7.0
2024-09-27,M10,OnHandSnapshot,715.54
2024-09-28,M10,OnHandSnapshot,715.54
2024-09-29,M10,OnHandSnapshot,715.54
2024-09-30,M10,Consumption,-7.0
2024-09-30,M10,OnHandSnapshot,708.54
2024-10-01,M10,Consumption,-54.0
2024-10-01,M10,OnHandSnapshot,654.54
2024-10-02,M10,Consumption,-60.0
2024-10-02,M10,OnHandSnapshot,594.54
2024-10-03,M10,Consumption,-45.0
2024-10-03,M10,OnHandSnapshot,549.54
2024-10-04,M10,Consumption,-31.0
2024-10-04,M10,OnHandSnapshot,518.54
2024-10-05,M10,Consumption,-40.0
2024-10-05,M10,OnHandSnapshot,478.54
2024-10-06,M10,OnHandSnapshot,478.54
2024-10-07,M10,Consumption,-24.0
2024-10-07,M10,OnHandSnapshot,454.54
2024-10-08,M10,Consumption,-15.0
2024-10-08,M10,OnHandSnapshot,439.54
2024-10-09,M10,Consumption,-17.0
2024-10-09,M10,OnHandSnapshot,422.54
2024-10-10,M10,Consumption,-15.0
2024-10-10,M10,OnHandSnapshot,407.54
2024-10-11,M10,Consumption,-27.0
2024-10-11,M10,OnHandSnapshot,380.54
2024-10-12,M10,Consumption,-15.0
2024-10-12,M10,OnHandSnapshot,365.54
2024-10-13,M10,Consumption,-46.0
2024-10-13,M10,OnHandSnapshot,319.54
2024-10-14,M10,OnHandSnapshot,319.54
2024-10-15,M10,Receipt,517.72
2024-10-15,M10,Consumption,-29.0
2024-10-15,M10,OnHandSnapshot,808.26
2024-10-16,M10,OnHandSnapshot,808.26
2024-10-17,M10,OnHandSnapshot,808.26
2024-10-18,M10,OnHandSnapshot,808.26
2024-10-19,M10,Consumption,-22.0
2024-10-19,M10,OnHandSnapshot,786.26
2024-10-20,M10,Consumption,-39.0
2024-10-20,M10,OnHandSnapshot,747.26
2024-10-21,M10,Consumption,-18.0
2024-10-21,M10,OnHandSnapshot,729.26
2024-10-22,M10,Consumption,-23.0
2024-10-22,M10,OnHandSnapshot,706.26
2024-10-23,M10,Consumption,-27.0
2024-10-23,M10,OnHandSnapshot,679.26
2024-10-24,M10,Consumption,-13.0
2024-10-24,M10,OnHandSnapshot,666.26
2024-10-25,M10,Consumption,-24.0
2024-10-25,M10,OnHandSnapshot,642.26
2024-10-26,M10,OnHandSnapshot,642.26
2024-10-27,M10,OnHandSnapshot,642.26
2024-10-28,M10,OnHandSnapshot,642.26
2024-10-29,M10,Consumption,-74.0
2024-10-29,M10,OnHandSnapshot,568.26
2024-10-30,M10,Consumption,-42.0
2024-10-30,M10,OnHandSnapshot,526.26
2024-10-31,M10,OnHandSnapshot,526.26
2024-11-01,M10,Consumption,-30.0
2024-11-01,M10,OnHandSnapshot,496.26
2024-11-02,M10,OnHandSnapshot,496.26
2024-11-03,M10,Consumption,-12.0
2024-11-03,M10,OnHandSnapshot,484.26
2024-11-04,M10,Consumption,-43.0
2024-11-04,M10,OnHandSnapshot,441.26
2024-11-05,M10,Consumption,-27.0
2024-11-05,M10,OnHandSnapshot,414.26
2024-11-06,M10,OnHandSnapshot,414.26
2024-11-07,M10,Consumption,-23.0
2024-11-07,M10,OnHandSnapshot,391.26
2024-11-08,M10,OnHandSnapshot,391.26
2024-11-09,M10,Consumption,-8.0
2024-11-09,M10,OnHandSnapshot,383.26
2024-11-10,M10,OnHandSnapshot,383.26
2024-11-11,M10,OnHandSnapshot,383.26
2024-11-12,M10,Consumption,-31.0
2024-11-12,M10,OnHandSnapshot,352.26
2024-11-13,M10,Consumption,-39.0
2024-11-13,M10,OnHandSnapshot,313.26
2024-11-14,M10,Consumption,-41.0
2024-11-14,M10,OnHandSnapshot,272.26
2024-11-15,M10,Consumption,-27.0
2024-11-15,M10,OnHandSnapshot,245.26
2024-11-16,M10,Receipt,517.72
2024-11-16,M10,Consumption,-11.0
2024-11-16,M10,OnHandSnapshot,751.98
2024-11-17,M10,OnHandSnapshot,751.98
2024-11-18,M10,OnHandSnapshot,751.98
2024-11-19,M10,OnHandSnapshot,751.98
2024-11-20,M10,Consumption,-11.0
2024-11-20,M10,OnHandSnapshot,740.98
2024-11-21,M10,OnHandSnapshot,740.98
2024-11-22,M10,OnHandSnapshot,740.98
2024-11-23,M10,Consumption,-81.0
2024-11-23,M10,OnHandSnapshot,659.98
2024-11-24,M10,Consumption,-12.0
2024-11-24,M10,OnHandSnapshot,647.98
2024-11-25,M10,OnHandSnapshot,647.98
2024-11-26,M10,Consumption,-15.0
2024-11-26,M10,OnHandSnapshot,632.98
2024-11-27,M10,Consumption,-14.0
2024-11-27,M10,OnHandSnapshot,618.98
2024-11-28,M10,Consumption,-26.0
2024-11-28,M10,OnHandSnapshot,592.98
2024-11-29,M10,Consumption,-15.0
2024-11-29,M10,OnHandSnapshot,577.98
2024-11-30,M10,Consumption,-15.0
2024-11-30,M10,OnHandSnapshot,562.98
2024-12-01,M10,Consumption,-42.0
2024-12-01,M10,OnHandSnapshot,520.98
2024-12-02,M10,Consumption,-16.0
2024-12-02,M10,OnHandSnapshot,504.98
2024-12-03,M10,OnHandSnapshot,504.98
2024-12-04,M10,Consumption,-23.0
2024-12-04,M10,OnHandSnapshot,481.98
2024-12-05,M10,Consumption,-27.0
2024-12-05,M10,OnHandSnapshot,454.98
2024-12-06,M10,OnHandSnapshot,454.98
2024-12-07,M10,Consumption,-30.0
2024-12-07,M10,OnHandSnapshot,424.98
2024-12-08,M10,Consumption,-82.0
2024-12-08,M10,OnHandSnapshot,342.98
2024-12-09,M10,OnHandSnapshot,342.98
2024-12-10,M10,Consumption,-78.0
2024-12-10,M10,OnHandSnapshot,264.98
2024-12-11,M10,Consumption,-26.0
2024-12-11,M10,OnHandSnapshot,238.98
2024-12-12,M10,Receipt,517.72
2024-12-12,M10,Consumption,-30.0
2024-12-12,M10,OnHandSnapshot,726.71
2024-12-13,M10,Consumption,-28.0
2024-12-13,M10,OnHandSnapshot,698.71
2024-12-14,M10,OnHandSnapshot,698.71
2024-12-15,M10,OnHandSnapshot,698.71
2024-12-16,M10,OnHandSnapshot,698.71
2024-12-17,M10,Consumption,-58.0
2024-12-17,M10,OnHandSnapshot,640.71
2024-12-18,M10,Consumption,-72.0
2024-12-18,M10,OnHandSnapshot,568.71
2024-12-19,M10,Consumption,-38.0
2024-12-19,M10,OnHandSnapshot,530.71
2024-12-20,M10,Consumption,-30.0
2024-12-20,M10,OnHandSnapshot,500.71
2024-12-21,M10,OnHandSnapshot,500.71
2024-12-22,M10,Consumption,-14.0
2024-12-22,M10,OnHandSnapshot,486.71
2024-12-23,M10,Consumption,-22.0
2024-12-23,M10,OnHandSnapshot,464.71
2024-12-24,M10,Consumption,-44.0
2024-12-24,M10,OnHandSnapshot,420.71
2024-12-25,M10,Consumption,-42.0
2024-12-25,M10,OnHandSnapshot,378.71
2024-12-26,M10,Consumption,-28.0
2024-12-26,M10,OnHandSnapshot,350.71
2024-12-27,M10,Consumption,-16.0
2024-12-27,M10,OnHandSnapshot,334.71
2024-12-28,M10,Consumption,-35.0
2024-12-28,M10,OnHandSnapshot,299.71
2024-12-29,M10,OnHandSnapshot,299.71
2024-12-30,M10,Consumption,-46.0
2024-12-30,M10,OnHandSnapshot,253.71
2024-12-31,M10,Consumption,-18.0
2024-12-31,M10,OnHandSnapshot,235.71
2025-01-01,M10,Receipt,517.72
2025-01-01,M10,Consumption,-60.0
2025-01-01,M10,OnHandSnapshot,693.43
2025-01-02,M10,OnHandSnapshot,693.43
2025-01-03,M10,Consumption,-50.0
2025-01-03,M10,OnHandSnapshot,643.43
2025-01-04,M10,Consumption,-30.0
2025-01-04,M10,OnHandSnapshot,613.43
2025-01-05,M10,OnHandSnapshot,613.43
2025-01-06,M10,OnHandSnapshot,613.43
2025-01-07,M10,Consumption,-99.0
2025-01-07,M10,OnHandSnapshot,514.43
2025-01-08,M10,Consumption,-65.0
2025-01-08,M10,OnHandSnapshot,449.43
2025-01-09,M10,Consumption,-10.0
2025-01-09,M10,OnHandSnapshot,439.43
2025-01-10,M10,Consumption,-29.0
2025-01-10,M10,OnHandSnapshot,410.43
2025-01-11,M10,Consumption,-10.0
2025-01-11,M10,OnHandSnapshot,400.43
2025-01-12,M10,Consumption,-23.0
2025-01-12,M10,OnHandSnapshot,377.43
2025-01-13,M10,OnHandSnapshot,377.43
2025-01-14,M10,Consumption,-81.0
2025-01-14,M10,OnHandSnapshot,296.43
2025-01-15,M10,Consumption,-13.0
2025-01-15,M10,OnHandSnapshot,283.43
2025-01-16,M10,Consumption,-27.0
2025-01-16,M10,OnHandSnapshot,256.43
2025-01-17,M10,OnHandSnapshot,256.43
2025-01-18,M10,Receipt,517.72
2025-01-18,M10,Consumption,-38.0
2025-01-18,M10,OnHandSnapshot,736.16
2025-01-19,M10,OnHandSnapshot,736.16
2025-01-20,M10,Consumption,-38.0
2025-01-20,M10,OnHandSnapshot,698.16
2025-01-21,M10,Consumption,-52.0
2025-01-21,M10,OnHandSnapshot,646.16
2025-01-22,M10,Consumption,-23.0
2025-01-22,M10,OnHandSnapshot,623.16
2025-01-23,M10,OnHandSnapshot,623.16
2025-01-24,M10,OnHandSnapshot,623.16
2025-01-25,M10,OnHandSnapshot,623.16
2025-01-26,M10,Consumption,-88.0
2025-01-26,M10,OnHandSnapshot,535.16
2025-01-27,M10,Consumption,-35.0
2025-01-27,M10,OnHandSnapshot,500.16
2025-01-28,M10,Consumption,-66.0
2025-01-28,M10,OnHandSnapshot,434.16
2025-01-29,M10,Consumption,-7.0
2025-01-29,M10,OnHandSnapshot,427.16
2025-01-30,M10,Consumption,-15.0
2025-01-30,M10,OnHandSnapshot,412.16
2025-01-31,M10,OnHandSnapshot,412.16
2025-02-01,M10,Consumption,-15.0
2025-02-01,M10,OnHandSnapshot,397.16
2025-02-02,M10,OnHandSnapshot,397.16
2025-02-03,M10,Consumption,-38.0
2025-02-03,M10,OnHandSnapshot,359.16
2025-02-04,M10,Consumption,-39.0
2025-02-04,M10,OnHandSnapshot,320.16
2025-02-05,M10,Consumption,-31.0
2025-02-05,M10,OnHandSnapshot,289.16
2025-02-06,M10,Consumption,-30.0
2025-02-06,M10,OnHandSnapshot,259.16
2025-02-07,M10,Consumption,-28.0
2025-02-07,M10,OnHandSnapshot,231.16
2025-02-08,M10,Consumption,-30.0
2025-02-08,M10,OnHandSnapshot,201.16
2025-02-09,M10,Consumption,-15.0
2025-02-09,M10,OnHandSnapshot,186.16
2025-02-10,M10,Receipt,517.72
2025-02-10,M10,OnHandSnapshot,703.88
2025-02-11,M10,Consumption,-23.0
2025-02-11,M10,OnHandSnapshot,680.88
2025-02-12,M10,Consumption,-30.0
2025-02-12,M10,OnHandSnapshot,650.88
2025-02-13,M10,Consumption,-23.0
2025-02-13,M10,OnHandSnapshot,627.88
2025-02-14,M10,OnHandSnapshot,627.88
2025-02-15,M10,OnHandSnapshot,627.88
2025-02-16,M10,Consumption,-23.0
2025-02-16,M10,OnHandSnapshot,604.88
2025-02-17,M10,Consumption,-27.0
2025-02-17,M10,OnHandSnapshot,577.88
2025-02-18,M10,Consumption,-17.0
2025-02-18,M10,OnHandSnapshot,560.88
2025-02-19,M10,Consumption,-36.0
2025-02-19,M10,OnHandSnapshot,524.88
2025-02-20,M10,OnHandSnapshot,524.88
2025-02-21,M10,OnHandSnapshot,524.88
2025-02-22,M10,OnHandSnapshot,524.88
2025-02-23,M10,OnHandSnapshot,524.88
2025-02-24,M10,Consumption,-23.0
2025-02-24,M10,OnHandSnapshot,501.88
2025-02-25,M10,OnHandSnapshot,501.88
2025-02-26,M10,Consumption,-21.0
2025-02-26,M10,OnHandSnapshot,480.88
2025-02-27,M10,Consumption,-19.0
2025-02-27,M10,OnHandSnapshot,461.88
2025-02-28,M10,Consumption,-15.0
2025-02-28,M10,OnHandSnapshot,446.88
2025-03-01,M10,OnHandSnapshot,446.88
2025-03-02,M10,OnHandSnapshot,446.88
2025-03-03,M10,OnHandSnapshot,446.88
2025-03-04,M10,Consumption,-30.0
2025-03-04,M10,OnHandSnapshot,416.88
2025-03-05,M10,Consumption,-24.0
2025-03-05,M10,OnHandSnapshot,392.88
2025-03-06,M10,Consumption,-12.0
2025-03-06,M10,OnHandSnapshot,380.88
2025-03-07,M10,OnHandSnapshot,380.88
2025-03-08,M10,OnHandSnapshot,380.88
2025-03-09,M10,OnHandSnapshot,380.88
2025-03-10,M10,Consumption,-30.0
2025-03-10,M10,OnHandSnapshot,350.88
2025-03-11,M10,OnHandSnapshot,350.88
2025-03-12,M10,Consumption,-23.0
2025-03-12,M10,OnHandSnapshot,327.88
2025-03-13,M10,Consumption,-19.0
2025-03-13,M10,OnHandSnapshot,308.88
2025-03-14,M10,Consumption,-23.0
2025-03-14,M10,OnHandSnapshot,285.88
2025-03-15,M10,Consumption,-53.0
2025-03-15,M10,OnHandSnapshot,232.88
2025-03-16,M10,OnHandSnapshot,232.88
2025-03-17,M10,Receipt,517.72
2025-03-17,M10,Consumption,-30.0
2025-03-17,M10,OnHandSnapshot,720.6
2025-03-18,M10,Consumption,-41.0
2025-03-18,M10,OnHandSnapshot,679.6
2025-03-19,M10,OnHandSnapshot,679.6
2025-03-20,M10,Consumption,-13.0
2025-03-20,M10,OnHandSnapshot,666.6
2025-03-21,M10,OnHandSnapshot,666.6
2025-03-22,M10,Consumption,-58.0
2025-03-22,M10,OnHandSnapshot,608.6
2025-03-23,M10,Consumption,-30.0
2025-03-23,M10,OnHandSnapshot,578.6
2025-03-24,M10,Consumption,-26.0
2025-03-24,M10,OnHandSnapshot,552.6
2025-03-25,M10,OnHandSnapshot,552.6
2025-03-26,M10,Consumption,-37.0
2025-03-26,M10,OnHandSnapshot,515.6
2025-03-27,M10,Consumption,-43.0
2025-03-27,M10,OnHandSnapshot,472.6
2025-03-28,M10,Consumption,-27.0
2025-03-28,M10,OnHandSnapshot,445.6
2025-03-29,M10,OnHandSnapshot,445.6
2025-03-30,M10,OnHandSnapshot,445.6
2025-03-31,M10,Consumption,-29.0
2025-03-31,M10,OnHandSnapshot,416.6
2025-04-01,M10,Consumption,-38.0
2025-04-01,M10,OnHandSnapshot,378.6
2025-04-02,M10,Consumption,-15.0
2025-04-02,M10,OnHandSnapshot,363.6
2025-04-03,M10,Consumption,-61.0
2025-04-03,M10,OnHandSnapshot,302.6
2025-04-04,M10,Consumption,-23.0
2025-04-04,M10,OnHandSnapshot,279.6
2025-04-05,M10,Consumption,-53.0
2025-04-05,M10,OnHandSnapshot,226.6
2025-04-06,M10,OnHandSnapshot,226.6
2025-04-07,M10,Consumption,-56.0
2025-04-07,M10,OnHandSnapshot,170.6
2025-04-08,M10,Receipt,517.72
2025-04-08,M10,Consumption,-21.0
2025-04-08,M10,OnHandSnapshot,667.33
2025-04-09,M10,Consumption,-50.0
2025-04-09,M10,OnHandSnapshot,617.33
2025-04-10,M10,OnHandSnapshot,617.33
2025-04-11,M10,Consumption,-10.0
2025-04-11,M10,OnHandSnapshot,607.33
2025-04-12,M10,OnHandSnapshot,607.33
2025-04-13,M10,Consumption,-24.0
2025-04-13,M10,OnHandSnapshot,583.33
2025-04-14,M10,Consumption,-20.0
2025-04-14,M10,OnHandSnapshot,563.33
2025-04-15,M10,OnHandSnapshot,563.33
2025-04-16,M10,Consumption,-56.0
2025-04-16,M10,OnHandSnapshot,507.33
2025-04-17,M10,OnHandSnapshot,507.33
2025-04-18,M10,Consumption,-36.0
2025-04-18,M10,OnHandSnapshot,471.33
2025-04-19,M10,OnHandSnapshot,471.33
2025-04-20,M10,OnHandSnapshot,471.33
2025-04-21,M10,Consumption,-55.0
2025-04-21,M10,OnHandSnapshot,416.33
2025-04-22,M10,OnHandSnapshot,416.33
2025-04-23,M10,OnHandSnapshot,416.33
2025-04-24,M10,Consumption,-27.0
2025-04-24,M10,OnHandSnapshot,389.33
2025-04-25,M10,OnHandSnapshot,389.33
2025-04-26,M10,Consumption,-26.0
2025-04-26,M10,OnHandSnapshot,363.33
2025-04-27,M10,Consumption,-90.0
2025-04-27,M10,OnHandSnapshot,273.33
2025-04-28,M10,OnHandSnapshot,273.33
2025-04-29,M10,OnHandSnapshot,273.33
2025-04-30,M10,Consumption,-31.0
2025-04-30,M10,OnHandSnapshot,242.33
2025-05-01,M10,Receipt,517.72
2025-05-01,M10,Consumption,-15.0
2025-05-01,M10,OnHandSnapshot,745.05
2025-05-02,M10,Consumption,-41.0
2025-05-02,M10,OnHandSnapshot,704.05
2025-05-03,M10,Consumption,-22.0
2025-05-03,M10,OnHandSnapshot,682.05
2025-05-04,M10,OnHandSnapshot,682.05
2025-05-05,M10,Consumption,-113.0
2025-05-05,M10,OnHandSnapshot,569.05
2025-05-06,M10,Consumption,-19.0
2025-05-06,M10,OnHandSnapshot,550.05
2025-05-07,M10,Consumption,-30.0
2025-05-07,M10,OnHandSnapshot,520.05
2025-05-08,M10,Consumption,-35.0
2025-05-08,M10,OnHandSnapshot,485.05
2025-05-09,M10,OnHandSnapshot,485.05
2025-05-10,M10,Consumption,-49.0
2025-05-10,M10,OnHandSnapshot,436.05
2025-05-11,M10,Consumption,-15.0
2025-05-11,M10,OnHandSnapshot,421.05
2025-05-12,M10,Consumption,-55.0
2025-05-12,M10,OnHandSnapshot,366.05
2025-05-13,M10,Consumption,-18.0
2025-05-13,M10,OnHandSnapshot,348.05
2025-05-14,M10,Consumption,-31.0
2025-05-14,M10,OnHandSnapshot,317.05
2025-05-15,M10,Consumption,-31.0
2025-05-15,M10,OnHandSnapshot,286.05
2025-05-16,M10,Consumption,-24.0
2025-05-16,M10,OnHandSnapshot,262.05
2025-05-17,M10,OnHandSnapshot,262.05
2025-05-18,M10,OnHandSnapshot,262.05
2025-05-19,M10,Consumption,-13.0
2025-05-19,M10,OnHandSnapshot,249.05
2025-05-20,M10,Receipt,517.72
2025-05-20,M10,Consumption,-11.0
2025-05-20,M10,OnHandSnapshot,755.77
2025-05-21,M10,OnHandSnapshot,755.77
2025-05-22,M10,Consumption,-30.0
2025-05-22,M10,OnHandSnapshot,725.77
2025-05-23,M10,OnHandSnapshot,725.77
2025-05-24,M10,Consumption,-38.0
2025-05-24,M10,OnHandSnapshot,687.77
2025-05-25,M10,OnHandSnapshot,687.77
2025-05-26,M10,OnHandSnapshot,687.77
2025-05-27,M10,OnHandSnapshot,687.77
2025-05-28,M10,Consumption,-13.0
2025-05-28,M10,OnHandSnapshot,674.77
2025-05-29,M10,Consumption,-34.0
2025-05-29,M10,OnHandSnapshot,640.77
2025-05-30,M10,Consumption,-23.0
2025-05-30,M10,OnHandSnapshot,617.77
2025-05-31,M10,Consumption,-55.0
2025-05-31,M10,OnHandSnapshot,562.77
2025-06-01,M10,Consumption,-27.0
2025-06-01,M10,OnHandSnapshot,535.77
2025-06-02,M10,Consumption,-12.0
2025-06-02,M10,OnHandSnapshot,523.77
2025-06-03,M10,Consumption,-43.0
2025-06-03,M10,OnHandSnapshot,480.77
2025-06-04,M10,OnHandSnapshot,480.77
2025-06-05,M10,OnHandSnapshot,480.77
2025-06-06,M10,Consumption,-15.0
2025-06-06,M10,OnHandSnapshot,465.77
2025-06-07,M10,Consumption,-44.0
2025-06-07,M10,OnHandSnapshot,421.77
2025-06-08,M10,Consumption,-30.0
2025-06-08,M10,OnHandSnapshot,391.77
2025-06-09,M10,Consumption,-56.0
2025-06-09,M10,OnHandSnapshot,335.77
2025-06-10,M10,OnHandSnapshot,335.77
2025-06-11,M10,Consumption,-24.0
2025-06-11,M10,OnHandSnapshot,311.77
2025-06-12,M10,OnHandSnapshot,311.77
2025-06-13,M10,OnHandSnapshot,311.77
2025-06-14,M10,Receipt,517.72
2025-06-14,M10,Consumption,-35.0
2025-06-14,M10,OnHandSnapshot,794.5
2025-06-15,M10,Consumption,-29.0
2025-06-15,M10,OnHandSnapshot,765.5
2025-06-16,M10,Consumption,-35.0
2025-06-16,M10,OnHandSnapshot,730.5
2025-06-17,M10,Consumption,-36.0
2025-06-17,M10,OnHandSnapshot,694.5
2025-06-18,M10,Consumption,-15.0
2025-06-18,M10,OnHandSnapshot,679.5
2025-06-19,M10,OnHandSnapshot,679.5
2025-06-20,M10,Consumption,-68.0
2025-06-20,M10,OnHandSnapshot,611.5
2025-06-21,M10,Consumption,-36.0
2025-06-21,M10,OnHandSnapshot,575.5
2025-06-22,M10,OnHandSnapshot,575.5
2025-06-23,M10,OnHandSnapshot,575.5
2025-06-24,M10,Consumption,-73.0
2025-06-24,M10,OnHandSnapshot,502.5
2025-06-25,M10,OnHandSnapshot,502.5
2025-06-26,M10,OnHandSnapshot,502.5
2025-06-27,M10,Consumption,-24.0
2025-06-27,M10,OnHandSnapshot,478.5
2025-06-28,M10,OnHandSnapshot,478.5
2025-06-29,M10,Consumption,-44.0
2025-06-29,M10,OnHandSnapshot,434.5
2025-06-30,M10,OnHandSnapshot,434.5
2025-07-01,M10,Consumption,-36.0
2025-07-01,M10,OnHandSnapshot,398.5
2025-07-02,M10,Consumption,-30.0
2025-07-02,M10,OnHandSnapshot,368.5
2025-07-03,M10,Consumption,-42.0
2025-07-03,M10,OnHandSnapshot,326.5
2025-07-04,M10,OnHandSnapshot,326.5
2025-07-05,M10,Consumption,-8.0
2025-07-05,M10,OnHandSnapshot,318.5
2025-07-06,M10,OnHandSnapshot,318.5
2025-07-07,M10,Consumption,-30.0
2025-07-07,M10,OnHandSnapshot,288.5
2025-07-08,M10,Receipt,517.72
2025-07-08,M10,Consumption,-39.0
2025-07-08,M10,OnHandSnapshot,767.22
2025-07-09,M10,Consumption,-28.0
2025-07-09,M10,OnHandSnapshot,739.22
2025-07-10,M10,OnHandSnapshot,739.22
2025-07-11,M10,Consumption,-16.0
2025-07-11,M10,OnHandSnapshot,723.22
2025-07-12,M10,Consumption,-34.0
2025-07-12,M10,OnHandSnapshot,689.22
2025-07-13,M10,Consumption,-39.0
2025-07-13,M10,OnHandSnapshot,650.22
2025-07-14,M10,Consumption,-30.0
2025-07-14,M10,OnHandSnapshot,620.22
2025-07-15,M10,Consumption,-20.0
2025-07-15,M10,OnHandSnapshot,600.22
2025-07-16,M10,OnHandSnapshot,600.22
2025-07-17,M10,Consumption,-15.0
2025-07-17,M10,OnHandSnapshot,585.22
2025-07-18,M10,OnHandSnapshot,585.22
2025-07-19,M10,Consumption,-71.0
2025-07-19,M10,OnHandSnapshot,514.22
2025-07-20,M10,Consumption,-58.0
2025-07-20,M10,OnHandSnapshot,456.22
2025-07-21,M10,OnHandSnapshot,456.22
2025-07-22,M10,OnHandSnapshot,456.22
2025-07-23,M10,Consumption,-37.0
2025-07-23,M10,OnHandSnapshot,419.22
2025-07-24,M10,Consumption,-13.0
2025-07-24,M10,OnHandSnapshot,406.22
2025-07-25,M10,OnHandSnapshot,406.22
2025-07-26,M10,Consumption,-48.0
2025-07-26,M10,OnHandSnapshot,358.22
2025-07-27,M10,Consumption,-58.0
2025-07-27,M10,OnHandSnapshot,300.22
2025-07-28,M10,Consumption,-31.0
2025-07-28,M10,OnHandSnapshot,269.22
2025-07-29,M10,Consumption,-9.0
2025-07-29,M10,OnHandSnapshot,260.22
2025-07-30,M10,OnHandSnapshot,260.22
2025-07-31,M10,Consumption,-24.0
2025-07-31,M10,OnHandSnapshot,236.22
2025-08-01,M10,Consumption,-23.0
2025-08-01,M10,OnHandSnapshot,213.22
2025-08-02,M10,Receipt,517.72
2025-08-02,M10,OnHandSnapshot,730.95
2025-08-03,M10,Consumption,-27.0
2025-08-03,M10,OnHandSnapshot,703.95
2025-08-04,M10,Consumption,-23.0
2025-08-04,M10,OnHandSnapshot,680.95
2025-08-05,M10,OnHandSnapshot,680.95
2025-08-06,M10,Consumption,-51.0
2025-08-06,M10,OnHandSnapshot,629.95
2025-08-07,M10,Consumption,-8.0
2025-08-07,M10,OnHandSnapshot,621.95
2025-08-08,M10,OnHandSnapshot,621.95
2025-08-09,M10,Consumption,-88.0
2025-08-09,M10,OnHandSnapshot,533.95
2025-08-10,M10,Consumption,-15.0
2025-08-10,M10,OnHandSnapshot,518.95
2025-08-11,M10,OnHandSnapshot,518.95
2025-08-12,M10,Consumption,-18.0
2025-08-12,M10,OnHandSnapshot,500.95
2025-08-13,M10,Consumption,-40.0
2025-08-13,M10,OnHandSnapshot,460.95
2025-08-14,M10,Consumption,-57.0
2025-08-14,M10,OnHandSnapshot,403.95
2025-08-15,M10,Consumption,-15.0
2025-08-15,M10,OnHandSnapshot,388.95
2025-08-16,M10,Consumption,-27.0
2025-08-16,M10,OnHandSnapshot,361.95
2025-08-17,M10,OnHandSnapshot,361.95
2025-08-18,M10,Consumption,-13.0
2025-08-18,M10,OnHandSnapshot,348.95
2025-08-19,M10,OnHandSnapshot,348.95
2025-08-20,M10,Consumption,-23.0
2025-08-20,M10,OnHandSnapshot,325.95
2025-08-21,M10,Consumption,-15.0
2025-08-21,M10,OnHandSnapshot,310.95
2025-08-22,M10,Consumption,-26.0
2025-08-22,M10,OnHandSnapshot,284.95
2025-08-23,M10,Consumption,-33.0
2025-08-23,M10,OnHandSnapshot,251.95
2025-08-24,M10,Consumption,-47.0
2025-08-24,M10,OnHandSnapshot,204.95
2025-08-25,M10,Consumption,-53.0
2025-08-25,M10,OnHandSnapshot,151.95
2025-08-26,M10,Receipt,517.72
2025-08-26,M10,Consumption,-79.0
2025-08-26,M10,OnHandSnapshot,590.67
2025-08-27,M10,OnHandSnapshot,590.67
2025-08-28,M10,OnHandSnapshot,590.67
2025-08-29,M10,Consumption,-4.0
2025-08-29,M10,OnHandSnapshot,586.67
2025-08-30,M10,OnHandSnapshot,586.67
2025-08-31,M10,OnHandSnapshot,586.67
2025-09-01,M10,OnHandSnapshot,586.67
2025-09-02,M10,Consumption,-23.0
2025-09-02,M10,OnHandSnapshot,563.67
2025-09-03,M10,Consumption,-57.0
2025-09-03,M10,OnHandSnapshot,506.67
2025-09-04,M10,OnHandSnapshot,506.67
2025-09-05,M10,OnHandSnapshot,506.67
2025-09-06,M10,OnHandSnapshot,506.67
2025-09-07,M10,Consumption,-25.0
2025-09-07,M10,OnHandSnapshot,481.67
2025-09-08,M10,OnHandSnapshot,481.67
2025-09-09,M10,Consumption,-26.0
2025-09-09,M10,OnHandSnapshot,455.67
2025-09-10,M10,Consumption,-23.0
2025-09-10,M10,OnHandSnapshot,432.67
2025-09-11,M10,OnHandSnapshot,432.67
2025-09-12,M10,Consumption,-42.0
2025-09-12,M10,OnHandSnapshot,390.67
2025-09-13,M10,OnHandSnapshot,390.67
2025-09-14,M10,Consumption,-28.0
2025-09-14,M10,OnHandSnapshot,362.67
2025-09-15,M10,Consumption,-35.0
2025-09-15,M10,OnHandSnapshot,327.67
2025-09-16,M10,Consumption,-23.0
2025-09-16,M10,OnHandSnapshot,304.67
2025-09-17,M10,Consumption,-8.0
2025-09-17,M10,OnHandSnapshot,296.67
2025-09-18,M10,Consumption,-26.0
2025-09-18,M10,OnHandSnapshot,270.67
2025-09-19,M10,OnHandSnapshot,270.67
2025-09-20,M10,Receipt,517.72
2025-09-20,M10,OnHandSnapshot,788.39
2025-09-21,M10,Consumption,-43.0
2025-09-21,M10,OnHandSnapshot,745.39
2025-09-22,M10,OnHandSnapshot,745.39
2025-09-23,M10,Consumption,-53.0
2025-09-23,M10,OnHandSnapshot,692.39
2025-09-24,M10,Consumption,-26.0
2025-09-24,M10,OnHandSnapshot,666.39
2025-09-25,M10,Consumption,-8.0
2025-09-25,M10,OnHandSnapshot,658.39
2025-09-26,M10,OnHandSnapshot,658.39
2025-09-27,M10,Consumption,-46.0
2025-09-27,M10,OnHandSnapshot,612.39
2025-09-28,M10,Consumption,-27.0
2025-09-28,M10,OnHandSnapshot,585.39
2025-09-29,M10,Consumption,-59.0
2025-09-29,M10,OnHandSnapshot,526.39
2025-09-30,M10,Consumption,-42.0
2025-09-30,M10,OnHandSnapshot,484.39
2025-10-01,M10,Consumption,-39.0
2025-10-01,M10,OnHandSnapshot,445.39
2025-10-02,M10,Consumption,-3.0
2025-10-02,M10,OnHandSnapshot,442.39
2025-10-03,M10,Consumption,-23.0
2025-10-03,M10,OnHandSnapshot,419.39
2025-10-04,M10,Consumption,-44.0
2025-10-04,M10,OnHandSnapshot,375.39
2025-10-05,M10,Consumption,-48.0
2025-10-05,M10,OnHandSnapshot,327.39
2025-10-06,M10,OnHandSnapshot,327.39
2025-10-07,M10,OnHandSnapshot,327.39
2025-10-08,M10,Receipt,517.72
2025-10-08,M10,Consumption,-33.0
2025-10-08,M10,OnHandSnapshot,812.12
2025-10-09,M10,OnHandSnapshot,812.12
2025-10-10,M10,Consumption,-7.0
2025-10-10,M10,OnHandSnapshot,805.12
2025-10-11,M10,Consumption,-16.0
2025-10-11,M10,OnHandSnapshot,789.12
2025-10-12,M10,OnHandSnapshot,789.12
2025-10-13,M10,Consumption,-35.0
2025-10-13,M10,OnHandSnapshot,754.12
2025-10-14,M10,OnHandSnapshot,754.12
2025-10-15,M10,OnHandSnapshot,754.12
2025-10-16,M10,Consumption,-19.0
2025-10-16,M10,OnHandSnapshot,735.12
2025-10-17,M10,Consumption,-24.0
2025-10-17,M10,OnHandSnapshot,711.12
2025-10-18,M10,Consumption,-61.0
2025-10-18,M10,OnHandSnapshot,650.12
2025-10-19,M10,Consumption,-20.0
2025-10-19,M10,OnHandSnapshot,630.12
2025-10-20,M10,Consumption,-58.0
2025-10-20,M10,OnHandSnapshot,572.12
2025-10-21,M10,Consumption,-15.0
2025-10-21,M10,OnHandSnapshot,557.12
2025-10-22,M10,Consumption,-29.0
2025-10-22,M10,OnHandSnapshot,528.12
2025-10-23,M10,Consumption,-46.0
2025-10-23,M10,OnHandSnapshot,482.12
2025-10-24,M10,Consumption,-29.0
2025-10-24,M10,OnHandSnapshot,453.12
2025-10-25,M10,OnHandSnapshot,453.12
2025-10-26,M10,OnHandSnapshot,453.12
2025-10-27,M10,Consumption,-15.0
2025-10-27,M10,OnHandSnapshot,438.12
2025-10-28,M10,OnHandSnapshot,438.12
2025-10-29,M10,Consumption,-88.0
2025-10-29,M10,OnHandSnapshot,350.12
2025-10-30,M10,Consumption,-30.0
2025-10-30,M10,OnHandSnapshot,320.12
2025-10-31,M10,OnHandSnapshot,320.12
2025-11-01,M10,Receipt,517.72
2025-11-01,M10,Consumption,-75.0
2025-11-01,M10,OnHandSnapshot,762.84
2025-11-02,M10,Consumption,-39.0
2025-11-02,M10,OnHandSnapshot,723.84
2025-11-03,M10,Consumption,-12.0
2025-11-03,M10,OnHandSnapshot,711.84
2025-11-04,M10,OnHandSnapshot,711.84
2025-11-05,M10,Consumption,-12.0
2025-11-05,M10,OnHandSnapshot,699.84
2025-11-06,M10,Consumption,-51.0
2025-11-06,M10,OnHandSnapshot,648.84
2025-11-07,M10,OnHandSnapshot,648.84
2025-11-08,M10,Consumption,-49.0
2025-11-08,M10,OnHandSnapshot,599.84
2025-11-09,M10,Consumption,-59.0
2025-11-09,M10,OnHandSnapshot,540.84
2025-11-10,M10,Consumption,-31.0
2025-11-10,M10,OnHandSnapshot,509.84
2025-11-11,M10,Consumption,-31.0
2025-11-11,M10,OnHandSnapshot,478.84
2025-11-12,M10,Consumption,-27.0
2025-11-12,M10,OnHandSnapshot,451.84
2025-11-13,M10,Consumption,-44.0
2025-11-13,M10,OnHandSnapshot,407.84
2025-11-14,M10,OnHandSnapshot,407.84
2025-11-15,M10,OnHandSnapshot,407.84
2025-11-16,M10,Consumption,-43.0
2025-11-16,M10,OnHandSnapshot,364.84
2025-11-17,M10,OnHandSnapshot,364.84
2025-11-18,M10,Consumption,-24.0
2025-11-18,M10,OnHandSnapshot,340.84
2025-11-19,M10,Consumption,-42.0
2025-11-19,M10,OnHandSnapshot,298.84
2025-11-20,M10,OnHandSnapshot,298.84
2025-11-21,M10,Consumption,-34.0
2025-11-21,M10,OnHandSnapshot,264.84
2025-11-22,M10,Consumption,-97.0
2025-11-22,M10,OnHandSnapshot,167.84
2025-11-23,M10,Receipt,517.72
2025-11-23,M10,Consumption,-37.0
2025-11-23,M10,OnHandSnapshot,648.56
2025-11-24,M10,OnHandSnapshot,648.56
2025-11-25,M10,Consumption,-15.0
2025-11-25,M10,OnHandSnapshot,633.56
2025-11-26,M10,Consumption,-18.0
2025-11-26,M10,OnHandSnapshot,615.56
2025-11-27,M10,Consumption,-60.0
2025-11-27,M10,OnHandSnapshot,555.56
2025-11-28,M10,Consumption,-44.0
2025-11-28,M10,OnHandSnapshot,511.56
2025-11-29,M10,Consumption,-48.0
2025-11-29,M10,OnHandSnapshot,463.56
2025-11-30,M10,OnHandSnapshot,463.56
2025-12-01,M10,Consumption,-16.0
2025-12-01,M10,OnHandSnapshot,447.56
2025-12-02,M10,OnHandSnapshot,447.56
2025-12-03,M10,Consumption,-45.0
2025-12-03,M10,OnHandSnapshot,402.56
2025-12-04,M10,Consumption,-15.0
2025-12-04,M10,OnHandSnapshot,387.56
2025-12-05,M10,OnHandSnapshot,387.56
2025-12-06,M10,Consumption,-47.0
2025-12-06,M10,OnHandSnapshot,340.56
2025-12-07,M10,Consumption,-39.0
2025-12-07,M10,OnHandSnapshot,301.56
2025-12-08,M10,Consumption,-68.0
2025-12-08,M10,OnHandSnapshot,233.56
2025-12-09,M10,Consumption,-22.0
2025-12-09,M10,OnHandSnapshot,211.56
2025-12-10,M10,OnHandSnapshot,211.56
2025-12-11,M10,OnHandSnapshot,211.56
2025-12-12,M10,Receipt,517.72
2025-12-12,M10,OnHandSnapshot,729.29
2025-12-13,M10,Consumption,-38.0
2025-12-13,M10,OnHandSnapshot,691.29
2025-12-14,M10,Consumption,-6.0
2025-12-14,M10,OnHandSnapshot,685.29
2025-12-15,M10,OnHandSnapshot,685.29
2025-12-16,M10,Consumption,-42.0
2025-12-16,M10,OnHandSnapshot,643.29
2025-12-17,M10,Consumption,-48.0
2025-12-17,M10,OnHandSnapshot,595.29
2025-12-18,M10,Consumption,-83.0
2025-12-18,M10,OnHandSnapshot,512.29
2025-12-19,M10,Consumption,-10.0
2025-12-19,M10,OnHandSnapshot,502.29
2025-12-20,M10,Consumption,-55.0
2025-12-20,M10,OnHandSnapshot,447.29
2025-12-21,M10,Consumption,-106.0
2025-12-21,M10,OnHandSnapshot,341.29
2025-12-22,M10,Consumption,-51.0
2025-12-22,M10,OnHandSnapshot,290.29
2025-12-23,M10,Receipt,517.72
2025-12-23,M10,Consumption,-34.0
2025-12-23,M10,OnHandSnapshot,774.01
2025-12-24,M10,Consumption,-5.0
2025-12-24,M10,OnHandSnapshot,769.01
2025-12-25,M10,Consumption,-61.0
2025-12-25,M10,OnHandSnapshot,708.01
2025-12-26,M10,Consumption,-15.0
2025-12-26,M10,OnHandSnapshot,693.01
2025-12-27,M10,Consumption,-44.0
2025-12-27,M10,OnHandSnapshot,649.01
2025-12-28,M10,OnHandSnapshot,649.01
2025-12-29,M10,Consumption,-15.0
2025-12-29,M10,OnHandSnapshot,634.01
2025-12-30,M10,Consumption,-30.0
2025-12-30,M10,OnHandSnapshot,604.01
2025-12-31,M10,OnHandSnapshot,604.01
2024-01-01,M11,OnHandSnapshot,323.58
2024-01-02,M11,OnHandSnapshot,323.58
2024-01-03,M11,Consumption,-15.0
2024-01-03,M11,OnHandSnapshot,308.58
2024-01-04,M11,Consumption,-15.0
2024-01-04,M11,OnHandSnapshot,293.58
2024-01-05,M11,OnHandSnapshot,293.58
2024-01-06,M11,Consumption,-37.0
2024-01-06,M11,OnHandSnapshot,256.58
2024-01-07,M11,Consumption,-38.0
2024-01-07,M11,OnHandSnapshot,218.58
2024-01-08,M11,Receipt,517.72
2024-01-08,M11,Consumption,-18.0
2024-01-08,M11,OnHandSnapshot,718.3
2024-01-09,M11,Consumption,-43.0
2024-01-09,M11,OnHandSnapshot,675.3
2024-01-10,M11,Consumption,-29.0
2024-01-10,M11,OnHandSnapshot,646.3
2024-01-11,M11,OnHandSnapshot,646.3
2024-01-12,M11,OnHandSnapshot,646.3
2024-01-13,M11,OnHandSnapshot,646.3
2024-01-14,M11,OnHandSnapshot,646.3
2024-01-15,M11,Consumption,-60.0
2024-01-15,M11,OnHandSnapshot,586.3
2024-01-16,M11,Consumption,-32.0
2024-01-16,M11,OnHandSnapshot,554.3
2024-01-17,M11,Consumption,-15.0
2024-01-17,M11,OnHandSnapshot,539.3
2024-01-18,M11,Consumption,-39.0
2024-01-18,M11,OnHandSnapshot,500.3
2024-01-19,M11,OnHandSnapshot,500.3
2024-01-20,M11,Consumption,-14.0
2024-01-20,M11,OnHandSnapshot,486.3
2024-01-21,M11,Consumption,-22.0
2024-01-21,M11,OnHandSnapshot,464.3
2024-01-22,M11,Consumption,-23.0
2024-01-22,M11,OnHandSnapshot,441.3
2024-01-23,M11,OnHandSnapshot,441.3
2024-01-24,M11,Consumption,-113.0
2024-01-24,M11,OnHandSnapshot,328.3
2024-01-25,M11,OnHandSnapshot,328.3
2024-01-26,M11,OnHandSnapshot,328.3
2024-01-27,M11,OnHandSnapshot,328.3
2024-01-28,M11,Receipt,517.72
2024-01-28,M11,Consumption,-15.0
2024-01-28,M11,OnHandSnapshot,831.02
2024-01-29,M11,Consumption,-43.0
2024-01-29,M11,OnHandSnapshot,788.02
2024-01-30,M11,OnHandSnapshot,788.02
2024-01-31,M11,Consumption,-8.0
2024-01-31,M11,OnHandSnapshot,780.02
2024-02-01,M11,Consumption,-7.0
2024-02-01,M11,OnHandSnapshot,773.02
2024-02-02,M11,OnHandSnapshot,773.02
2024-02-03,M11,OnHandSnapshot,773.02
2024-02-04,M11,OnHandSnapshot,773.02
2024-02-05,M11,Consumption,-48.0
2024-02-05,M11,OnHandSnapshot,725.02
2024-02-06,M11,OnHandSnapshot,725.02
2024-02-07,M11,Consumption,-57.0
2024-02-07,M11,OnHandSnapshot,668.02
2024-02-08,M11,Consumption,-60.0
2024-02-08,M11,OnHandSnapshot,608.02
2024-02-09,M11,OnHandSnapshot,608.02
2024-02-10,M11,Consumption,-44.0
2024-02-10,M11,OnHandSnapshot,564.02
2024-02-11,M11,Consumption,-7.0
2024-02-11,M11,OnHandSnapshot,557.02
2024-02-12,M11,Consumption,-17.0
2024-02-12,M11,OnHandSnapshot,540.02
2024-02-13,M11,OnHandSnapshot,540.02
2024-02-14,M11,Consumption,-23.0
2024-02-14,M11,OnHandSnapshot,517.02
2024-02-15,M11,OnHandSnapshot,517.02
2024-02-16,M11,Consumption,-27.0
2024-02-16,M11,OnHandSnapshot,490.02
2024-02-17,M11,Consumption,-24.0
2024-02-17,M11,OnHandSnapshot,466.02
2024-02-18,M11,Consumption,-7.0
2024-02-18,M11,OnHandSnapshot,459.02
2024-02-19,M11,Consumption,-64.0
2024-02-19,M11,OnHandSnapshot,395.02
2024-02-20,M11,Consumption,-15.0
2024-02-20,M11,OnHandSnapshot,380.02
2024-02-21,M11,OnHandSnapshot,380.02
2024-02-22,M11,Consumption,-12.0
2024-02-22,M11,OnHandSnapshot,368.02
2024-02-23,M11,OnHandSnapshot,368.02
2024-02-24,M11,Consumption,-15.0
2024-02-24,M11,OnHandSnapshot,353.02
2024-02-25,M11,Consumption,-15.0
2024-02-25,M11,OnHandSnapshot,338.02
2024-02-26,M11,Consumption,-15.0
2024-02-26,M11,OnHandSnapshot,323.02
2024-02-27,M11,Consumption,-36.0
2024-02-27,M11,OnHandSnapshot,287.02
2024-02-28,M11,Receipt,517.72
2024-02-28,M11,Consumption,-33.0
2024-02-28,M11,OnHandSnapshot,771.75
2024-02-29,M11,OnHandSnapshot,771.75
2024-03-01,M11,OnHandSnapshot,771.75
2024-03-02,M11,Consumption,-44.0
2024-03-02,M11,OnHandSnapshot,727.75
2024-03-03,M11,OnHandSnapshot,727.75
2024-03-04,M11,OnHandSnapshot,727.75
2024-03-05,M11,Consumption,-30.0
2024-03-05,M11,OnHandSnapshot,697.75
2024-03-06,M11,Consumption,-16.0
2024-03-06,M11,OnHandSnapshot,681.75
2024-03-07,M11,Consumption,-23.0
2024-03-07,M11,OnHandSnapshot,658.75
2024-03-08,M11,OnHandSnapshot,658.75
2024-03-09,M11,OnHandSnapshot,658.75
2024-03-10,M11,OnHandSnapshot,658.75
2024-03-11,M11,Consumption,-43.0
2024-03-11,M11,OnHandSnapshot,615.75
2024-03-12,M11,OnHandSnapshot,615.75
2024-03-13,M11,Consumption,-81.0
2024-03-13,M11,OnHandSnapshot,534.75
2024-03-14,M11,OnHandSnapshot,534.75
2024-03-15,M11,OnHandSnapshot,534.75
2024-03-16,M11,OnHandSnapshot,534.75
2024-03-17,M11,Consumption,-22.0
2024-03-17,M11,OnHandSnapshot,512.75
2024-03-18,M11,Consumption,-37.0
2024-03-18,M11,OnHandSnapshot,475.75
2024-03-19,M11,OnHandSnapshot,475.75
2024-03-20,M11,OnHandSnapshot,475.75
2024-03-21,M11,Consumption,-27.0
2024-03-21,M11,OnHandSnapshot,448.75
2024-03-22,M11,Consumption,-23.0
2024-03-22,M11,OnHandSnapshot,425.75
2024-03-23,M11,Consumption,-21.0
2024-03-23,M11,OnHandSnapshot,404.75
2024-03-24,M11,Consumption,-37.0
2024-03-24,M11,OnHandSnapshot,367.75
2024-03-25,M11,Consumption,-16.0
2024-03-25,M11,OnHandSnapshot,351.75
2024-03-26,M11,Consumption,-31.0
2024-03-26,M11,OnHandSnapshot,320.75
2024-03-27,M11,OnHandSnapshot,320.75
2024-03-28,M11,Consumption,-30.0
2024-03-28,M11,OnHandSnapshot,290.75
2024-03-29,M11,OnHandSnapshot,290.75
2024-03-30,M11,Receipt,517.72
2024-03-30,M11,Consumption,-39.0
2024-03-30,M11,OnHandSnapshot,769.47
2024-03-31,M11,OnHandSnapshot,769.47
2024-04-01,M11,Consumption,-27.0
2024-04-01,M11,OnHandSnapshot,742.47
2024-04-02,M11,OnHandSnapshot,742.47
2024-04-03,M11,Consumption,-30.0
2024-04-03,M11,OnHandSnapshot,712.47
2024-04-04,M11,OnHandSnapshot,712.47
2024-04-05,M11,OnHandSnapshot,712.47
2024-04-06,M11,OnHandSnapshot,712.47
2024-04-07,M11,Consumption,-23.0
2024-04-07,M11,OnHandSnapshot,689.47
2024-04-08,M11,OnHandSnapshot,689.47
2024-04-09,M11,Consumption,-39.0
2024-04-09,M11,OnHandSnapshot,650.47
2024-04-10,M11,OnHandSnapshot,650.47
2024-04-11,M11,OnHandSnapshot,650.47
2024-04-12,M11,OnHandSnapshot,650.47
2024-04-13,M11,Consumption,-11.0
2024-04-13,M11,OnHandSnapshot,639.47
2024-04-14,M11,OnHandSnapshot,639.47
2024-04-15,M11,OnHandSnapshot,639.47
2024-04-16,M11,OnHandSnapshot,639.47
2024-04-17,M11,OnHandSnapshot,639.47
2024-04-18,M11,Consumption,-52.0
2024-04-18,M11,OnHandSnapshot,587.47
2024-04-19,M11,Consumption,-6.0
2024-04-19,M11,OnHandSnapshot,581.47
2024-04-20,M11,OnHandSnapshot,581.47
2024-04-21,M11,OnHandSnapshot,581.47
2024-04-22,M11,OnHandSnapshot,581.47
2024-04-23,M11,Consumption,-15.0
2024-04-23,M11,OnHandSnapshot,566.47
2024-04-24,M11,OnHandSnapshot,566.47
2024-04-25,M11,OnHandSnapshot,566.47
2024-04-26,M11,OnHandSnapshot,566.47
2024-04-27,M11,Consumption,-15.0
2024-04-27,M11,OnHandSnapshot,551.47
2024-04-28,M11,OnHandSnapshot,551.47
2024-04-29,M11,Consumption,-15.0
2024-04-29,M11,OnHandSnapshot,536.47
2024-04-30,M11,Consumption,-31.0
2024-04-30,M11,OnHandSnapshot,505.47
2024-05-01,M11,Consumption,-33.0
2024-05-01,M11,OnHandSnapshot,472.47
2024-05-02,M11,Consumption,-19.0
2024-05-02,M11,OnHandSnapshot,453.47
2024-05-03,M11,OnHandSnapshot,453.47
2024-05-04,M11,Consumption,-11.0
2024-05-04,M11,OnHandSnapshot,442.47
2024-05-05,M11,Consumption,-34.0
2024-05-05,M11,OnHandSnapshot,408.47
2024-05-06,M11,Consumption,-8.0
2024-05-06,M11,OnHandSnapshot,400.47
2024-05-07,M11,Consumption,-18.0
2024-05-07,M11,OnHandSnapshot,382.47
2024-05-08,M11,Consumption,-15.0
2024-05-08,M11,OnHandSnapshot,367.47
2024-05-09,M11,Consumption,-30.0
2024-05-09,M11,OnHandSnapshot,337.47
2024-05-10,M11,Consumption,-29.0
2024-05-10,M11,OnHandSnapshot,308.47
2024-05-11,M11,Consumption,-22.0
2024-05-11,M11,OnHandSnapshot,286.47
2024-05-12,M11,Consumption,-19.0
2024-05-12,M11,OnHandSnapshot,267.47
2024-05-13,M11,Consumption,-45.0
2024-05-13,M11,OnHandSnapshot,222.47
2024-05-14,M11,OnHandSnapshot,222.47
2024-05-15,M11,Consumption,-49.0
2024-05-15,M11,OnHandSnapshot,173.47
2024-05-16,M11,Receipt,517.72
2024-05-16,M11,Consumption,-72.0
2024-05-16,M11,OnHandSnapshot,619.2
2024-05-17,M11,Consumption,-82.0
2024-05-17,M11,OnHandSnapshot,537.2
2024-05-18,M11,Consumption,-46.0
2024-05-18,M11,OnHandSnapshot,491.2
2024-05-19,M11,Consumption,-15.0
2024-05-19,M11,OnHandSnapshot,476.2
2024-05-20,M11,OnHandSnapshot,476.2
2024-05-21,M11,OnHandSnapshot,476.2
2024-05-22,M11,OnHandSnapshot,476.2
2024-05-23,M11,Consumption,-13.0
2024-05-23,M11,OnHandSnapshot,463.2
2024-05-24,M11,Consumption,-25.0
2024-05-24,M11,OnHandSnapshot,438.2
2024-05-25,M11,Consumption,-27.0
2024-05-25,M11,OnHandSnapshot,411.2
2024-05-26,M11,Consumption,-30.0
2024-05-26,M11,OnHandSnapshot,381.2
2024-05-27,M11,Consumption,-42.0
2024-05-27,M11,OnHandSnapshot,339.2
2024-05-28,M11,Consumption,-52.0
2024-05-28,M11,OnHandSnapshot,287.2
2024-05-29,M11,Consumption,-23.0
2024-05-29,M11,OnHandSnapshot,264.2
2024-05-30,M11,OnHandSnapshot,264.2
2024-05-31,M11,Consumption,-29.0
2024-05-31,M11,OnHandSnapshot,235.2
2024-06-01,M11,OnHandSnapshot,235.2
2024-06-02,M11,OnHandSnapshot,235.2
2024-06-03,M11,Receipt,517.72
2024-06-03,M11,Consumption,-31.0
2024-06-03,M11,OnHandSnapshot,721.92
2024-06-04,M11,OnHandSnapshot,721.92
2024-06-05,M11,Consumption,-23.0
2024-06-05,M11,OnHandSnapshot,698.92
2024-06-06,M11,Consumption,-22.0
2024-06-06,M11,OnHandSnapshot,676.92
2024-06-07,M11,OnHandSnapshot,676.92
2024-06-08,M11,Consumption,-14.0
2024-06-08,M11,OnHandSnapshot,662.92
2024-06-09,M11,Consumption,-31.0
2024-06-09,M11,OnHandSnapshot,631.92
2024-06-10,M11,OnHandSnapshot,631.92
2024-06-11,M11,Consumption,-36.0
2024-06-11,M11,OnHandSnapshot,595.92
2024-06-12,M11,OnHandSnapshot,595.92
2024-06-13,M11,Consumption,-57.0
2024-06-13,M11,OnHandSnapshot,538.92
2024-06-14,M11,Consumption,-28.0
2024-06-14,M11,OnHandSnapshot,510.92
2024-06-15,M11,Consumption,-50.0
2024-06-15,M11,OnHandSnapshot,460.92
2024-06-16,M11,Consumption,-58.0
2024-06-16,M11,OnHandSnapshot,402.92
2024-06-17,M11,Consumption,-10.0
2024-06-17,M11,OnHandSnapshot,392.92
2024-06-18,M11,OnHandSnapshot,392.92
2024-06-19,M11,Consumption,-11.0
2024-06-19,M11,OnHandSnapshot,381.92
2024-06-20,M11,Consumption,-15.0
2024-06-20,M11,OnHandSnapshot,366.92
2024-06-21,M11,Consumption,-4.0
2024-06-21,M11,OnHandSnapshot,362.92
2024-06-22,M11,Consumption,-47.0
2024-06-22,M11,OnHandSnapshot,315.92
2024-06-23,M11,Consumption,-85.0
2024-06-23,M11,OnHandSnapshot,230.92
2024-06-24,M11,Consumption,-57.0
2024-06-24,M11,OnHandSnapshot,173.92
2024-06-25,M11,Consumption,-37.0
2024-06-25,M11,OnHandSnapshot,136.92
2024-06-26,M11,Consumption,-67.0
2024-06-26,M11,OnHandSnapshot,69.92
2024-06-27,M11,Receipt,517.72
2024-06-27,M11,OnHandSnapshot,587.64
2024-06-28,M11,Consumption,-26.0
2024-06-28,M11,OnHandSnapshot,561.64
2024-06-29,M11,OnHandSnapshot,561.64
2024-06-30,M11,Consumption,-42.0
2024-06-30,M11,OnHandSnapshot,519.64
2024-07-01,M11,OnHandSnapshot,519.64
2024-07-02,M11,Consumption,-15.0
2024-07-02,M11,OnHandSnapshot,504.64
2024-07-03,M11,Consumption,-28.0
2024-07-03,M11,OnHandSnapshot,476.64
2024-07-04,M11,Consumption,-7.0
2024-07-04,M11,OnHandSnapshot,469.64
2024-07-05,M11,Consumption,-13.0
2024-07-05,M11,OnHandSnapshot,456.64
2024-07-06,M11,Consumption,-30.0
2024-07-06,M11,OnHandSnapshot,426.64
2024-07-07,M11,OnHandSnapshot,426.64
2024-07-08,M11,Consumption,-24.0
2024-07-08,M11,OnHandSnapshot,402.64
2024-07-09,M11,Consumption,-18.0
2024-07-09,M11,OnHandSnapshot,384.64
2024-07-10,M11,OnHandSnapshot,384.64
2024-07-11,M11,Consumption,-64.0
2024-07-11,M11,OnHandSnapshot,320.64
2024-07-12,M11,OnHandSnapshot,320.64
2024-07-13,M11,OnHandSnapshot,320.64
2024-07-14,M11,Consumption,-43.0
2024-07-14,M11,OnHandSnapshot,277.64
2024-07-15,M11,OnHandSnapshot,277.64
2024-07-16,M11,Receipt,517.72
2024-07-16,M11,Consumption,-45.0
2024-07-16,M11,OnHandSnapshot,750.37
2024-07-17,M11,Consumption,-26.0
2024-07-17,M11,OnHandSnapshot,724.37
2024-07-18,M11,Consumption,-22.0
2024-07-18,M11,OnHandSnapshot,702.37
2024-07-19,M11,OnHandSnapshot,702.37
2024-07-20,M11,OnHandSnapshot,702.37
2024-07-21,M11,OnHandSnapshot,702.37
2024-07-22,M11,Consumption,-27.0
2024-07-22,M11,OnHandSnapshot,675.37
2024-07-23,M11,OnHandSnapshot,675.37
2024-07-24,M11,Consumption,-36.0
2024-07-24,M11,OnHandSnapshot,639.37
2024-07-25,M11,Consumption,-5.0
2024-07-25,M11,OnHandSnapshot,634.37
2024-07-26,M11,OnHandSnapshot,634.37
2024-07-27,M11,Consumption,-45.0
2024-07-27,M11,OnHandSnapshot,589.37
2024-07-28,M11,Consumption,-26.0
2024-07-28,M11,OnHandSnapshot,563.37
2024-07-29,M11,Consumption,-15.0
2024-07-29,M11,OnHandSnapshot,548.37
2024-07-30,M11,Consumption,-23.0
2024-07-30,M11,OnHandSnapshot,525.37
2024-07-31,M11,Consumption,-43.0
2024-07-31,M11,OnHandSnapshot,482.37
2024-08-01,M11,Consumption,-38.0
2024-08-01,M11,OnHandSnapshot,444.37
2024-08-02,M11,Consumption,-33.0
2024-08-02,M11,OnHandSnapshot,411.37
2024-08-03,M11,OnHandSnapshot,411.37
2024-08-04,M11,Consumption,-23.0
2024-08-04,M11,OnHandSnapshot,388.37
2024-08-05,M11,Consumption,-13.0
2024-08-05,M11,OnHandSnapshot,375.37
2024-08-06,M11,Consumption,-24.0
2024-08-06,M11,OnHandSnapshot,351.37
2024-08-07,M11,OnHandSnapshot,351.37
2024-08-08,M11,Consumption,-24.0
2024-08-08,M11,OnHandSnapshot,327.37
2024-08-09,M11,Consumption,-27.0
2024-08-09,M11,OnHandSnapshot,300.37
2024-08-10,M11,Consumption,-57.0
2024-08-10,M11,OnHandSnapshot,243.37
2024-08-11,M11,Receipt,517.72
2024-08-11,M11,Consumption,-23.0
2024-08-11,M11,OnHandSnapshot,738.09
2024-08-12,M11,OnHandSnapshot,738.09
2024-08-13,M11,Consumption,-30.0
2024-08-13,M11,OnHandSnapshot,708.09
2024-08-14,M11,OnHandSnapshot,708.09
2024-08-15,M11,OnHandSnapshot,708.09
2024-08-16,M11,OnHandSnapshot,708.09
2024-08-17,M11,Consumption,-46.0
2024-08-17,M11,OnHandSnapshot,662.09
2024-08-18,M11,Consumption,-41.0
2024-08-18,M11,OnHandSnapshot,621.09
2024-08-19,M11,Consumption,-11.0
2024-08-19,M11,OnHandSnapshot,610.09
2024-08-20,M11,OnHandSnapshot,610.09
2024-08-21,M11,Consumption,-30.0
2024-08-21,M11,OnHandSnapshot,580.09
2024-08-22,M11,Consumption,-33.0
2024-08-22,M11,OnHandSnapshot,547.09
2024-08-23,M11,Consumption,-48.0
2024-08-23,M11,OnHandSnapshot,499.09
2024-08-24,M11,Consumption,-27.0
2024-08-24,M11,OnHandSnapshot,472.09
2024-08-25,M11,OnHandSnapshot,472.09
2024-08-26,M11,OnHandSnapshot,472.09
2024-08-27,M11,Consumption,-15.0
2024-08-27,M11,OnHandSnapshot,457.09
2024-08-28,M11,Consumption,-25.0
2024-08-28,M11,OnHandSnapshot,432.09
2024-08-29,M11,Consumption,-41.0
2024-08-29,M11,OnHandSnapshot,391.09
2024-08-30,M11,Consumption,-15.0
2024-08-30,M11,OnHandSnapshot,376.09
2024-08-31,M11,Consumption,-68.0
2024-08-31,M11,OnHandSnapshot,308.09
2024-09-01,M11,Consumption,-12.0
2024-09-01,M11,OnHandSnapshot,296.09
2024-09-02,M11,Consumption,-24.0
2024-09-02,M11,OnHandSnapshot,272.09
2024-09-03,M11,Consumption,-70.0
2024-09-03,M11,OnHandSnapshot,202.09
2024-09-04,M11,OnHandSnapshot,202.09
2024-09-05,M11,Receipt,517.72
2024-09-05,M11,Consumption,-27.0
2024-09-05,M11,OnHandSnapshot,692.81
2024-09-06,M11,OnHandSnapshot,692.81
2024-09-07,M11,Consumption,-23.0
2024-09-07,M11,OnHandSnapshot,669.81
2024-09-08,M11,Consumption,-30.0
2024-09-08,M11,OnHandSnapshot,639.81
2024-09-09,M11,Consumption,-23.0
2024-09-09,M11,OnHandSnapshot,616.81
2024-09-10,M11,Consumption,-39.0
2024-09-10,M11,OnHandSnapshot,577.81
2024-09-11,M11,Consumption,-71.0
2024-09-11,M11,OnHandSnapshot,506.81
2024-09-12,M11,Consumption,-53.0
2024-09-12,M11,OnHandSnapshot,453.81
2024-09-13,M11,Consumption,-21.0
2024-09-13,M11,OnHandSnapshot,432.81
2024-09-14,M11,OnHandSnapshot,432.81
2024-09-15,M11,OnHandSnapshot,432.81
2024-09-16,M11,Consumption,-59.0
2024-09-16,M11,OnHandSnapshot,373.81
2024-09-17,M11,Consumption,-30.0
2024-09-17,M11,OnHandSnapshot,343.81
2024-09-18,M11,Consumption,-11.0
2024-09-18,M11,OnHandSnapshot,332.81
2024-09-19,M11,Consumption,-39.0
2024-09-19,M11,OnHandSnapshot,293.81
2024-09-20,M11,Consumption,-6.0
2024-09-20,M11,OnHandSnapshot,287.81
2024-09-21,M11,Consumption,-37.0
2024-09-21,M11,OnHandSnapshot,250.81
2024-09-22,M11,Consumption,-15.0
2024-09-22,M11,OnHandSnapshot,235.81
2024-09-23,M11,Consumption,-12.0
2024-09-23,M11,OnHandSnapshot,223.81
2024-09-24,M11,Receipt,517.72
2024-09-24,M11,Consumption,-13.0
2024-09-24,M11,OnHandSnapshot,728.54
2024-09-25,M11,Consumption,-6.0
2024-09-25,M11,OnHandSnapshot,722.54
2024-09-26,M11,OnHandSnapshot,722.54
2024-09-27,M11,Consumption,-7.0
2024-09-27,M11,OnHandSnapshot,715.54
2024-09-28,M11,OnHandSnapshot,715.54
2024-09-29,M11,OnHandSnapshot,715.54
2024-09-30,M11,Consumption,-7.0
2024-09-30,M11,OnHandSnapshot,708.54
2024-10-01,M11,Consumption,-54.0
2024-10-01,M11,OnHandSnapshot,654.54
2024-10-02,M11,Consumption,-60.0
2024-10-02,M11,OnHandSnapshot,594.54
2024-10-03,M11,Consumption,-45.0
2024-10-03,M11,OnHandSnapshot,549.54
2024-10-04,M11,Consumption,-31.0
2024-10-04,M11,OnHandSnapshot,518.54
2024-10-05,M11,Consumption,-40.0
2024-10-05,M11,OnHandSnapshot,478.54
2024-10-06,M11,OnHandSnapshot,478.54
2024-10-07,M11,Consumption,-24.0
2024-10-07,M11,OnHandSnapshot,454.54
2024-10-08,M11,Consumption,-15.0
2024-10-08,M11,OnHandSnapshot,439.54
2024-10-09,M11,Consumption,-17.0
2024-10-09,M11,OnHandSnapshot,422.54
2024-10-10,M11,Consumption,-15.0
2024-10-10,M11,OnHandSnapshot,407.54
2024-10-11,M11,Consumption,-27.0
2024-10-11,M11,OnHandSnapshot,380.54
2024-10-12,M11,Consumption,-15.0
2024-10-12,M11,OnHandSnapshot,365.54
2024-10-13,M11,Consumption,-46.0
2024-10-13,M11,OnHandSnapshot,319.54
2024-10-14,M11,OnHandSnapshot,319.54
2024-10-15,M11,Consumption,-29.0
2024-10-15,M11,OnHandSnapshot,290.54
2024-10-16,M11,OnHandSnapshot,290.54
2024-10-17,M11,OnHandSnapshot,290.54
2024-10-18,M11,Receipt,517.72
2024-10-18,M11,OnHandSnapshot,808.26
2024-10-19,M11,Consumption,-22.0
2024-10-19,M11,OnHandSnapshot,786.26
2024-10-20,M11,Consumption,-39.0
2024-10-20,M11,OnHandSnapshot,747.26
2024-10-21,M11,Consumption,-18.0
2024-10-21,M11,OnHandSnapshot,729.26
2024-10-22,M11,Consumption,-23.0
2024-10-22,M11,OnHandSnapshot,706.26
2024-10-23,M11,Consumption,-27.0
2024-10-23,M11,OnHandSnapshot,679.26
2024-10-24,M11,Consumption,-13.0
2024-10-24,M11,OnHandSnapshot,666.26
2024-10-25,M11,Consumption,-24.0
2024-10-25,M11,OnHandSnapshot,642.26
2024-10-26,M11,OnHandSnapshot,642.26
2024-10-27,M11,OnHandSnapshot,642.26
2024-10-28,M11,OnHandSnapshot,642.26
2024-10-29,M11,Consumption,-74.0
2024-10-29,M11,OnHandSnapshot,568.26
2024-10-30,M11,Consumption,-42.0
2024-10-30,M11,OnHandSnapshot,526.26
2024-10-31,M11,OnHandSnapshot,526.26
2024-11-01,M11,Consumption,-30.0
2024-11-01,M11,OnHandSnapshot,496.26
2024-11-02,M11,OnHandSnapshot,496.26
2024-11-03,M11,Consumption,-12.0
2024-11-03,M11,OnHandSnapshot,484.26
2024-11-04,M11,Consumption,-43.0
2024-11-04,M11,OnHandSnapshot,441.26
2024-11-05,M11,Consumption,-27.0
2024-11-05,M11,OnHandSnapshot,414.26
2024-11-06,M11,OnHandSnapshot,414.26
2024-11-07,M11,Consumption,-23.0
2024-11-07,M11,OnHandSnapshot,391.26
2024-11-08,M11,OnHandSnapshot,391.26
2024-11-09,M11,Consumption,-8.0
2024-11-09,M11,OnHandSnapshot,383.26
2024-11-10,M11,OnHandSnapshot,383.26
2024-11-11,M11,OnHandSnapshot,383.26
2024-11-12,M11,Consumption,-31.0
2024-11-12,M11,OnHandSnapshot,352.26
2024-11-13,M11,Consumption,-39.0
2024-11-13,M11,OnHandSnapshot,313.26
2024-11-14,M11,Consumption,-41.0
2024-11-14,M11,OnHandSnapshot,272.26
2024-11-15,M11,Consumption,-27.0
2024-11-15,M11,OnHandSnapshot,245.26
2024-11-16,M11,Consumption,-11.0
2024-11-16,M11,OnHandSnapshot,234.26
2024-11-17,M11,OnHandSnapshot,234.26
2024-11-18,M11,OnHandSnapshot,234.26
2024-11-19,M11,OnHandSnapshot,234.26
2024-11-20,M11,Consumption,-11.0
2024-11-20,M11,OnHandSnapshot,223.26
2024-11-21,M11,Receipt,517.72
2024-11-21,M11,OnHandSnapshot,740.98
2024-11-22,M11,OnHandSnapshot,740.98
2024-11-23,M11,Consumption,-81.0
2024-11-23,M11,OnHandSnapshot,659.98
2024-11-24,M11,Consumption,-12.0
2024-11-24,M11,OnHandSnapshot,647.98
2024-11-25,M11,OnHandSnapshot,647.98
2024-11-26,M11,Consumption,-15.0
2024-11-26,M11,OnHandSnapshot,632.98
2024-11-27,M11,Consumption,-14.0
2024-11-27,M11,OnHandSnapshot,618.98
2024-11-28,M11,Consumption,-26.0
2024-11-28,M11,OnHandSnapshot,592.98
2024-11-29,M11,Consumption,-15.0
2024-11-29,M11,OnHandSnapshot,577.98
2024-11-30,M11,Consumption,-15.0
2024-11-30,M11,OnHandSnapshot,562.98
2024-12-01,M11,Consumption,-42.0
2024-12-01,M11,OnHandSnapshot,520.98
2024-12-02,M11,Consumption,-16.0
2024-12-02,M11,OnHandSnapshot,504.98
2024-12-03,M11,OnHandSnapshot,504.98
2024-12-04,M11,Consumption,-23.0
2024-12-04,M11,OnHandSnapshot,481.98
2024-12-05,M11,Consumption,-27.0
2024-12-05,M11,OnHandSnapshot,454.98
2024-12-06,M11,OnHandSnapshot,454.98
2024-12-07,M11,Consumption,-30.0
2024-12-07,M11,OnHandSnapshot,424.98
2024-12-08,M11,Consumption,-82.0
2024-12-08,M11,OnHandSnapshot,342.98
2024-12-09,M11,OnHandSnapshot,342.98
2024-12-10,M11,Consumption,-78.0
2024-12-10,M11,OnHandSnapshot,264.98
2024-12-11,M11,Receipt,517.72
2024-12-11,M11,Consumption,-26.0
2024-12-11,M11,OnHandSnapshot,756.71
2024-12-12,M11,Consumption,-30.0
2024-12-12,M11,OnHandSnapshot,726.71
2024-12-13,M11,Consumption,-28.0
2024-12-13,M11,OnHandSnapshot,698.71
2024-12-14,M11,OnHandSnapshot,698.71
2024-12-15,M11,OnHandSnapshot,698.71
2024-12-16,M11,OnHandSnapshot,698.71
2024-12-17,M11,Consumption,-58.0
2024-12-17,M11,OnHandSnapshot,640.71
2024-12-18,M11,Consumption,-72.0
2024-12-18,M11,OnHandSnapshot,568.71
2024-12-19,M11,Consumption,-38.0
2024-12-19,M11,OnHandSnapshot,530.71
2024-12-20,M11,Consumption,-30.0
2024-12-20,M11,OnHandSnapshot,500.71
2024-12-21,M11,OnHandSnapshot,500.71
2024-12-22,M11,Consumption,-14.0
2024-12-22,M11,OnHandSnapshot,486.71
2024-12-23,M11,Consumption,-22.0
2024-12-23,M11,OnHandSnapshot,464.71
2024-12-24,M11,Consumption,-44.0
2024-12-24,M11,OnHandSnapshot,420.71
2024-12-25,M11,Consumption,-42.0
2024-12-25,M11,OnHandSnapshot,378.71
2024-12-26,M11,Consumption,-28.0
2024-12-26,M11,OnHandSnapshot,350.71
2024-12-27,M11,Consumption,-16.0
2024-12-27,M11,OnHandSnapshot,334.71
2024-12-28,M11,Consumption,-35.0
2024-12-28,M11,OnHandSnapshot,299.71
2024-12-29,M11,OnHandSnapshot,299.71
2024-12-30,M11,Consumption,-46.0
2024-12-30,M11,OnHandSnapshot,253.71
2024-12-31,M11,Consumption,-18.0
2024-12-31,M11,OnHandSnapshot,235.71
2025-01-01,M11,Consumption,-60.0
2025-01-01,M11,OnHandSnapshot,175.71
2025-01-02,M11,Receipt,517.72
2025-01-02,M11,OnHandSnapshot,693.43
2025-01-03,M11,Consumption,-50.0
2025-01-03,M11,OnHandSnapshot,643.43
2025-01-04,M11,Consumption,-30.0
2025-01-04,M11,OnHandSnapshot,613.43
2025-01-05,M11,OnHandSnapshot,613.43
2025-01-06,M11,OnHandSnapshot,613.43
2025-01-07,M11,Consumption,-99.0
2025-01-07,M11,OnHandSnapshot,514.43
2025-01-08,M11,Consumption,-65.0
2025-01-08,M11,OnHandSnapshot,449.43
2025-01-09,M11,Consumption,-10.0
2025-01-09,M11,OnHandSnapshot,439.43
2025-01-10,M11,Consumption,-29.0
2025-01-10,M11,OnHandSnapshot,410.43
2025-01-11,M11,Consumption,-10.0
2025-01-11,M11,OnHandSnapshot,400.43
2025-01-12,M11,Consumption,-23.0
2025-01-12,M11,OnHandSnapshot,377.43
2025-01-13,M11,OnHandSnapshot,377.43
2025-01-14,M11,Consumption,-81.0
2025-01-14,M11,OnHandSnapshot,296.43
2025-01-15,M11,Consumption,-13.0
2025-01-15,M11,OnHandSnapshot,283.43
2025-01-16,M11,Consumption,-27.0
2025-01-16,M11,OnHandSnapshot,256.43
2025-01-17,M11,OnHandSnapshot,256.43
2025-01-18,M11,Consumption,-38.0
2025-01-18,M11,OnHandSnapshot,218.43
2025-01-19,M11,OnHandSnapshot,218.43
2025-01-20,M11,Receipt,517.72
2025-01-20,M11,Consumption,-38.0
2025-01-20,M11,OnHandSnapshot,698.16
2025-01-21,M11,Consumption,-52.0
2025-01-21,M11,OnHandSnapshot,646.16
2025-01-22,M11,Consumption,-23.0
2025-01-22,M11,OnHandSnapshot,623.16
2025-01-23,M11,OnHandSnapshot,623.16
2025-01-24,M11,OnHandSnapshot,623.16
2025-01-25,M11,OnHandSnapshot,623.16
2025-01-26,M11,Consumption,-88.0
2025-01-26,M11,OnHandSnapshot,535.16
2025-01-27,M11,Consumption,-35.0
2025-01-27,M11,OnHandSnapshot,500.16
2025-01-28,M11,Consumption,-66.0
2025-01-28,M11,OnHandSnapshot,434.16
2025-01-29,M11,Consumption,-7.0
2025-01-29,M11,OnHandSnapshot,427.16
2025-01-30,M11,Consumption,-15.0
2025-01-30,M11,OnHandSnapshot,412.16
2025-01-31,M11,OnHandSnapshot,412.16
2025-02-01,M11,Consumption,-15.0
2025-02-01,M11,OnHandSnapshot,397.16
2025-02-02,M11,OnHandSnapshot,397.16
2025-02-03,M11,Consumption,-38.0
2025-02-03,M11,OnHandSnapshot,359.16
2025-02-04,M11,Consumption,-39.0
2025-02-04,M11,OnHandSnapshot,320.16
2025-02-05,M11,Consumption,-31.0
2025-02-05,M11,OnHandSnapshot,289.16
2025-02-06,M11,Consumption,-30.0
2025-02-06,M11,OnHandSnapshot,259.16
2025-02-07,M11,Consumption,-28.0
2025-02-07,M11,OnHandSnapshot,231.16
2025-02-08,M11,Receipt,517.72
2025-02-08,M11,Consumption,-30.0
2025-02-08,M11,OnHandSnapshot,718.88
2025-02-09,M11,Consumption,-15.0
2025-02-09,M11,OnHandSnapshot,703.88
2025-02-10,M11,OnHandSnapshot,703.88
2025-02-11,M11,Consumption,-23.0
2025-02-11,M11,OnHandSnapshot,680.88
2025-02-12,M11,Consumption,-30.0
2025-02-12,M11,OnHandSnapshot,650.88
2025-02-13,M11,Consumption,-23.0
2025-02-13,M11,OnHandSnapshot,627.88
2025-02-14,M11,OnHandSnapshot,627.88
2025-02-15,M11,OnHandSnapshot,627.88
2025-02-16,M11,Consumption,-23.0
2025-02-16,M11,OnHandSnapshot,604.88
2025-02-17,M11,Consumption,-27.0
2025-02-17,M11,OnHandSnapshot,577.88
2025-02-18,M11,Consumption,-17.0
2025-02-18,M11,OnHandSnapshot,560.88
2025-02-19,M11,Consumption,-36.0
2025-02-19,M11,OnHandSnapshot,524.88
2025-02-20,M11,OnHandSnapshot,524.88
2025-02-21,M11,OnHandSnapshot,524.88
2025-02-22,M11,OnHandSnapshot,524.88
2025-02-23,M11,OnHandSnapshot,524.88
2025-02-24,M11,Consumption,-23.0
2025-02-24,M11,OnHandSnapshot,501.88
2025-02-25,M11,OnHandSnapshot,501.88
2025-02-26,M11,Consumption,-21.0
2025-02-26,M11,OnHandSnapshot,480.88
2025-02-27,M11,Consumption,-19.0
2025-02-27,M11,OnHandSnapshot,461.88
2025-02-28,M11,Consumption,-15.0
2025-02-28,M11,OnHandSnapshot,446.88
2025-03-01,M11,OnHandSnapshot,446.88
2025-03-02,M11,OnHandSnapshot,446.88
2025-03-03,M11,OnHandSnapshot,446.88
2025-03-04,M11,Consumption,-30.0
2025-03-04,M11,OnHandSnapshot,416.88
2025-03-05,M11,Consumption,-24.0
2025-03-05,M11,OnHandSnapshot,392.88
2025-03-06,M11,Consumption,-12.0
2025-03-06,M11,OnHandSnapshot,380.88
2025-03-07,M11,OnHandSnapshot,380.88
2025-03-08,M11,OnHandSnapshot,380.88
2025-03-09,M11,OnHandSnapshot,380.88
2025-03-10,M11,Consumption,-30.0
2025-03-10,M11,OnHandSnapshot,350.88
2025-03-11,M11,OnHandSnapshot,350.88
2025-03-12,M11,Consumption,-23.0
2025-03-12,M11,OnHandSnapshot,327.88
2025-03-13,M11,Consumption,-19.0
2025-03-13,M11,OnHandSnapshot,308.88
2025-03-14,M11,Consumption,-23.0
2025-03-14,M11,OnHandSnapshot,285.88
2025-03-15,M11,Consumption,-53.0
2025-03-15,M11,OnHandSnapshot,232.88
2025-03-16,M11,OnHandSnapshot,232.88
2025-03-17,M11,Consumption,-30.0
2025-03-17,M11,OnHandSnapshot,202.88
2025-03-18,M11,Consumption,-41.0
2025-03-18,M11,OnHandSnapshot,161.88
2025-03-19,M11,OnHandSnapshot,161.88
2025-03-20,M11,Receipt,517.72
2025-03-20,M11,Consumption,-13.0
2025-03-20,M11,OnHandSnapshot,666.6
2025-03-21,M11,OnHandSnapshot,666.6
2025-03-22,M11,Consumption,-58.0
2025-03-22,M11,OnHandSnapshot,608.6
2025-03-23,M11,Consumption,-30.0
2025-03-23,M11,OnHandSnapshot,578.6
2025-03-24,M11,Consumption,-26.0
2025-03-24,M11,OnHandSnapshot,552.6
2025-03-25,M11,OnHandSnapshot,552.6
2025-03-26,M11,Consumption,-37.0
2025-03-26,M11,OnHandSnapshot,515.6
2025-03-27,M11,Consumption,-43.0
2025-03-27,M11,OnHandSnapshot,472.6
2025-03-28,M11,Consumption,-27.0
2025-03-28,M11,OnHandSnapshot,445.6
2025-03-29,M11,OnHandSnapshot,445.6
2025-03-30,M11,OnHandSnapshot,445.6
2025-03-31,M11,Consumption,-29.0
2025-03-31,M11,OnHandSnapshot,416.6
2025-04-01,M11,Consumption,-38.0
2025-04-01,M11,OnHandSnapshot,378.6
2025-04-02,M11,Consumption,-15.0
2025-04-02,M11,OnHandSnapshot,363.6
2025-04-03,M11,Consumption,-61.0
2025-04-03,M11,OnHandSnapshot,302.6
2025-04-04,M11,Consumption,-23.0
2025-04-04,M11,OnHandSnapshot,279.6
2025-04-05,M11,Consumption,-53.0
2025-04-05,M11,OnHandSnapshot,226.6
2025-04-06,M11,OnHandSnapshot,226.6
2025-04-07,M11,Consumption,-56.0
2025-04-07,M11,OnHandSnapshot,170.6
2025-04-08,M11,Consumption,-21.0
2025-04-08,M11,OnHandSnapshot,149.6
2025-04-09,M11,Consumption,-50.0
2025-04-09,M11,OnHandSnapshot,99.6
2025-04-10,M11,OnHandSnapshot,99.6
2025-04-11,M11,Receipt,517.72
2025-04-11,M11,Consumption,-10.0
2025-04-11,M11,OnHandSnapshot,607.33
2025-04-12,M11,OnHandSnapshot,607.33
2025-04-13,M11,Consumption,-24.0
2025-04-13,M11,OnHandSnapshot,583.33
2025-04-14,M11,Consumption,-20.0
2025-04-14,M11,OnHandSnapshot,563.33
2025-04-15,M11,OnHandSnapshot,563.33
2025-04-16,M11,Consumption,-56.0
2025-04-16,M11,OnHandSnapshot,507.33
2025-04-17,M11,OnHandSnapshot,507.33
2025-04-18,M11,Consumption,-36.0
2025-04-18,M11,OnHandSnapshot,471.33
2025-04-19,M11,OnHandSnapshot,471.33
2025-04-20,M11,OnHandSnapshot,471.33
2025-04-21,M11,Consumption,-55.0
2025-04-21,M11,OnHandSnapshot,416.33
2025-04-22,M11,OnHandSnapshot,416.33
2025-04-23,M11,OnHandSnapshot,416.33
2025-04-24,M11,Consumption,-27.0
2025-04-24,M11,OnHandSnapshot,389.33
2025-04-25,M11,OnHandSnapshot,389.33
2025-04-26,M11,Consumption,-26.0
2025-04-26,M11,OnHandSnapshot,363.33
2025-04-27,M11,Consumption,-90.0
2025-04-27,M11,OnHandSnapshot,273.33
2025-04-28,M11,OnHandSnapshot,273.33
2025-04-29,M11,OnHandSnapshot,273.33
2025-04-30,M11,Consumption,-31.0
2025-04-30,M11,OnHandSnapshot,242.33
2025-05-01,M11,Consumption,-15.0
2025-05-01,M11,OnHandSnapshot,227.33
2025-05-02,M11,Consumption,-41.0
2025-05-02,M11,OnHandSnapshot,186.33
2025-05-03,M11,Receipt,517.72
2025-05-03,M11,Consumption,-22.0
2025-05-03,M11,OnHandSnapshot,682.05
2025-05-04,M11,OnHandSnapshot,682.05
2025-05-05,M11,Consumption,-113.0
2025-05-05,M11,OnHandSnapshot,569.05
2025-05-06,M11,Consumption,-19.0
2025-05-06,M11,OnHandSnapshot,550.05
2025-05-07,M11,Consumption,-30.0
2025-05-07,M11,OnHandSnapshot,520.05
2025-05-08,M11,Consumption,-35.0
2025-05-08,M11,OnHandSnapshot,485.05
2025-05-09,M11,OnHandSnapshot,485.05
2025-05-10,M11,Consumption,-49.0
2025-05-10,M11,OnHandSnapshot,436.05
2025-05-11,M11,Consumption,-15.0
2025-05-11,M11,OnHandSnapshot,421.05
2025-05-12,M11,Consumption,-55.0
2025-05-12,M11,OnHandSnapshot,366.05
2025-05-13,M11,Consumption,-18.0
2025-05-13,M11,OnHandSnapshot,348.05
2025-05-14,M11,Consumption,-31.0
2025-05-14,M11,OnHandSnapshot,317.05
2025-05-15,M11,Consumption,-31.0
2025-05-15,M11,OnHandSnapshot,286.05
2025-05-16,M11,Consumption,-24.0
2025-05-16,M11,OnHandSnapshot,262.05
2025-05-17,M11,OnHandSnapshot,262.05
2025-05-18,M11,Receipt,517.72
2025-05-18,M11,OnHandSnapshot,779.77
2025-05-19,M11,Consumption,-13.0
2025-05-19,M11,OnHandSnapshot,766.77
2025-05-20,M11,Consumption,-11.0
2025-05-20,M11,OnHandSnapshot,755.77
2025-05-21,M11,OnHandSnapshot,755.77
2025-05-22,M11,Consumption,-30.0
2025-05-22,M11,OnHandSnapshot,725.77
2025-05-23,M11,OnHandSnapshot,725.77
2025-05-24,M11,Consumption,-38.0
2025-05-24,M11,OnHandSnapshot,687.77
2025-05-25,M11,OnHandSnapshot,687.77
2025-05-26,M11,OnHandSnapshot,687.77
2025-05-27,M11,OnHandSnapshot,687.77
2025-05-28,M11,Consumption,-13.0
2025-05-28,M11,OnHandSnapshot,674.77
2025-05-29,M11,Consumption,-34.0
2025-05-29,M11,OnHandSnapshot,640.77
2025-05-30,M11,Consumption,-23.0
2025-05-30,M11,OnHandSnapshot,617.77
2025-05-31,M11,Consumption,-55.0
2025-05-31,M11,OnHandSnapshot,562.77
2025-06-01,M11,Consumption,-27.0
2025-06-01,M11,OnHandSnapshot,535.77
2025-06-02,M11,Consumption,-12.0
2025-06-02,M11,OnHandSnapshot,523.77
2025-06-03,M11,Consumption,-43.0
2025-06-03,M11,OnHandSnapshot,480.77
2025-06-04,M11,OnHandSnapshot,480.77
2025-06-05,M11,OnHandSnapshot,480.77
2025-06-06,M11,Consumption,-15.0
2025-06-06,M11,OnHandSnapshot,465.77
2025-06-07,M11,Consumption,-44.0
2025-06-07,M11,OnHandSnapshot,421.77
2025-06-08,M11,Consumption,-30.0
2025-06-08,M11,OnHandSnapshot,391.77
2025-06-09,M11,Consumption,-56.0
2025-06-09,M11,OnHandSnapshot,335.77
2025-06-10,M11,OnHandSnapshot,335.77
2025-06-11,M11,Consumption,-24.0
2025-06-11,M11,OnHandSnapshot,311.77
2025-06-12,M11,OnHandSnapshot,311.77
2025-06-13,M11,Receipt,517.72
2025-06-13,M11,OnHandSnapshot,829.5
2025-06-14,M11,Consumption,-35.0
2025-06-14,M11,OnHandSnapshot,794.5
2025-06-15,M11,Consumption,-29.0
2025-06-15,M11,OnHandSnapshot,765.5
2025-06-16,M11,Consumption,-35.0
2025-06-16,M11,OnHandSnapshot,730.5
2025-06-17,M11,Consumption,-36.0
2025-06-17,M11,OnHandSnapshot,694.5
2025-06-18,M11,Consumption,-15.0
2025-06-18,M11,OnHandSnapshot,679.5
2025-06-19,M11,OnHandSnapshot,679.5
2025-06-20,M11,Consumption,-68.0
2025-06-20,M11,OnHandSnapshot,611.5
2025-06-21,M11,Consumption,-36.0
2025-06-21,M11,OnHandSnapshot,575.5
2025-06-22,M11,OnHandSnapshot,575.5
2025-06-23,M11,OnHandSnapshot,575.5
2025-06-24,M11,Consumption,-73.0
2025-06-24,M11,OnHandSnapshot,502.5
2025-06-25,M11,OnHandSnapshot,502.5
2025-06-26,M11,OnHandSnapshot,502.5
2025-06-27,M11,Consumption,-24.0
2025-06-27,M11,OnHandSnapshot,478.5
2025-06-28,M11,OnHandSnapshot,478.5
2025-06-29,M11,Consumption,-44.0
2025-06-29,M11,OnHandSnapshot,434.5
2025-06-30,M11,OnHandSnapshot,434.5
2025-07-01,M11,Consumption,-36.0
2025-07-01,M11,OnHandSnapshot,398.5
2025-07-02,M11,Consumption,-30.0
2025-07-02,M11,OnHandSnapshot,368.5
2025-07-03,M11,Consumption,-42.0
2025-07-03,M11,OnHandSnapshot,326.5
2025-07-04,M11,OnHandSnapshot,326.5
2025-07-05,M11,Consumption,-8.0
2025-07-05,M11,OnHandSnapshot,318.5
2025-07-06,M11,OnHandSnapshot,318.5
2025-07-07,M11,Consumption,-30.0
2025-07-07,M11,OnHandSnapshot,288.5
2025-07-08,M11,Receipt,517.72
2025-07-08,M11,Consumption,-39.0
2025-07-08,M11,OnHandSnapshot,767.22
2025-07-09,M11,Consumption,-28.0
2025-07-09,M11,OnHandSnapshot,739.22
2025-07-10,M11,OnHandSnapshot,739.22
2025-07-11,M11,Consumption,-16.0
2025-07-11,M11,OnHandSnapshot,723.22
2025-07-12,M11,Consumption,-34.0
2025-07-12,M11,OnHandSnapshot,689.22
2025-07-13,M11,Consumption,-39.0
2025-07-13,M11,OnHandSnapshot,650.22
2025-07-14,M11,Consumption,-30.0
2025-07-14,M11,OnHandSnapshot,620.22
2025-07-15,M11,Consumption,-20.0
2025-07-15,M11,OnHandSnapshot,600.22
2025-07-16,M11,OnHandSnapshot,600.22
2025-07-17,M11,Consumption,-15.0
2025-07-17,M11,OnHandSnapshot,585.22
2025-07-18,M11,OnHandSnapshot,585.22
2025-07-19,M11,Consumption,-71.0
2025-07-19,M11,OnHandSnapshot,514.22
2025-07-20,M11,Consumption,-58.0
2025-07-20,M11,OnHandSnapshot,456.22
2025-07-21,M11,OnHandSnapshot,456.22
2025-07-22,M11,OnHandSnapshot,456.22
2025-07-23,M11,Consumption,-37.0
2025-07-23,M11,OnHandSnapshot,419.22
2025-07-24,M11,Consumption,-13.0
2025-07-24,M11,OnHandSnapshot,406.22
2025-07-25,M11,OnHandSnapshot,406.22
2025-07-26,M11,Consumption,-48.0
2025-07-26,M11,OnHandSnapshot,358.22
2025-07-27,M11,Consumption,-58.0
2025-07-27,M11,OnHandSnapshot,300.22
2025-07-28,M11,Consumption,-31.0
2025-07-28,M11,OnHandSnapshot,269.22
2025-07-29,M11,Consumption,-9.0
2025-07-29,M11,OnHandSnapshot,260.22
2025-07-30,M11,OnHandSnapshot,260.22
2025-07-31,M11,Consumption,-24.0
2025-07-31,M11,OnHandSnapshot,236.22
2025-08-01,M11,Receipt,517.72
2025-08-01,M11,Consumption,-23.0
2025-08-01,M11,OnHandSnapshot,730.95
2025-08-02,M11,OnHandSnapshot,730.95
2025-08-03,M11,Consumption,-27.0
2025-08-03,M11,OnHandSnapshot,703.95
2025-08-04,M11,Consumption,-23.0
2025-08-04,M11,OnHandSnapshot,680.95
2025-08-05,M11,OnHandSnapshot,680.95
2025-08-06,M11,Consumption,-51.0
2025-08-06,M11,OnHandSnapshot,629.95
2025-08-07,M11,Consumption,-8.0
2025-08-07,M11,OnHandSnapshot,621.95
2025-08-08,M11,OnHandSnapshot,621.95
2025-08-09,M11,Consumption,-88.0
2025-08-09,M11,OnHandSnapshot,533.95
2025-08-10,M11,Consumption,-15.0
2025-08-10,M11,OnHandSnapshot,518.95
2025-08-11,M11,OnHandSnapshot,518.95
2025-08-12,M11,Consumption,-18.0
2025-08-12,M11,OnHandSnapshot,500.95
2025-08-13,M11,Consumption,-40.0
2025-08-13,M11,OnHandSnapshot,460.95
2025-08-14,M11,Consumption,-57.0
2025-08-14,M11,OnHandSnapshot,403.95
2025-08-15,M11,Consumption,-15.0
2025-08-15,M11,OnHandSnapshot,388.95
2025-08-16,M11,Consumption,-27.0
2025-08-16,M11,OnHandSnapshot,361.95
2025-08-17,M11,OnHandSnapshot,361.95
2025-08-18,M11,Consumption,-13.0
2025-08-18,M11,OnHandSnapshot,348.95
2025-08-19,M11,OnHandSnapshot,348.95
2025-08-20,M11,Consumption,-23.0
2025-08-20,M11,OnHandSnapshot,325.95
2025-08-21,M11,Consumption,-15.0
2025-08-21,M11,OnHandSnapshot,310.95
2025-08-22,M11,Consumption,-26.0
2025-08-22,M11,OnHandSnapshot,284.95
2025-08-23,M11,Consumption,-33.0
2025-08-23,M11,OnHandSnapshot,251.95
2025-08-24,M11,Consumption,-47.0
2025-08-24,M11,OnHandSnapshot,204.95
2025-08-25,M11,Consumption,-53.0
2025-08-25,M11,OnHandSnapshot,151.95
2025-08-26,M11,Consumption,-79.0
2025-08-26,M11,OnHandSnapshot,72.95
2025-08-27,M11,OnHandSnapshot,72.95
2025-08-28,M11,Receipt,517.72
2025-08-28,M11,OnHandSnapshot,590.67
2025-08-29,M11,Consumption,-4.0
2025-08-29,M11,OnHandSnapshot,586.67
2025-08-30,M11,OnHandSnapshot,586.67
2025-08-31,M11,OnHandSnapshot,586.67
2025-09-01,M11,OnHandSnapshot,586.67
2025-09-02,M11,Consumption,-23.0
2025-09-02,M11,OnHandSnapshot,563.67
2025-09-03,M11,Consumption,-57.0
2025-09-03,M11,OnHandSnapshot,506.67
2025-09-04,M11,OnHandSnapshot,506.67
2025-09-05,M11,OnHandSnapshot,506.67
2025-09-06,M11,OnHandSnapshot,506.67
2025-09-07,M11,Consumption,-25.0
2025-09-07,M11,OnHandSnapshot,481.67
2025-09-08,M11,OnHandSnapshot,481.67
2025-09-09,M11,Consumption,-26.0
2025-09-09,M11,OnHandSnapshot,455.67
2025-09-10,M11,Consumption,-23.0
2025-09-10,M11,OnHandSnapshot,432.67
2025-09-11,M11,OnHandSnapshot,432.67
2025-09-12,M11,Consumption,-42.0
2025-09-12,M11,OnHandSnapshot,390.67
2025-09-13,M11,OnHandSnapshot,390.67
2025-09-14,M11,Consumption,-28.0
2025-09-14,M11,OnHandSnapshot,362.67
2025-09-15,M11,Consumption,-35.0
2025-09-15,M11,OnHandSnapshot,327.67
2025-09-16,M11,Consumption,-23.0
2025-09-16,M11,OnHandSnapshot,304.67
2025-09-17,M11,Consumption,-8.0
2025-09-17,M11,OnHandSnapshot,296.67
2025-09-18,M11,Consumption,-26.0
2025-09-18,M11,OnHandSnapshot,270.67
2025-09-19,M11,Receipt,517.72
2025-09-19,M11,OnHandSnapshot,788.39
2025-09-20,M11,OnHandSnapshot,788.39
2025-09-21,M11,Consumption,-43.0
2025-09-21,M11,OnHandSnapshot,745.39
2025-09-22,M11,OnHandSnapshot,745.39
2025-09-23,M11,Consumption,-53.0
2025-09-23,M11,OnHandSnapshot,692.39
2025-09-24,M11,Consumption,-26.0
2025-09-24,M11,OnHandSnapshot,666.39
2025-09-25,M11,Consumption,-8.0
2025-09-25,M11,OnHandSnapshot,658.39
2025-09-26,M11,OnHandSnapshot,658.39
2025-09-27,M11,Consumption,-46.0
2025-09-27,M11,OnHandSnapshot,612.39
2025-09-28,M11,Consumption,-27.0
2025-09-28,M11,OnHandSnapshot,585.39
2025-09-29,M11,Consumption,-59.0
2025-09-29,M11,OnHandSnapshot,526.39
2025-09-30,M11,Consumption,-42.0
2025-09-30,M11,OnHandSnapshot,484.39
2025-10-01,M11,Consumption,-39.0
2025-10-01,M11,OnHandSnapshot,445.39
2025-10-02,M11,Consumption,-3.0
2025-10-02,M11,OnHandSnapshot,442.39
2025-10-03,M11,Consumption,-23.0
2025-10-03,M11,OnHandSnapshot,419.39
2025-10-04,M11,Consumption,-44.0
2025-10-04,M11,OnHandSnapshot,375.39
2025-10-05,M11,Consumption,-48.0
2025-10-05,M11,OnHandSnapshot,327.39
2025-10-06,M11,OnHandSnapshot,327.39
2025-10-07,M11,OnHandSnapshot,327.39
2025-10-08,M11,Consumption,-33.0
2025-10-08,M11,OnHandSnapshot,294.39
2025-10-09,M11,OnHandSnapshot,294.39
2025-10-10,M11,Consumption,-7.0
2025-10-10,M11,OnHandSnapshot,287.39
2025-10-11,M11,Consumption,-16.0
2025-10-11,M11,OnHandSnapshot,271.39
2025-10-12,M11,OnHandSnapshot,271.39
2025-10-13,M11,Consumption,-35.0
2025-10-13,M11,OnHandSnapshot,236.39
2025-10-14,M11,OnHandSnapshot,236.39
2025-10-15,M11,Receipt,517.72
2025-10-15,M11,OnHandSnapshot,754.12
2025-10-16,M11,Consumption,-19.0
2025-10-16,M11,OnHandSnapshot,735.12
2025-10-17,M11,Consumption,-24.0
2025-10-17,M11,OnHandSnapshot,711.12
2025-10-18,M11,Consumption,-61.0
2025-10-18,M11,OnHandSnapshot,650.12
2025-10-19,M11,Consumption,-20.0
2025-10-19,M11,OnHandSnapshot,630.12
2025-10-20,M11,Consumption,-58.0
2025-10-20,M11,OnHandSnapshot,572.12
2025-10-21,M11,Consumption,-15.0
2025-10-21,M11,OnHandSnapshot,557.12
2025-10-22,M11,Consumption,-29.0
2025-10-22,M11,OnHandSnapshot,528.12
2025-10-23,M11,Consumption,-46.0
2025-10-23,M11,OnHandSnapshot,482.12
2025-10-24,M11,Consumption,-29.0
2025-10-24,M11,OnHandSnapshot,453.12
2025-10-25,M11,OnHandSnapshot,453.12
2025-10-26,M11,OnHandSnapshot,453.12
2025-10-27,M11,Consumption,-15.0
2025-10-27,M11,OnHandSnapshot,438.12
2025-10-28,M11,OnHandSnapshot,438.12
2025-10-29,M11,Consumption,-88.0
2025-10-29,M11,OnHandSnapshot,350.12
2025-10-30,M11,Consumption,-30.0
2025-10-30,M11,OnHandSnapshot,320.12
2025-10-31,M11,OnHandSnapshot,320.12
2025-11-01,M11,Consumption,-75.0
2025-11-01,M11,OnHandSnapshot,245.12
2025-11-02,M11,Consumption,-39.0
2025-11-02,M11,OnHandSnapshot,206.12
2025-11-03,M11,Consumption,-12.0
2025-11-03,M11,OnHandSnapshot,194.12
2025-11-04,M11,OnHandSnapshot,194.12
2025-11-05,M11,Receipt,517.72
2025-11-05,M11,Consumption,-12.0
2025-11-05,M11,OnHandSnapshot,699.84
2025-11-06,M11,Consumption,-51.0
2025-11-06,M11,OnHandSnapshot,648.84
2025-11-07,M11,OnHandSnapshot,648.84
2025-11-08,M11,Consumption,-49.0
2025-11-08,M11,OnHandSnapshot,599.84
2025-11-09,M11,Consumption,-59.0
2025-11-09,M11,OnHandSnapshot,540.84
2025-11-10,M11,Consumption,-31.0
2025-11-10,M11,OnHandSnapshot,509.84
2025-11-11,M11,Consumption,-31.0
2025-11-11,M11,OnHandSnapshot,478.84
2025-11-12,M11,Consumption,-27.0
2025-11-12,M11,OnHandSnapshot,451.84
2025-11-13,M11,Consumption,-44.0
2025-11-13,M11,OnHandSnapshot,407.84
2025-11-14,M11,OnHandSnapshot,407.84
2025-11-15,M11,OnHandSnapshot,407.84
2025-11-16,M11,Consumption,-43.0
2025-11-16,M11,OnHandSnapshot,364.84
2025-11-17,M11,OnHandSnapshot,364.84
2025-11-18,M11,Consumption,-24.0
2025-11-18,M11,OnHandSnapshot,340.84
2025-11-19,M11,Consumption,-42.0
2025-11-19,M11,OnHandSnapshot,298.84
2025-11-20,M11,OnHandSnapshot,298.84
2025-11-21,M11,Consumption,-34.0
2025-11-21,M11,OnHandSnapshot,264.84
2025-11-22,M11,Consumption,-97.0
2025-11-22,M11,OnHandSnapshot,167.84
2025-11-23,M11,Receipt,517.72
2025-11-23,M11,Consumption,-37.0
2025-11-23,M11,OnHandSnapshot,648.56
2025-11-24,M11,OnHandSnapshot,648.56
2025-11-25,M11,Consumption,-15.0
2025-11-25,M11,OnHandSnapshot,633.56
2025-11-26,M11,Consumption,-18.0
2025-11-26,M11,OnHandSnapshot,615.56
2025-11-27,M11,Consumption,-60.0
2025-11-27,M11,OnHandSnapshot,555.56
2025-11-28,M11,Consumption,-44.0
2025-11-28,M11,OnHandSnapshot,511.56
2025-11-29,M11,Consumption,-48.0
2025-11-29,M11,OnHandSnapshot,463.56
2025-11-30,M11,OnHandSnapshot,463.56
2025-12-01,M11,Consumption,-16.0
2025-12-01,M11,OnHandSnapshot,447.56
2025-12-02,M11,OnHandSnapshot,447.56
2025-12-03,M11,Consumption,-45.0
2025-12-03,M11,OnHandSnapshot,402.56
2025-12-04,M11,Consumption,-15.0
2025-12-04,M11,OnHandSnapshot,387.56
2025-12-05,M11,OnHandSnapshot,387.56
2025-12-06,M11,Consumption,-47.0
2025-12-06,M11,OnHandSnapshot,340.56
2025-12-07,M11,Consumption,-39.0
2025-12-07,M11,OnHandSnapshot,301.56
2025-12-08,M11,Consumption,-68.0
2025-12-08,M11,OnHandSnapshot,233.56
2025-12-09,M11,Consumption,-22.0
2025-12-09,M11,OnHandSnapshot,211.56
2025-12-10,M11,Receipt,517.72
2025-12-10,M11,OnHandSnapshot,729.29
2025-12-11,M11,OnHandSnapshot,729.29
2025-12-12,M11,OnHandSnapshot,729.29
2025-12-13,M11,Consumption,-38.0
2025-12-13,M11,OnHandSnapshot,691.29
2025-12-14,M11,Consumption,-6.0
2025-12-14,M11,OnHandSnapshot,685.29
2025-12-15,M11,OnHandSnapshot,685.29
2025-12-16,M11,Consumption,-42.0
2025-12-16,M11,OnHandSnapshot,643.29
2025-12-17,M11,Consumption,-48.0
2025-12-17,M11,OnHandSnapshot,595.29
2025-12-18,M11,Consumption,-83.0
2025-12-18,M11,OnHandSnapshot,512.29
2025-12-19,M11,Consumption,-10.0
2025-12-19,M11,OnHandSnapshot,502.29
2025-12-20,M11,Consumption,-55.0
2025-12-20,M11,OnHandSnapshot,447.29
2025-12-21,M11,Consumption,-106.0
2025-12-21,M11,OnHandSnapshot,341.29
2025-12-22,M11,Consumption,-51.0
2025-12-22,M11,OnHandSnapshot,290.29
2025-12-23,M11,Consumption,-34.0
2025-12-23,M11,OnHandSnapshot,256.29
2025-12-24,M11,Consumption,-5.0
2025-12-24,M11,OnHandSnapshot,251.29
2025-12-25,M11,Consumption,-61.0
2025-12-25,M11,OnHandSnapshot,190.29
2025-12-26,M11,Consumption,-15.0
2025-12-26,M11,OnHandSnapshot,175.29
2025-12-27,M11,Consumption,-44.0
2025-12-27,M11,OnHandSnapshot,131.29
2025-12-28,M11,Receipt,517.72
2025-12-28,M11,OnHandSnapshot,649.01
2025-12-29,M11,Consumption,-15.0
2025-12-29,M11,OnHandSnapshot,634.01
2025-12-30,M11,Consumption,-30.0
2025-12-30,M11,OnHandSnapshot,604.01
2025-12-31,M11,OnHandSnapshot,604.01
2024-01-01,M12,OnHandSnapshot,323.58
2024-01-02,M12,OnHandSnapshot,323.58
2024-01-03,M12,Consumption,-15.0
2024-01-03,M12,OnHandSnapshot,308.58
2024-01-04,M12,Consumption,-15.0
2024-01-04,M12,OnHandSnapshot,293.58
2024-01-05,M12,OnHandSnapshot,293.58
2024-01-06,M12,Receipt,517.72
2024-01-06,M12,Consumption,-37.0
2024-01-06,M12,OnHandSnapshot,774.3
2024-01-07,M12,Consumption,-38.0
2024-01-07,M12,OnHandSnapshot,736.3
2024-01-08,M12,Consumption,-18.0
2024-01-08,M12,OnHandSnapshot,718.3
2024-01-09,M12,Consumption,-43.0
2024-01-09,M12,OnHandSnapshot,675.3
2024-01-10,M12,Consumption,-29.0
2024-01-10,M12,OnHandSnapshot,646.3
2024-01-11,M12,OnHandSnapshot,646.3
2024-01-12,M12,OnHandSnapshot,646.3
2024-01-13,M12,OnHandSnapshot,646.3
2024-01-14,M12,OnHandSnapshot,646.3
2024-01-15,M12,Consumption,-60.0
2024-01-15,M12,OnHandSnapshot,586.3
2024-01-16,M12,Consumption,-32.0
2024-01-16,M12,OnHandSnapshot,554.3
2024-01-17,M12,Consumption,-15.0
2024-01-17,M12,OnHandSnapshot,539.3
2024-01-18,M12,Consumption,-39.0
2024-01-18,M12,OnHandSnapshot,500.3
2024-01-19,M12,OnHandSnapshot,500.3
2024-01-20,M12,Consumption,-14.0
2024-01-20,M12,OnHandSnapshot,486.3
2024-01-21,M12,Consumption,-22.0
2024-01-21,M12,OnHandSnapshot,464.3
2024-01-22,M12,Consumption,-23.0
2024-01-22,M12,OnHandSnapshot,441.3
2024-01-23,M12,OnHandSnapshot,441.3
2024-01-24,M12,Consumption,-113.0
2024-01-24,M12,OnHandSnapshot,328.3
2024-01-25,M12,OnHandSnapshot,328.3
2024-01-26,M12,OnHandSnapshot,328.3
2024-01-27,M12,Receipt,517.72
2024-01-27,M12,OnHandSnapshot,846.02
2024-01-28,M12,Consumption,-15.0
2024-01-28,M12,OnHandSnapshot,831.02
2024-01-29,M12,Consumption,-43.0
2024-01-29,M12,OnHandSnapshot,788.02
2024-01-30,M12,OnHandSnapshot,788.02
2024-01-31,M12,Consumption,-8.0
2024-01-31,M12,OnHandSnapshot,780.02
2024-02-01,M12,Consumption,-7.0
2024-02-01,M12,OnHandSnapshot,773.02
2024-02-02,M12,OnHandSnapshot,773.02
2024-02-03,M12,OnHandSnapshot,773.02
2024-02-04,M12,OnHandSnapshot,773.02
2024-02-05,M12,Consumption,-48.0
2024-02-05,M12,OnHandSnapshot,725.02
2024-02-06,M12,OnHandSnapshot,725.02
2024-02-07,M12,Consumption,-57.0
2024-02-07,M12,OnHandSnapshot,668.02
2024-02-08,M12,Consumption,-60.0
2024-02-08,M12,OnHandSnapshot,608.02
2024-02-09,M12,OnHandSnapshot,608.02
2024-02-10,M12,Consumption,-44.0
2024-02-10,M12,OnHandSnapshot,564.02
2024-02-11,M12,Consumption,-7.0
2024-02-11,M12,OnHandSnapshot,557.02
2024-02-12,M12,Consumption,-17.0
2024-02-12,M12,OnHandSnapshot,540.02
2024-02-13,M12,OnHandSnapshot,540.02
2024-02-14,M12,Consumption,-23.0
2024-02-14,M12,OnHandSnapshot,517.02
2024-02-15,M12,OnHandSnapshot,517.02
2024-02-16,M12,Consumption,-27.0
2024-02-16,M12,OnHandSnapshot,490.02
2024-02-17,M12,Consumption,-24.0
2024-02-17,M12,OnHandSnapshot,466.02
2024-02-18,M12,Consumption,-7.0
2024-02-18,M12,OnHandSnapshot,459.02
2024-02-19,M12,Consumption,-64.0
2024-02-19,M12,OnHandSnapshot,395.02
2024-02-20,M12,Consumption,-15.0
2024-02-20,M12,OnHandSnapshot,380.02
2024-02-21,M12,OnHandSnapshot,380.02
2024-02-22,M12,Consumption,-12.0
2024-02-22,M12,OnHandSnapshot,368.02
2024-02-23,M12,OnHandSnapshot,368.02
2024-02-24,M12,Consumption,-15.0
2024-02-24,M12,OnHandSnapshot,353.02
2024-02-25,M12,Consumption,-15.0
2024-02-25,M12,OnHandSnapshot,338.02
2024-02-26,M12,Consumption,-15.0
2024-02-26,M12,OnHandSnapshot,323.02
2024-02-27,M12,Consumption,-36.0
2024-02-27,M12,OnHandSnapshot,287.02
2024-02-28,M12,Consumption,-33.0
2024-02-28,M12,OnHandSnapshot,254.02
2024-02-29,M12,OnHandSnapshot,254.02
2024-03-01,M12,Receipt,517.72
2024-03-01,M12,OnHandSnapshot,771.75
2024-03-02,M12,Consumption,-44.0
2024-03-02,M12,OnHandSnapshot,727.75
2024-03-03,M12,OnHandSnapshot,727.75
2024-03-04,M12,OnHandSnapshot,727.75
2024-03-05,M12,Consumption,-30.0
2024-03-05,M12,OnHandSnapshot,697.75
2024-03-06,M12,Consumption,-16.0
2024-03-06,M12,OnHandSnapshot,681.75
2024-03-07,M12,Consumption,-23.0
2024-03-07,M12,OnHandSnapshot,658.75
2024-03-08,M12,OnHandSnapshot,658.75
2024-03-09,M12,OnHandSnapshot,658.75
2024-03-10,M12,OnHandSnapshot,658.75
2024-03-11,M12,Consumption,-43.0
2024-03-11,M12,OnHandSnapshot,615.75
2024-03-12,M12,OnHandSnapshot,615.75
2024-03-13,M12,Consumption,-81.0
2024-03-13,M12,OnHandSnapshot,534.75
2024-03-14,M12,OnHandSnapshot,534.75
2024-03-15,M12,OnHandSnapshot,534.75
2024-03-16,M12,OnHandSnapshot,534.75
2024-03-17,M12,Consumption,-22.0
2024-03-17,M12,OnHandSnapshot,512.75
2024-03-18,M12,Consumption,-37.0
2024-03-18,M12,OnHandSnapshot,475.75
2024-03-19,M12,OnHandSnapshot,475.75
2024-03-20,M12,OnHandSnapshot,475.75
2024-03-21,M12,Consumption,-27.0
2024-03-21,M12,OnHandSnapshot,448.75
2024-03-22,M12,Consumption,-23.0
2024-03-22,M12,OnHandSnapshot,425.75
2024-03-23,M12,Consumption,-21.0
2024-03-23,M12,OnHandSnapshot,404.75
2024-03-24,M12,Consumption,-37.0
2024-03-24,M12,OnHandSnapshot,367.75
2024-03-25,M12,Consumption,-16.0
2024-03-25,M12,OnHandSnapshot,351.75
2024-03-26,M12,Consumption,-31.0
2024-03-26,M12,OnHandSnapshot,320.75
2024-03-27,M12,OnHandSnapshot,320.75
2024-03-28,M12,Consumption,-30.0
2024-03-28,M12,OnHandSnapshot,290.75
2024-03-29,M12,OnHandSnapshot,290.75
2024-03-30,M12,Consumption,-39.0
2024-03-30,M12,OnHandSnapshot,251.75
2024-03-31,M12,OnHandSnapshot,251.75
2024-04-01,M12,Consumption,-27.0
2024-04-01,M12,OnHandSnapshot,224.75
2024-04-02,M12,OnHandSnapshot,224.75
2024-04-03,M12,Receipt,517.72
2024-04-03,M12,Consumption,-30.0
2024-04-03,M12,OnHandSnapshot,712.47
2024-04-04,M12,OnHandSnapshot,712.47
2024-04-05,M12,OnHandSnapshot,712.47
2024-04-06,M12,OnHandSnapshot,712.47
2024-04-07,M12,Consumption,-23.0
2024-04-07,M12,OnHandSnapshot,689.47
2024-04-08,M12,OnHandSnapshot,689.47
2024-04-09,M12,Consumption,-39.0
2024-04-09,M12,OnHandSnapshot,650.47
2024-04-10,M12,OnHandSnapshot,650.47
2024-04-11,M12,OnHandSnapshot,650.47
2024-04-12,M12,OnHandSnapshot,650.47
2024-04-13,M12,Consumption,-11.0
2024-04-13,M12,OnHandSnapshot,639.47
2024-04-14,M12,OnHandSnapshot,639.47
2024-04-15,M12,OnHandSnapshot,639.47
2024-04-16,M12,OnHandSnapshot,639.47
2024-04-17,M12,OnHandSnapshot,639.47
2024-04-18,M12,Consumption,-52.0
2024-04-18,M12,OnHandSnapshot,587.47
2024-04-19,M12,Consumption,-6.0
2024-04-19,M12,OnHandSnapshot,581.47
2024-04-20,M12,OnHandSnapshot,581.47
2024-04-21,M12,OnHandSnapshot,581.47
2024-04-22,M12,OnHandSnapshot,581.47
2024-04-23,M12,Consumption,-15.0
2024-04-23,M12,OnHandSnapshot,566.47
2024-04-24,M12,OnHandSnapshot,566.47
2024-04-25,M12,OnHandSnapshot,566.47
2024-04-26,M12,OnHandSnapshot,566.47
2024-04-27,M12,Consumption,-15.0
2024-04-27,M12,OnHandSnapshot,551.47
2024-04-28,M12,OnHandSnapshot,551.47
2024-04-29,M12,Consumption,-15.0
2024-04-29,M12,OnHandSnapshot,536.47
2024-04-30,M12,Consumption,-31.0
2024-04-30,M12,OnHandSnapshot,505.47
2024-05-01,M12,Consumption,-33.0
2024-05-01,M12,OnHandSnapshot,472.47
2024-05-02,M12,Consumption,-19.0
2024-05-02,M12,OnHandSnapshot,453.47
2024-05-03,M12,OnHandSnapshot,453.47
2024-05-04,M12,Consumption,-11.0
2024-05-04,M12,OnHandSnapshot,442.47
2024-05-05,M12,Consumption,-34.0
2024-05-05,M12,OnHandSnapshot,408.47
2024-05-06,M12,Consumption,-8.0
2024-05-06,M12,OnHandSnapshot,400.47
2024-05-07,M12,Consumption,-18.0
2024-05-07,M12,OnHandSnapshot,382.47
2024-05-08,M12,Consumption,-15.0
2024-05-08,M12,OnHandSnapshot,367.47
2024-05-09,M12,Consumption,-30.0
2024-05-09,M12,OnHandSnapshot,337.47
2024-05-10,M12,Consumption,-29.0
2024-05-10,M12,OnHandSnapshot,308.47
2024-05-11,M12,Receipt,517.72
2024-05-11,M12,Consumption,-22.0
2024-05-11,M12,OnHandSnapshot,804.2
2024-05-12,M12,Consumption,-19.0
2024-05-12,M12,OnHandSnapshot,785.2
2024-05-13,M12,Consumption,-45.0
2024-05-13,M12,OnHandSnapshot,740.2
2024-05-14,M12,OnHandSnapshot,740.2
2024-05-15,M12,Consumption,-49.0
2024-05-15,M12,OnHandSnapshot,691.2
2024-05-16,M12,Consumption,-72.0
2024-05-16,M12,OnHandSnapshot,619.2
2024-05-17,M12,Consumption,-82.0
2024-05-17,M12,OnHandSnapshot,537.2
2024-05-18,M12,Consumption,-46.0
2024-05-18,M12,OnHandSnapshot,491.2
2024-05-19,M12,Consumption,-15.0
2024-05-19,M12,OnHandSnapshot,476.2
2024-05-20,M12,OnHandSnapshot,476.2
2024-05-21,M12,OnHandSnapshot,476.2
2024-05-22,M12,OnHandSnapshot,476.2
2024-05-23,M12,Consumption,-13.0
2024-05-23,M12,OnHandSnapshot,463.2
2024-05-24,M12,Consumption,-25.0
2024-05-24,M12,OnHandSnapshot,438.2
2024-05-25,M12,Consumption,-27.0
2024-05-25,M12,OnHandSnapshot,411.2
2024-05-26,M12,Consumption,-30.0
2024-05-26,M12,OnHandSnapshot,381.2
2024-05-27,M12,Consumption,-42.0
2024-05-27,M12,OnHandSnapshot,339.2
2024-05-28,M12,Consumption,-52.0
2024-05-28,M12,OnHandSnapshot,287.2
2024-05-29,M12,Consumption,-23.0
2024-05-29,M12,OnHandSnapshot,264.2
2024-05-30,M12,OnHandSnapshot,264.2
2024-05-31,M12,Consumption,-29.0
2024-05-31,M12,OnHandSnapshot,235.2
2024-06-01,M12,OnHandSnapshot,235.2
2024-06-02,M12,OnHandSnapshot,235.2
2024-06-03,M12,Consumption,-31.0
2024-06-03,M12,OnHandSnapshot,204.2
2024-06-04,M12,Receipt,517.72
2024-06-04,M12,OnHandSnapshot,721.92
2024-06-05,M12,Consumption,-23.0
2024-06-05,M12,OnHandSnapshot,698.92
2024-06-06,M12,Consumption,-22.0
2024-06-06,M12,OnHandSnapshot,676.92
2024-06-07,M12,OnHandSnapshot,676.92
2024-06-08,M12,Consumption,-14.0
2024-06-08,M12,OnHandSnapshot,662.92
2024-06-09,M12,Consumption,-31.0
2024-06-09,M12,OnHandSnapshot,631.92
2024-06-10,M12,OnHandSnapshot,631.92
2024-06-11,M12,Consumption,-36.0
2024-06-11,M12,OnHandSnapshot,595.92
2024-06-12,M12,OnHandSnapshot,595.92
2024-06-13,M12,Consumption,-57.0
2024-06-13,M12,OnHandSnapshot,538.92
2024-06-14,M12,Consumption,-28.0
2024-06-14,M12,OnHandSnapshot,510.92
2024-06-15,M12,Consumption,-50.0
2024-06-15,M12,OnHandSnapshot,460.92
2024-06-16,M12,Consumption,-58.0
2024-06-16,M12,OnHandSnapshot,402.92
2024-06-17,M12,Consumption,-10.0
2024-06-17,M12,OnHandSnapshot,392.92
2024-06-18,M12,OnHandSnapshot,392.92
2024-06-19,M12,Consumption,-11.0
2024-06-19,M12,OnHandSnapshot,381.92
2024-06-20,M12,Consumption,-15.0
2024-06-20,M12,OnHandSnapshot,366.92
2024-06-21,M12,Consumption,-4.0
2024-06-21,M12,OnHandSnapshot,362.92
2024-06-22,M12,Consumption,-47.0
2024-06-22,M12,OnHandSnapshot,315.92
2024-06-23,M12,Consumption,-85.0
2024-06-23,M12,OnHandSnapshot,230.92
2024-06-24,M12,Consumption,-57.0
2024-06-24,M12,OnHandSnapshot,173.92
2024-06-25,M12,Receipt,517.72
2024-06-25,M12,Consumption,-37.0
2024-06-25,M12,OnHandSnapshot,654.64
2024-06-26,M12,Consumption,-67.0
2024-06-26,M12,OnHandSnapshot,587.64
2024-06-27,M12,OnHandSnapshot,587.64
2024-06-28,M12,Consumption,-26.0
2024-06-28,M12,OnHandSnapshot,561.64
2024-06-29,M12,OnHandSnapshot,561.64
2024-06-30,M12,Consumption,-42.0
2024-06-30,M12,OnHandSnapshot,519.64
2024-07-01,M12,OnHandSnapshot,519.64
2024-07-02,M12,Consumption,-15.0
2024-07-02,M12,OnHandSnapshot,504.64
2024-07-03,M12,Consumption,-28.0
2024-07-03,M12,OnHandSnapshot,476.64
2024-07-04,M12,Consumption,-7.0
2024-07-04,M12,OnHandSnapshot,469.64
2024-07-05,M12,Consumption,-13.0
2024-07-05,M12,OnHandSnapshot,456.64
2024-07-06,M12,Consumption,-30.0
2024-07-06,M12,OnHandSnapshot,426.64
2024-07-07,M12,OnHandSnapshot,426.64
2024-07-08,M12,Consumption,-24.0
2024-07-08,M12,OnHandSnapshot,402.64
2024-07-09,M12,Consumption,-18.0
2024-07-09,M12,OnHandSnapshot,384.64
2024-07-10,M12,OnHandSnapshot,384.64
2024-07-11,M12,Consumption,-64.0
2024-07-11,M12,OnHandSnapshot,320.64
2024-07-12,M12,OnHandSnapshot,320.64
2024-07-13,M12,OnHandSnapshot,320.64
2024-07-14,M12,Consumption,-43.0
2024-07-14,M12,OnHandSnapshot,277.64
2024-07-15,M12,OnHandSnapshot,277.64
2024-07-16,M12,Consumption,-45.0
2024-07-16,M12,OnHandSnapshot,232.64
2024-07-17,M12,Consumption,-26.0
2024-07-17,M12,OnHandSnapshot,206.64
2024-07-18,M12,Consumption,-22.0
2024-07-18,M12,OnHandSnapshot,184.64
2024-07-19,M12,Receipt,517.72
2024-07-19,M12,OnHandSnapshot,702.37
2024-07-20,M12,OnHandSnapshot,702.37
2024-07-21,M12,OnHandSnapshot,702.37
2024-07-22,M12,Consumption,-27.0
2024-07-22,M12,OnHandSnapshot,675.37
2024-07-23,M12,OnHandSnapshot,675.37
2024-07-24,M12,Consumption,-36.0
2024-07-24,M12,OnHandSnapshot,639.37
2024-07-25,M12,Consumption,-5.0
2024-07-25,M12,OnHandSnapshot,634.37
2024-07-26,M12,OnHandSnapshot,634.37
2024-07-27,M12,Consumption,-45.0
2024-07-27,M12,OnHandSnapshot,589.37
2024-07-28,M12,Consumption,-26.0
2024-07-28,M12,OnHandSnapshot,563.37
2024-07-29,M12,Consumption,-15.0
2024-07-29,M12,OnHandSnapshot,548.37
2024-07-30,M12,Consumption,-23.0
2024-07-30,M12,OnHandSnapshot,525.37
2024-07-31,M12,Consumption,-43.0
2024-07-31,M12,OnHandSnapshot,482.37
2024-08-01,M12,Consumption,-38.0
2024-08-01,M12,OnHandSnapshot,444.37
2024-08-02,M12,Consumption,-33.0
2024-08-02,M12,OnHandSnapshot,411.37
2024-08-03,M12,OnHandSnapshot,411.37
2024-08-04,M12,Consumption,-23.0
2024-08-04,M12,OnHandSnapshot,388.37
2024-08-05,M12,Consumption,-13.0
2024-08-05,M12,OnHandSnapshot,375.37
2024-08-06,M12,Consumption,-24.0
2024-08-06,M12,OnHandSnapshot,351.37
2024-08-07,M12,OnHandSnapshot,351.37
2024-08-08,M12,Consumption,-24.0
2024-08-08,M12,OnHandSnapshot,327.37
2024-08-09,M12,Consumption,-27.0
2024-08-09,M12,OnHandSnapshot,300.37
2024-08-10,M12,Consumption,-57.0
2024-08-10,M12,OnHandSnapshot,243.37
2024-08-11,M12,Consumption,-23.0
2024-08-11,M12,OnHandSnapshot,220.37
2024-08-12,M12,OnHandSnapshot,220.37
2024-08-13,M12,Receipt,517.72
2024-08-13,M12,Consumption,-30.0
2024-08-13,M12,OnHandSnapshot,708.09
2024-08-14,M12,OnHandSnapshot,708.09
2024-08-15,M12,OnHandSnapshot,708.09
2024-08-16,M12,OnHandSnapshot,708.09
2024-08-17,M12,Consumption,-46.0
2024-08-17,M12,OnHandSnapshot,662.09
2024-08-18,M12,Consumption,-41.0
2024-08-18,M12,OnHandSnapshot,621.09
2024-08-19,M12,Consumption,-11.0
2024-08-19,M12,OnHandSnapshot,610.09
2024-08-20,M12,OnHandSnapshot,610.09
2024-08-21,M12,Consumption,-30.0
2024-08-21,M12,OnHandSnapshot,580.09
2024-08-22,M12,Consumption,-33.0
2024-08-22,M12,OnHandSnapshot,547.09
2024-08-23,M12,Consumption,-48.0
2024-08-23,M12,OnHandSnapshot,499.09
2024-08-24,M12,Consumption,-27.0
2024-08-24,M12,OnHandSnapshot,472.09
2024-08-25,M12,OnHandSnapshot,472.09
2024-08-26,M12,OnHandSnapshot,472.09
2024-08-27,M12,Consumption,-15.0
2024-08-27,M12,OnHandSnapshot,457.09
2024-08-28,M12,Consumption,-25.0
2024-08-28,M12,OnHandSnapshot,432.09
2024-08-29,M12,Consumption,-41.0
2024-08-29,M12,OnHandSnapshot,391.09
2024-08-30,M12,Consumption,-15.0
2024-08-30,M12,OnHandSnapshot,376.09
2024-08-31,M12,Consumption,-68.0
2024-08-31,M12,OnHandSnapshot,308.09
2024-09-01,M12,Consumption,-12.0
2024-09-01,M12,OnHandSnapshot,296.09
2024-09-02,M12,Consumption,-24.0
2024-09-02,M12,OnHandSnapshot,272.09
2024-09-03,M12,Consumption,-70.0
2024-09-03,M12,OnHandSnapshot,202.09
2024-09-04,M12,OnHandSnapshot,202.09
2024-09-05,M12,Consumption,-27.0
2024-09-05,M12,OnHandSnapshot,175.09
2024-09-06,M12,OnHandSnapshot,175.09
2024-09-07,M12,Consumption,-23.0
2024-09-07,M12,OnHandSnapshot,152.09
2024-09-08,M12,Consumption,-30.0
2024-09-08,M12,OnHandSnapshot,122.09
2024-09-09,M12,Receipt,517.72
2024-09-09,M12,Consumption,-23.0
2024-09-09,M12,OnHandSnapshot,616.81
2024-09-10,M12,Consumption,-39.0
2024-09-10,M12,OnHandSnapshot,577.81
2024-09-11,M12,Consumption,-71.0
2024-09-11,M12,OnHandSnapshot,506.81
2024-09-12,M12,Consumption,-53.0
2024-09-12,M12,OnHandSnapshot,453.81
2024-09-13,M12,Consumption,-21.0
2024-09-13,M12,OnHandSnapshot,432.81
2024-09-14,M12,OnHandSnapshot,432.81
2024-09-15,M12,OnHandSnapshot,432.81
2024-09-16,M12,Consumption,-59.0
2024-09-16,M12,OnHandSnapshot,373.81
2024-09-17,M12,Consumption,-30.0
2024-09-17,M12,OnHandSnapshot,343.81
2024-09-18,M12,Consumption,-11.0
2024-09-18,M12,OnHandSnapshot,332.81
2024-09-19,M12,Consumption,-39.0
2024-09-19,M12,OnHandSnapshot,293.81
2024-09-20,M12,Consumption,-6.0
2024-09-20,M12,OnHandSnapshot,287.81
2024-09-21,M12,Consumption,-37.0
2024-09-21,M12,OnHandSnapshot,250.81
2024-09-22,M12,Consumption,-15.0
2024-09-22,M12,OnHandSnapshot,235.81
2024-09-23,M12,Consumption,-12.0
2024-09-23,M12,OnHandSnapshot,223.81
2024-09-24,M12,Receipt,517.72
2024-09-24,M12,Consumption,-13.0
2024-09-24,M12,OnHandSnapshot,728.54
2024-09-25,M12,Consumption,-6.0
2024-09-25,M12,OnHandSnapshot,722.54
2024-09-26,M12,OnHandSnapshot,722.54
2024-09-27,M12,Consumption,-7.0
2024-09-27,M12,OnHandSnapshot,715.54
2024-09-28,M12,OnHandSnapshot,715.54
2024-09-29,M12,OnHandSnapshot,715.54
2024-09-30,M12,Consumption,-7.0
2024-09-30,M12,OnHandSnapshot,708.54
2024-10-01,M12,Consumption,-54.0
2024-10-01,M12,OnHandSnapshot,654.54
2024-10-02,M12,Consumption,-60.0
2024-10-02,M12,OnHandSnapshot,594.54
2024-10-03,M12,Consumption,-45.0
2024-10-03,M12,OnHandSnapshot,549.54
2024-10-04,M12,Consumption,-31.0
2024-10-04,M12,OnHandSnapshot,518.54
2024-10-05,M12,Consumption,-40.0
2024-10-05,M12,OnHandSnapshot,478.54
2024-10-06,M12,OnHandSnapshot,478.54
2024-10-07,M12,Consumption,-24.0
2024-10-07,M12,OnHandSnapshot,454.54
2024-10-08,M12,Consumption,-15.0
2024-10-08,M12,OnHandSnapshot,439.54
2024-10-09,M12,Consumption,-17.0
2024-10-09,M12,OnHandSnapshot,422.54
2024-10-10,M12,Consumption,-15.0
2024-10-10,M12,OnHandSnapshot,407.54
2024-10-11,M12,Consumption,-27.0
2024-10-11,M12,OnHandSnapshot,380.54
2024-10-12,M12,Consumption,-15.0
2024-10-12,M12,OnHandSnapshot,365.54
2024-10-13,M12,Consumption,-46.0
2024-10-13,M12,OnHandSnapshot,319.54
2024-10-14,M12,OnHandSnapshot,319.54
2024-10-15,M12,Consumption,-29.0
2024-10-15,M12,OnHandSnapshot,290.54
2024-10-16,M12,OnHandSnapshot,290.54
2024-10-17,M12,OnHandSnapshot,290.54
2024-10-18,M12,OnHandSnapshot,290.54
2024-10-19,M12,Receipt,517.72
2024-10-19,M12,Consumption,-22.0
2024-10-19,M12,OnHandSnapshot,786.26
2024-10-20,M12,Consumption,-39.0
2024-10-20,M12,OnHandSnapshot,747.26
2024-10-21,M12,Consumption,-18.0
2024-10-21,M12,OnHandSnapshot,729.26
2024-10-22,M12,Consumption,-23.0
2024-10-22,M12,OnHandSnapshot,706.26
2024-10-23,M12,Consumption,-27.0
2024-10-23,M12,OnHandSnapshot,679.26
2024-10-24,M12,Consumption,-13.0
2024-10-24,M12,OnHandSnapshot,666.26
2024-10-25,M12,Consumption,-24.0
2024-10-25,M12,OnHandSnapshot,642.26
2024-10-26,M12,OnHandSnapshot,642.26
2024-10-27,M12,OnHandSnapshot,642.26
2024-10-28,M12,OnHandSnapshot,642.26
2024-10-29,M12,Consumption,-74.0
2024-10-29,M12,OnHandSnapshot,568.26
2024-10-30,M12,Consumption,-42.0
2024-10-30,M12,OnHandSnapshot,526.26
2024-10-31,M12,OnHandSnapshot,526.26
2024-11-01,M12,Consumption,-30.0
2024-11-01,M12,OnHandSnapshot,496.26
2024-11-02,M12,OnHandSnapshot,496.26
2024-11-03,M12,Consumption,-12.0
2024-11-03,M12,OnHandSnapshot,484.26
2024-11-04,M12,Consumption,-43.0
2024-11-04,M12,OnHandSnapshot,441.26
2024-11-05,M12,Consumption,-27.0
2024-11-05,M12,OnHandSnapshot,414.26
2024-11-06,M12,OnHandSnapshot,414.26
2024-11-07,M12,Consumption,-23.0
2024-11-07,M12,OnHandSnapshot,391.26
2024-11-08,M12,OnHandSnapshot,391.26
2024-11-09,M12,Consumption,-8.0
2024-11-09,M12,OnHandSnapshot,383.26
2024-11-10,M12,OnHandSnapshot,383.26
2024-11-11,M12,OnHandSnapshot,383.26
2024-11-12,M12,Consumption,-31.0
2024-11-12,M12,OnHandSnapshot,352.26
2024-11-13,M12,Consumption,-39.0
2024-11-13,M12,OnHandSnapshot,313.26
2024-11-14,M12,Consumption,-41.0
2024-11-14,M12,OnHandSnapshot,272.26
2024-11-15,M12,Consumption,-27.0
2024-11-15,M12,OnHandSnapshot,245.26
2024-11-16,M12,Consumption,-11.0
2024-11-16,M12,OnHandSnapshot,234.26
2024-11-17,M12,OnHandSnapshot,234.26
2024-11-18,M12,OnHandSnapshot,234.26
2024-11-19,M12,OnHandSnapshot,234.26
2024-11-20,M12,Consumption,-11.0
2024-11-20,M12,OnHandSnapshot,223.26
2024-11-21,M12,OnHandSnapshot,223.26
2024-11-22,M12,OnHandSnapshot,223.26
2024-11-23,M12,Receipt,517.72
2024-11-23,M12,Consumption,-81.0
2024-11-23,M12,OnHandSnapshot,659.98
2024-11-24,M12,Consumption,-12.0
2024-11-24,M12,OnHandSnapshot,647.98
2024-11-25,M12,OnHandSnapshot,647.98
2024-11-26,M12,Consumption,-15.0
2024-11-26,M12,OnHandSnapshot,632.98
2024-11-27,M12,Consumption,-14.0
2024-11-27,M12,OnHandSnapshot,618.98
2024-11-28,M12,Consumption,-26.0
2024-11-28,M12,OnHandSnapshot,592.98
2024-11-29,M12,Consumption,-15.0
2024-11-29,M12,OnHandSnapshot,577.98
2024-11-30,M12,Consumption,-15.0
2024-11-30,M12,OnHandSnapshot,562.98
2024-12-01,M12,Consumption,-42.0
2024-12-01,M12,OnHandSnapshot,520.98
2024-12-02,M12,Consumption,-16.0
2024-12-02,M12,OnHandSnapshot,504.98
2024-12-03,M12,OnHandSnapshot,504.98
2024-12-04,M12,Consumption,-23.0
2024-12-04,M12,OnHandSnapshot,481.98
2024-12-05,M12,Consumption,-27.0
2024-12-05,M12,OnHandSnapshot,454.98
2024-12-06,M12,OnHandSnapshot,454.98
2024-12-07,M12,Consumption,-30.0
2024-12-07,M12,OnHandSnapshot,424.98
2024-12-08,M12,Consumption,-82.0
2024-12-08,M12,OnHandSnapshot,342.98
2024-12-09,M12,OnHandSnapshot,342.98
2024-12-10,M12,Consumption,-78.0
2024-12-10,M12,OnHandSnapshot,264.98
2024-12-11,M12,Consumption,-26.0
2024-12-11,M12,OnHandSnapshot,238.98
2024-12-12,M12,Consumption,-30.0
2024-12-12,M12,OnHandSnapshot,208.98
2024-12-13,M12,Receipt,517.72
2024-12-13,M12,Consumption,-28.0
2024-12-13,M12,OnHandSnapshot,698.71
2024-12-14,M12,OnHandSnapshot,698.71
2024-12-15,M12,OnHandSnapshot,698.71
2024-12-16,M12,OnHandSnapshot,698.71
2024-12-17,M12,Consumption,-58.0
2024-12-17,M12,OnHandSnapshot,640.71
2024-12-18,M12,Consumption,-72.0
2024-12-18,M12,OnHandSnapshot,568.71
2024-12-19,M12,Consumption,-38.0
2024-12-19,M12,OnHandSnapshot,530.71
2024-12-20,M12,Consumption,-30.0
2024-12-20,M12,OnHandSnapshot,500.71
2024-12-21,M12,OnHandSnapshot,500.71
2024-12-22,M12,Consumption,-14.0
2024-12-22,M12,OnHandSnapshot,486.71
2024-12-23,M12,Consumption,-22.0
2024-12-23,M12,OnHandSnapshot,464.71
2024-12-24,M12,Consumption,-44.0
2024-12-24,M12,OnHandSnapshot,420.71
2024-12-25,M12,Consumption,-42.0
2024-12-25,M12,OnHandSnapshot,378.71
2024-12-26,M12,Consumption,-28.0
2024-12-26,M12,OnHandSnapshot,350.71
2024-12-27,M12,Consumption,-16.0
2024-12-27,M12,OnHandSnapshot,334.71
2024-12-28,M12,Consumption,-35.0
2024-12-28,M12,OnHandSnapshot,299.71
2024-12-29,M12,OnHandSnapshot,299.71
2024-12-30,M12,Consumption,-46.0
2024-12-30,M12,OnHandSnapshot,253.71
2024-12-31,M12,Consumption,-18.0
2024-12-31,M12,OnHandSnapshot,235.71
2025-01-01,M12,Consumption,-60.0
2025-01-01,M12,OnHandSnapshot,175.71
2025-01-02,M12,OnHandSnapshot,175.71
2025-01-03,M12,Consumption,-50.0
2025-01-03,M12,OnHandSnapshot,125.71
2025-01-04,M12,Receipt,517.72
2025-01-04,M12,Consumption,-30.0
2025-01-04,M12,OnHandSnapshot,613.43
2025-01-05,M12,OnHandSnapshot,613.43
2025-01-06,M12,OnHandSnapshot,613.43
2025-01-07,M12,Consumption,-99.0
2025-01-07,M12,OnHandSnapshot,514.43
2025-01-08,M12,Consumption,-65.0
2025-01-08,M12,OnHandSnapshot,449.43
2025-01-09,M12,Consumption,-10.0
2025-01-09,M12,OnHandSnapshot,439.43
2025-01-10,M12,Consumption,-29.0
2025-01-10,M12,OnHandSnapshot,410.43
2025-01-11,M12,Consumption,-10.0
2025-01-11,M12,OnHandSnapshot,400.43
2025-01-12,M12,Consumption,-23.0
2025-01-12,M12,OnHandSnapshot,377.43
2025-01-13,M12,OnHandSnapshot,377.43
2025-01-14,M12,Consumption,-81.0
2025-01-14,M12,OnHandSnapshot,296.43
2025-01-15,M12,Consumption,-13.0
2025-01-15,M12,OnHandSnapshot,283.43
2025-01-16,M12,Consumption,-27.0
2025-01-16,M12,OnHandSnapshot,256.43
2025-01-17,M12,OnHandSnapshot,256.43
2025-01-18,M12,Receipt,517.72
2025-01-18,M12,Consumption,-38.0
2025-01-18,M12,OnHandSnapshot,736.16
2025-01-19,M12,OnHandSnapshot,736.16
2025-01-20,M12,Consumption,-38.0
2025-01-20,M12,OnHandSnapshot,698.16
2025-01-21,M12,Consumption,-52.0
2025-01-21,M12,OnHandSnapshot,646.16
2025-01-22,M12,Consumption,-23.0
2025-01-22,M12,OnHandSnapshot,623.16
2025-01-23,M12,OnHandSnapshot,623.16
2025-01-24,M12,OnHandSnapshot,623.16
2025-01-25,M12,OnHandSnapshot,623.16
2025-01-26,M12,Consumption,-88.0
2025-01-26,M12,OnHandSnapshot,535.16
2025-01-27,M12,Consumption,-35.0
2025-01-27,M12,OnHandSnapshot,500.16
2025-01-28,M12,Consumption,-66.0
2025-01-28,M12,OnHandSnapshot,434.16
2025-01-29,M12,Consumption,-7.0
2025-01-29,M12,OnHandSnapshot,427.16
2025-01-30,M12,Consumption,-15.0
2025-01-30,M12,OnHandSnapshot,412.16
2025-01-31,M12,OnHandSnapshot,412.16
2025-02-01,M12,Consumption,-15.0
2025-02-01,M12,OnHandSnapshot,397.16
2025-02-02,M12,OnHandSnapshot,397.16
2025-02-03,M12,Consumption,-38.0
2025-02-03,M12,OnHandSnapshot,359.16
2025-02-04,M12,Consumption,-39.0
2025-02-04,M12,OnHandSnapshot,320.16
2025-02-05,M12,Consumption,-31.0
2025-02-05,M12,OnHandSnapshot,289.16
2025-02-06,M12,Consumption,-30.0
2025-02-06,M12,OnHandSnapshot,259.16
2025-02-07,M12,Consumption,-28.0
2025-02-07,M12,OnHandSnapshot,231.16
2025-02-08,M12,Consumption,-30.0
2025-02-08,M12,OnHandSnapshot,201.16
2025-02-09,M12,Receipt,517.72
2025-02-09,M12,Consumption,-15.0
2025-02-09,M12,OnHandSnapshot,703.88
2025-02-10,M12,OnHandSnapshot,703.88
2025-02-11,M12,Consumption,-23.0
2025-02-11,M12,OnHandSnapshot,680.88
2025-02-12,M12,Consumption,-30.0
2025-02-12,M12,OnHandSnapshot,650.88
2025-02-13,M12,Consumption,-23.0
2025-02-13,M12,OnHandSnapshot,627.88
2025-02-14,M12,OnHandSnapshot,627.88
2025-02-15,M12,OnHandSnapshot,627.88
2025-02-16,M12,Consumption,-23.0
2025-02-16,M12,OnHandSnapshot,604.88
2025-02-17,M12,Consumption,-27.0
2025-02-17,M12,OnHandSnapshot,577.88
2025-02-18,M12,Consumption,-17.0
2025-02-18,M12,OnHandSnapshot,560.88
2025-02-19,M12,Consumption,-36.0
2025-02-19,M12,OnHandSnapshot,524.88
2025-02-20,M12,OnHandSnapshot,524.88
2025-02-21,M12,OnHandSnapshot,524.88
2025-02-22,M12,OnHandSnapshot,524.88
2025-02-23,M12,OnHandSnapshot,524.88
2025-02-24,M12,Consumption,-23.0
2025-02-24,M12,OnHandSnapshot,501.88
2025-02-25,M12,OnHandSnapshot,501.88
2025-02-26,M12,Consumption,-21.0
2025-02-26,M12,OnHandSnapshot,480.88
2025-02-27,M12,Consumption,-19.0
2025-02-27,M12,OnHandSnapshot,461.88
2025-02-28,M12,Consumption,-15.0
2025-02-28,M12,OnHandSnapshot,446.88
2025-03-01,M12,OnHandSnapshot,446.88
2025-03-02,M12,OnHandSnapshot,446.88
2025-03-03,M12,OnHandSnapshot,446.88
2025-03-04,M12,Consumption,-30.0
2025-03-04,M12,OnHandSnapshot,416.88
2025-03-05,M12,Consumption,-24.0
2025-03-05,M12,OnHandSnapshot,392.88
2025-03-06,M12,Consumption,-12.0
2025-03-06,M12,OnHandSnapshot,380.88
2025-03-07,M12,OnHandSnapshot,380.88
2025-03-08,M12,OnHandSnapshot,380.88
2025-03-09,M12,OnHandSnapshot,380.88
2025-03-10,M12,Consumption,-30.0
2025-03-10,M12,OnHandSnapshot,350.88
2025-03-11,M12,OnHandSnapshot,350.88
2025-03-12,M12,Consumption,-23.0
2025-03-12,M12,OnHandSnapshot,327.88
2025-03-13,M12,Consumption,-19.0
2025-03-13,M12,OnHandSnapshot,308.88
2025-03-14,M12,Consumption,-23.0
2025-03-14,M12,OnHandSnapshot,285.88
2025-03-15,M12,Consumption,-53.0
2025-03-15,M12,OnHandSnapshot,232.88
2025-03-16,M12,OnHandSnapshot,232.88
2025-03-17,M12,Receipt,517.72
2025-03-17,M12,Consumption,-30.0
2025-03-17,M12,OnHandSnapshot,720.6
2025-03-18,M12,Consumption,-41.0
2025-03-18,M12,OnHandSnapshot,679.6
2025-03-19,M12,OnHandSnapshot,679.6
2025-03-20,M12,Consumption,-13.0
2025-03-20,M12,OnHandSnapshot,666.6
2025-03-21,M12,OnHandSnapshot,666.6
2025-03-22,M12,Consumption,-58.0
2025-03-22,M12,OnHandSnapshot,608.6
2025-03-23,M12,Consumption,-30.0
2025-03-23,M12,OnHandSnapshot,578.6
2025-03-24,M12,Consumption,-26.0
2025-03-24,M12,OnHandSnapshot,552.6
2025-03-25,M12,OnHandSnapshot,552.6
2025-03-26,M12,Consumption,-37.0
2025-03-26,M12,OnHandSnapshot,515.6
2025-03-27,M12,Consumption,-43.0
2025-03-27,M12,OnHandSnapshot,472.6
2025-03-28,M12,Consumption,-27.0
2025-03-28,M12,OnHandSnapshot,445.6
2025-03-29,M12,OnHandSnapshot,445.6
2025-03-30,M12,OnHandSnapshot,445.6
2025-03-31,M12,Consumption,-29.0
2025-03-31,M12,OnHandSnapshot,416.6
2025-04-01,M12,Consumption,-38.0
2025-04-01,M12,OnHandSnapshot,378.6
2025-04-02,M12,Consumption,-15.0
2025-04-02,M12,OnHandSnapshot,363.6
2025-04-03,M12,Consumption,-61.0
2025-04-03,M12,OnHandSnapshot,302.6
2025-04-04,M12,Consumption,-23.0
2025-04-04,M12,OnHandSnapshot,279.6
2025-04-05,M12,Consumption,-53.0
2025-04-05,M12,OnHandSnapshot,226.6
2025-04-06,M12,OnHandSnapshot,226.6
2025-04-07,M12,Consumption,-56.0
2025-04-07,M12,OnHandSnapshot,170.6
2025-04-08,M12,Consumption,-21.0
2025-04-08,M12,OnHandSnapshot,149.6
2025-04-09,M12,Consumption,-50.0
2025-04-09,M12,OnHandSnapshot,99.6
2025-04-10,M12,Receipt,517.72
2025-04-10,M12,OnHandSnapshot,617.33
2025-04-11,M12,Consumption,-10.0
2025-04-11,M12,OnHandSnapshot,607.33
2025-04-12,M12,OnHandSnapshot,607.33
2025-04-13,M12,Consumption,-24.0
2025-04-13,M12,OnHandSnapshot,583.33
2025-04-14,M12,Consumption,-20.0
2025-04-14,M12,OnHandSnapshot,563.33
2025-04-15,M12,OnHandSnapshot,563.33
2025-04-16,M12,Consumption,-56.0
2025-04-16,M12,OnHandSnapshot,507.33
2025-04-17,M12,OnHandSnapshot,507.33
2025-04-18,M12,Consumption,-36.0
2025-04-18,M12,OnHandSnapshot,471.33
2025-04-19,M12,OnHandSnapshot,471.33
2025-04-20,M12,OnHandSnapshot,471.33
2025-04-21,M12,Consumption,-55.0
2025-04-21,M12,OnHandSnapshot,416.33
2025-04-22,M12,OnHandSnapshot,416.33
2025-04-23,M12,OnHandSnapshot,416.33
2025-04-24,M12,Consumption,-27.0
2025-04-24,M12,OnHandSnapshot,389.33
2025-04-25,M12,OnHandSnapshot,389.33
2025-04-26,M12,Consumption,-26.0
2025-04-26,M12,OnHandSnapshot,363.33
2025-04-27,M12,Consumption,-90.0
2025-04-27,M12,OnHandSnapshot,273.33
2025-04-28,M12,OnHandSnapshot,273.33
2025-04-29,M12,OnHandSnapshot,273.33
2025-04-30,M12,Consumption,-31.0
2025-04-30,M12,OnHandSnapshot,242.33
2025-05-01,M12,Consumption,-15.0
2025-05-01,M12,OnHandSnapshot,227.33
2025-05-02,M12,Consumption,-41.0
2025-05-02,M12,OnHandSnapshot,186.33
2025-05-03,M12,Receipt,517.72
2025-05-03,M12,Consumption,-22.0
2025-05-03,M12,OnHandSnapshot,682.05
2025-05-04,M12,OnHandSnapshot,682.05
2025-05-05,M12,Consumption,-113.0
2025-05-05,M12,OnHandSnapshot,569.05
2025-05-06,M12,Consumption,-19.0
2025-05-06,M12,OnHandSnapshot,550.05
2025-05-07,M12,Consumption,-30.0
2025-05-07,M12,OnHandSnapshot,520.05
2025-05-08,M12,Consumption,-35.0
2025-05-08,M12,OnHandSnapshot,485.05
2025-05-09,M12,OnHandSnapshot,485.05
2025-05-10,M12,Consumption,-49.0
2025-05-10,M12,OnHandSnapshot,436.05
2025-05-11,M12,Consumption,-15.0
2025-05-11,M12,OnHandSnapshot,421.05
2025-05-12,M12,Consumption,-55.0
2025-05-12,M12,OnHandSnapshot,366.05
2025-05-13,M12,Consumption,-18.0
2025-05-13,M12,OnHandSnapshot,348.05
2025-05-14,M12,Consumption,-31.0
2025-05-14,M12,OnHandSnapshot,317.05
2025-05-15,M12,Consumption,-31.0
2025-05-15,M12,OnHandSnapshot,286.05
2025-05-16,M12,Consumption,-24.0
2025-05-16,M12,OnHandSnapshot,262.05
2025-05-17,M12,OnHandSnapshot,262.05
2025-05-18,M12,OnHandSnapshot,262.05
2025-05-19,M12,Consumption,-13.0
2025-05-19,M12,OnHandSnapshot,249.05
2025-05-20,M12,Receipt,517.72
2025-05-20,M12,Consumption,-11.0
2025-05-20,M12,OnHandSnapshot,755.77
2025-05-21,M12,OnHandSnapshot,755.77
2025-05-22,M12,Consumption,-30.0
2025-05-22,M12,OnHandSnapshot,725.77
2025-05-23,M12,OnHandSnapshot,725.77
2025-05-24,M12,Consumption,-38.0
2025-05-24,M12,OnHandSnapshot,687.77
2025-05-25,M12,OnHandSnapshot,687.77
2025-05-26,M12,OnHandSnapshot,687.77
2025-05-27,M12,OnHandSnapshot,687.77
2025-05-28,M12,Consumption,-13.0
2025-05-28,M12,OnHandSnapshot,674.77
2025-05-29,M12,Consumption,-34.0
2025-05-29,M12,OnHandSnapshot,640.77
2025-05-30,M12,Consumption,-23.0
2025-05-30,M12,OnHandSnapshot,617.77
2025-05-31,M12,Consumption,-55.0
2025-05-31,M12,OnHandSnapshot,562.77
2025-06-01,M12,Consumption,-27.0
2025-06-01,M12,OnHandSnapshot,535.77
2025-06-02,M12,Consumption,-12.0
2025-06-02,M12,OnHandSnapshot,523.77
2025-06-03,M12,Consumption,-43.0
2025-06-03,M12,OnHandSnapshot,480.77
2025-06-04,M12,OnHandSnapshot,480.77
2025-06-05,M12,OnHandSnapshot,480.77
2025-06-06,M12,Consumption,-15.0
2025-06-06,M12,OnHandSnapshot,465.77
2025-06-07,M12,Consumption,-44.0
2025-06-07,M12,OnHandSnapshot,421.77
2025-06-08,M12,Consumption,-30.0
2025-06-08,M12,OnHandSnapshot,391.77
2025-06-09,M12,Consumption,-56.0
2025-06-09,M12,OnHandSnapshot,335.77
2025-06-10,M12,OnHandSnapshot,335.77
2025-06-11,M12,Consumption,-24.0
2025-06-11,M12,OnHandSnapshot,311.77
2025-06-12,M12,OnHandSnapshot,311.77
2025-06-13,M12,OnHandSnapshot,311.77
2025-06-14,M12,Receipt,517.72
2025-06-14,M12,Consumption,-35.0
2025-06-14,M12,OnHandSnapshot,794.5
2025-06-15,M12,Consumption,-29.0
2025-06-15,M12,OnHandSnapshot,765.5
2025-06-16,M12,Consumption,-35.0
2025-06-16,M12,OnHandSnapshot,730.5
2025-06-17,M12,Consumption,-36.0
2025-06-17,M12,OnHandSnapshot,694.5
2025-06-18,M12,Consumption,-15.0
2025-06-18,M12,OnHandSnapshot,679.5
2025-06-19,M12,OnHandSnapshot,679.5
2025-06-20,M12,Consumption,-68.0
2025-06-20,M12,OnHandSnapshot,611.5
2025-06-21,M12,Consumption,-36.0
2025-06-21,M12,OnHandSnapshot,575.5
2025-06-22,M12,OnHandSnapshot,575.5
2025-06-23,M12,OnHandSnapshot,575.5
2025-06-24,M12,Consumption,-73.0
2025-06-24,M12,OnHandSnapshot,502.5
2025-06-25,M12,OnHandSnapshot,502.5
2025-06-26,M12,OnHandSnapshot,502.5
2025-06-27,M12,Consumption,-24.0
2025-06-27,M12,OnHandSnapshot,478.5
2025-06-28,M12,OnHandSnapshot,478.5
2025-06-29,M12,Consumption,-44.0
2025-06-29,M12,OnHandSnapshot,434.5
2025-06-30,M12,OnHandSnapshot,434.5
2025-07-01,M12,Consumption,-36.0
2025-07-01,M12,OnHandSnapshot,398.5
2025-07-02,M12,Consumption,-30.0
2025-07-02,M12,OnHandSnapshot,368.5
2025-07-03,M12,Consumption,-42.0
2025-07-03,M12,OnHandSnapshot,326.5
2025-07-04,M12,OnHandSnapshot,326.5
2025-07-05,M12,Consumption,-8.0
2025-07-05,M12,OnHandSnapshot,318.5
2025-07-06,M12,OnHandSnapshot,318.5
2025-07-07,M12,Consumption,-30.0
2025-07-07,M12,OnHandSnapshot,288.5
2025-07-08,M12,Consumption,-39.0
2025-07-08,M12,OnHandSnapshot,249.5
2025-07-09,M12,Receipt,517.72
2025-07-09,M12,Consumption,-28.0
2025-07-09,M12,OnHandSnapshot,739.22
2025-07-10,M12,OnHandSnapshot,739.22
2025-07-11,M12,Consumption,-16.0
2025-07-11,M12,OnHandSnapshot,723.22
2025-07-12,M12,Consumption,-34.0
2025-07-12,M12,OnHandSnapshot,689.22
2025-07-13,M12,Consumption,-39.0
2025-07-13,M12,OnHandSnapshot,650.22
2025-07-14,M12,Consumption,-30.0
2025-07-14,M12,OnHandSnapshot,620.22
2025-07-15,M12,Consumption,-20.0
2025-07-15,M12,OnHandSnapshot,600.22
2025-07-16,M12,OnHandSnapshot,600.22
2025-07-17,M12,Consumption,-15.0
2025-07-17,M12,OnHandSnapshot,585.22
2025-07-18,M12,OnHandSnapshot,585.22
2025-07-19,M12,Consumption,-71.0
2025-07-19,M12,OnHandSnapshot,514.22
2025-07-20,M12,Consumption,-58.0
2025-07-20,M12,OnHandSnapshot,456.22
2025-07-21,M12,OnHandSnapshot,456.22
2025-07-22,M12,OnHandSnapshot,456.22
2025-07-23,M12,Consumption,-37.0
2025-07-23,M12,OnHandSnapshot,419.22
2025-07-24,M12,Consumption,-13.0
2025-07-24,M12,OnHandSnapshot,406.22
2025-07-25,M12,OnHandSnapshot,406.22
2025-07-26,M12,Consumption,-48.0
2025-07-26,M12,OnHandSnapshot,358.22
2025-07-27,M12,Consumption,-58.0
2025-07-27,M12,OnHandSnapshot,300.22
2025-07-28,M12,Consumption,-31.0
2025-07-28,M12,OnHandSnapshot,269.22
2025-07-29,M12,Consumption,-9.0
2025-07-29,M12,OnHandSnapshot,260.22
2025-07-30,M12,OnHandSnapshot,260.22
2025-07-31,M12,Consumption,-24.0
2025-07-31,M12,OnHandSnapshot,236.22
2025-08-01,M12,Consumption,-23.0
2025-08-01,M12,OnHandSnapshot,213.22
2025-08-02,M12,OnHandSnapshot,213.22
2025-08-03,M12,Receipt,517.72
2025-08-03,M12,Consumption,-27.0
2025-08-03,M12,OnHandSnapshot,703.95
2025-08-04,M12,Consumption,-23.0
2025-08-04,M12,OnHandSnapshot,680.95
2025-08-05,M12,OnHandSnapshot,680.95
2025-08-06,M12,Consumption,-51.0
2025-08-06,M12,OnHandSnapshot,629.95
2025-08-07,M12,Consumption,-8.0
2025-08-07,M12,OnHandSnapshot,621.95
2025-08-08,M12,OnHandSnapshot,621.95
2025-08-09,M12,Consumption,-88.0
2025-08-09,M12,OnHandSnapshot,533.95
2025-08-10,M12,Consumption,-15.0
2025-08-10,M12,OnHandSnapshot,518.95
2025-08-11,M12,OnHandSnapshot,518.95
2025-08-12,M12,Consumption,-18.0
2025-08-12,M12,OnHandSnapshot,500.95
2025-08-13,M12,Consumption,-40.0
2025-08-13,M12,OnHandSnapshot,460.95
2025-08-14,M12,Consumption,-57.0
2025-08-14,M12,OnHandSnapshot,403.95
2025-08-15,M12,Consumption,-15.0
2025-08-15,M12,OnHandSnapshot,388.95
2025-08-16,M12,Consumption,-27.0
2025-08-16,M12,OnHandSnapshot,361.95
2025-08-17,M12,OnHandSnapshot,361.95
2025-08-18,M12,Consumption,-13.0
2025-08-18,M12,OnHandSnapshot,348.95
2025-08-19,M12,OnHandSnapshot,348.95
2025-08-20,M12,Consumption,-23.0
2025-08-20,M12,OnHandSnapshot,325.95
2025-08-21,M12,Consumption,-15.0
2025-08-21,M12,OnHandSnapshot,310.95
2025-08-22,M12,Consumption,-26.0
2025-08-22,M12,OnHandSnapshot,284.95
2025-08-23,M12,Consumption,-33.0
2025-08-23,M12,OnHandSnapshot,251.95
2025-08-24,M12,Consumption,-47.0
2025-08-24,M12,OnHandSnapshot,204.95
2025-08-25,M12,Consumption,-53.0
2025-08-25,M12,OnHandSnapshot,151.95
2025-08-26,M12,Receipt,517.72
2025-08-26,M12,Consumption,-79.0
2025-08-26,M12,OnHandSnapshot,590.67
2025-08-27,M12,OnHandSnapshot,590.67
2025-08-28,M12,OnHandSnapshot,590.67
2025-08-29,M12,Consumption,-4.0
2025-08-29,M12,OnHandSnapshot,586.67
2025-08-30,M12,OnHandSnapshot,586.67
2025-08-31,M12,OnHandSnapshot,586.67
2025-09-01,M12,OnHandSnapshot,586.67
2025-09-02,M12,Consumption,-23.0
2025-09-02,M12,OnHandSnapshot,563.67
2025-09-03,M12,Consumption,-57.0
2025-09-03,M12,OnHandSnapshot,506.67
2025-09-04,M12,OnHandSnapshot,506.67
2025-09-05,M12,OnHandSnapshot,506.67
2025-09-06,M12,OnHandSnapshot,506.67
2025-09-07,M12,Consumption,-25.0
2025-09-07,M12,OnHandSnapshot,481.67
2025-09-08,M12,OnHandSnapshot,481.67
2025-09-09,M12,Consumption,-26.0
2025-09-09,M12,OnHandSnapshot,455.67
2025-09-10,M12,Consumption,-23.0
2025-09-10,M12,OnHandSnapshot,432.67
2025-09-11,M12,OnHandSnapshot,432.67
2025-09-12,M12,Consumption,-42.0
2025-09-12,M12,OnHandSnapshot,390.67
2025-09-13,M12,OnHandSnapshot,390.67
2025-09-14,M12,Consumption,-28.0
2025-09-14,M12,OnHandSnapshot,362.67
2025-09-15,M12,Consumption,-35.0
2025-09-15,M12,OnHandSnapshot,327.67
2025-09-16,M12,Consumption,-23.0
2025-09-16,M12,OnHandSnapshot,304.67
2025-09-17,M12,Consumption,-8.0
2025-09-17,M12,OnHandSnapshot,296.67
2025-09-18,M12,Consumption,-26.0
2025-09-18,M12,OnHandSnapshot,270.67
2025-09-19,M12,Receipt,517.72
2025-09-19,M12,OnHandSnapshot,788.39
2025-09-20,M12,OnHandSnapshot,788.39
2025-09-21,M12,Consumption,-43.0
2025-09-21,M12,OnHandSnapshot,745.39
2025-09-22,M12,OnHandSnapshot,745.39
2025-09-23,M12,Consumption,-53.0
2025-09-23,M12,OnHandSnapshot,692.39
2025-09-24,M12,Consumption,-26.0
2025-09-24,M12,OnHandSnapshot,666.39
2025-09-25,M12,Consumption,-8.0
2025-09-25,M12,OnHandSnapshot,658.39
2025-09-26,M12,OnHandSnapshot,658.39
2025-09-27,M12,Consumption,-46.0
2025-09-27,M12,OnHandSnapshot,612.39
2025-09-28,M12,Consumption,-27.0
2025-09-28,M12,OnHandSnapshot,585.39
2025-09-29,M12,Consumption,-59.0
2025-09-29,M12,OnHandSnapshot,526.39
2025-09-30,M12,Consumption,-42.0
2025-09-30,M12,OnHandSnapshot,484.39
2025-10-01,M12,Consumption,-39.0
2025-10-01,M12,OnHandSnapshot,445.39
2025-10-02,M12,Consumption,-3.0
2025-10-02,M12,OnHandSnapshot,442.39
2025-10-03,M12,Consumption,-23.0
2025-10-03,M12,OnHandSnapshot,419.39
2025-10-04,M12,Consumption,-44.0
2025-10-04,M12,OnHandSnapshot,375.39
2025-10-05,M12,Consumption,-48.0
2025-10-05,M12,OnHandSnapshot,327.39
2025-10-06,M12,OnHandSnapshot,327.39
2025-10-07,M12,OnHandSnapshot,327.39
2025-10-08,M12,Consumption,-33.0
2025-10-08,M12,OnHandSnapshot,294.39
2025-10-09,M12,OnHandSnapshot,294.39
2025-10-10,M12,Consumption,-7.0
2025-10-10,M12,OnHandSnapshot,287.39
2025-10-11,M12,Consumption,-16.0
2025-10-11,M12,OnHandSnapshot,271.39
2025-10-12,M12,Receipt,517.72
2025-10-12,M12,OnHandSnapshot,789.12
2025-10-13,M12,Consumption,-35.0
2025-10-13,M12,OnHandSnapshot,754.12
2025-10-14,M12,OnHandSnapshot,754.12
2025-10-15,M12,OnHandSnapshot,754.12
2025-10-16,M12,Consumption,-19.0
2025-10-16,M12,OnHandSnapshot,735.12
2025-10-17,M12,Consumption,-24.0
2025-10-17,M12,OnHandSnapshot,711.12
2025-10-18,M12,Consumption,-61.0
2025-10-18,M12,OnHandSnapshot,650.12
2025-10-19,M12,Consumption,-20.0
2025-10-19,M12,OnHandSnapshot,630.12
2025-10-20,M12,Consumption,-58.0
2025-10-20,M12,OnHandSnapshot,572.12
2025-10-21,M12,Consumption,-15.0
2025-10-21,M12,OnHandSnapshot,557.12
2025-10-22,M12,Consumption,-29.0
2025-10-22,M12,OnHandSnapshot,528.12
2025-10-23,M12,Consumption,-46.0
2025-10-23,M12,OnHandSnapshot,482.12
2025-10-24,M12,Consumption,-29.0
2025-10-24,M12,OnHandSnapshot,453.12
2025-10-25,M12,OnHandSnapshot,453.12
2025-10-26,M12,OnHandSnapshot,453.12
2025-10-27,M12,Consumption,-15.0
2025-10-27,M12,OnHandSnapshot,438.12
2025-10-28,M12,OnHandSnapshot,438.12
2025-10-29,M12,Consumption,-88.0
2025-10-29,M12,OnHandSnapshot,350.12
2025-10-30,M12,Consumption,-30.0
2025-10-30,M12,OnHandSnapshot,320.12
2025-10-31,M12,OnHandSnapshot,320.12
2025-11-01,M12,Consumption,-75.0
2025-11-01,M12,OnHandSnapshot,245.12
2025-11-02,M12,Consumption,-39.0
2025-11-02,M12,OnHandSnapshot,206.12
2025-11-03,M12,Receipt,517.72
2025-11-03,M12,Consumption,-12.0
2025-11-03,M12,OnHandSnapshot,711.84
2025-11-04,M12,OnHandSnapshot,711.84
2025-11-05,M12,Consumption,-12.0
2025-11-05,M12,OnHandSnapshot,699.84
2025-11-06,M12,Consumption,-51.0
2025-11-06,M12,OnHandSnapshot,648.84
2025-11-07,M12,OnHandSnapshot,648.84
2025-11-08,M12,Consumption,-49.0
2025-11-08,M12,OnHandSnapshot,599.84
2025-11-09,M12,Consumption,-59.0
2025-11-09,M12,OnHandSnapshot,540.84
2025-11-10,M12,Consumption,-31.0
2025-11-10,M12,OnHandSnapshot,509.84
2025-11-11,M12,Consumption,-31.0
2025-11-11,M12,OnHandSnapshot,478.84
2025-11-12,M12,Consumption,-27.0
2025-11-12,M12,OnHandSnapshot,451.84
2025-11-13,M12,Consumption,-44.0
2025-11-13,M12,OnHandSnapshot,407.84
2025-11-14,M12,OnHandSnapshot,407.84
2025-11-15,M12,OnHandSnapshot,407.84
2025-11-16,M12,Consumption,-43.0
2025-11-16,M12,OnHandSnapshot,364.84
2025-11-17,M12,OnHandSnapshot,364.84
2025-11-18,M12,Consumption,-24.0
2025-11-18,M12,OnHandSnapshot,340.84
2025-11-19,M12,Consumption,-42.0
2025-11-19,M12,OnHandSnapshot,298.84
2025-11-20,M12,OnHandSnapshot,298.84
2025-11-21,M12,Consumption,-34.0
2025-11-21,M12,OnHandSnapshot,264.84
2025-11-22,M12,Consumption,-97.0
2025-11-22,M12,OnHandSnapshot,167.84
2025-11-23,M12,Consumption,-37.0
2025-11-23,M12,OnHandSnapshot,130.84
2025-11-24,M12,Receipt,517.72
2025-11-24,M12,OnHandSnapshot,648.56
2025-11-25,M12,Consumption,-15.0
2025-11-25,M12,OnHandSnapshot,633.56
2025-11-26,M12,Consumption,-18.0
2025-11-26,M12,OnHandSnapshot,615.56
2025-11-27,M12,Consumption,-60.0
2025-11-27,M12,OnHandSnapshot,555.56
2025-11-28,M12,Consumption,-44.0
2025-11-28,M12,OnHandSnapshot,511.56
2025-11-29,M12,Consumption,-48.0
2025-11-29,M12,OnHandSnapshot,463.56
2025-11-30,M12,OnHandSnapshot,463.56
2025-12-01,M12,Consumption,-16.0
2025-12-01,M12,OnHandSnapshot,447.56
2025-12-02,M12,OnHandSnapshot,447.56
2025-12-03,M12,Consumption,-45.0
2025-12-03,M12,OnHandSnapshot,402.56
2025-12-04,M12,Consumption,-15.0
2025-12-04,M12,OnHandSnapshot,387.56
2025-12-05,M12,OnHandSnapshot,387.56
2025-12-06,M12,Consumption,-47.0
2025-12-06,M12,OnHandSnapshot,340.56
2025-12-07,M12,Consumption,-39.0
2025-12-07,M12,OnHandSnapshot,301.56
2025-12-08,M12,Consumption,-68.0
2025-12-08,M12,OnHandSnapshot,233.56
2025-12-09,M12,Consumption,-22.0
2025-12-09,M12,OnHandSnapshot,211.56
2025-12-10,M12,OnHandSnapshot,211.56
2025-12-11,M12,OnHandSnapshot,211.56
2025-12-12,M12,Receipt,517.72
2025-12-12,M12,OnHandSnapshot,729.29
2025-12-13,M12,Consumption,-38.0
2025-12-13,M12,OnHandSnapshot,691.29
2025-12-14,M12,Consumption,-6.0
2025-12-14,M12,OnHandSnapshot,685.29
2025-12-15,M12,OnHandSnapshot,685.29
2025-12-16,M12,Consumption,-42.0
2025-12-16,M12,OnHandSnapshot,643.29
2025-12-17,M12,Consumption,-48.0
2025-12-17,M12,OnHandSnapshot,595.29
2025-12-18,M12,Consumption,-83.0
2025-12-18,M12,OnHandSnapshot,512.29
2025-12-19,M12,Consumption,-10.0
2025-12-19,M12,OnHandSnapshot,502.29
2025-12-20,M12,Consumption,-55.0
2025-12-20,M12,OnHandSnapshot,447.29
2025-12-21,M12,Consumption,-106.0
2025-12-21,M12,OnHandSnapshot,341.29
2025-12-22,M12,Consumption,-51.0
2025-12-22,M12,OnHandSnapshot,290.29
2025-12-23,M12,Consumption,-34.0
2025-12-23,M12,OnHandSnapshot,256.29
2025-12-24,M12,Consumption,-5.0
2025-12-24,M12,OnHandSnapshot,251.29
2025-12-25,M12,Consumption,-61.0
2025-12-25,M12,OnHandSnapshot,190.29
2025-12-26,M12,Consumption,-15.0
2025-12-26,M12,OnHandSnapshot,175.29
2025-12-27,M12,Consumption,-44.0
2025-12-27,M12,OnHandSnapshot,131.29
2025-12-28,M12,Receipt,517.72
2025-12-28,M12,OnHandSnapshot,649.01
2025-12-29,M12,Consumption,-15.0
2025-12-29,M12,OnHandSnapshot,634.01
2025-12-30,M12,Consumption,-30.0
2025-12-30,M12,OnHandSnapshot,604.01
2025-12-31,M12,OnHandSnapshot,604.01
