opportunity_id,account_id,lead_id,owner,product_id,estimated_quantity,created_date,estimated_close_date,stage,probability_pct,status,actual_close_date,actual_value_irr,lose_reason,estimated_value_irr
OPP00001,ACC0016,LEAD00005,E0009,P016,51,2025-05-17,2025-06-09,4-Close,1.0,Won,2025-05-30,475930238.0,,514957203
OPP00002,ACC0018,LEAD00006,E0085,P006,49,2024-11-03,2024-11-30,4-Close,1.0,Won,2024-11-29,74567282.0,,75065453
OPP00003,ACC0005,LEAD00009,E0014,P010,11,2025-02-05,2025-02-23,4-Close,1.0,Won,2025-03-06,35350498.0,,34986182
OPP00004,ACC0029,LEAD00013,E0148,P001,19,2024-01-18,2024-05-24,4-Close,0.0,Lost,2024-05-23,,No Budget,80818305
OPP00005,ACC0031,LEAD00016,E0028,P016,38,2024-09-15,2025-01-03,4-Close,1.0,Won,2025-01-18,399000565.0,,418860097
OPP00006,ACC0012,LEAD00017,E0052,P005,30,2024-10-26,2025-02-11,4-Close,0.0,Lost,2025-02-20,,No Budget,277907766
OPP00007,ACC0064,LEAD00019,E0059,P007,36,2025-06-26,2025-10-02,4-Close,0.0,Lost,2025-10-15,,No Budget,75392654
OPP00008,ACC0025,LEAD00029,E0032,P017,81,2025-03-26,2025-06-18,4-Close,1.0,Won,2025-06-27,863547232.0,,915366240
OPP00009,ACC0003,LEAD00031,E0014,P008,25,2024-11-05,2024-12-04,4-Close,1.0,Won,2024-11-26,56448259.0,,56537320
OPP00010,ACC0009,LEAD00032,E0009,P017,64,2024-01-21,2024-02-27,4-Close,1.0,Won,2024-02-17,675159857.0,,702495169
OPP00011,ACC0047,LEAD00034,E0014,P010,34,2025-08-14,2025-09-15,4-Close,1.0,Won,2025-09-24,101355638.0,,100940341
OPP00012,ACC0051,LEAD00035,E0148,P001,20,2024-03-27,2024-08-17,4-Close,0.0,Lost,2024-08-26,,Went With In-house Supply,82616763
OPP00013,ACC0008,LEAD00036,E0122,P012,13,2025-11-06,2026-01-01,4-Close,0.94,Open,,,,41263606
OPP00014,ACC0060,LEAD00039,E0057,P013,53,2025-09-29,2026-03-27,3-Propose,0.71,Open,,,,501218393
OPP00015,ACC0001,LEAD00040,E0173,P008,15,2024-06-13,2024-07-30,4-Close,1.0,Won,2024-08-10,36493850.0,,35033164
OPP00016,ACC0058,LEAD00041,E0057,P012,51,2025-12-17,2026-01-17,2-Develop,0.36,Open,,,,155821744
OPP00017,ACC0021,LEAD00042,E0059,P014,8,2024-05-15,2024-06-20,4-Close,0.0,Lost,2024-06-28,,No Budget,107137206
OPP00018,ACC0070,LEAD00044,E0100,P001,30,2025-09-28,2025-11-07,4-Close,1.0,Won,2025-11-10,114463082.0,,121769659
OPP00019,ACC0055,LEAD00047,E0028,P010,156,2025-06-03,2025-11-17,4-Close,0.0,Lost,2025-11-29,,Price,471893465
OPP00020,ACC0033,LEAD00055,E0163,P012,36,2025-12-19,2026-01-12,3-Propose,0.6,Open,,,,110233286
OPP00021,ACC0004,LEAD00056,E0018,P013,43,2024-08-01,2024-09-04,4-Close,0.0,Lost,2024-09-14,,Price,407366759
OPP00022,ACC0019,LEAD00057,E0014,P011,71,2025-06-24,2025-07-30,4-Close,1.0,Won,2025-08-06,695472539.0,,696262335
OPP00023,ACC0064,LEAD00058,E0052,P004,70,2025-06-03,2025-09-19,4-Close,1.0,Won,2025-09-29,538710984.0,,553026422
OPP00024,ACC0022,LEAD00059,E0057,P005,23,2024-09-04,2024-10-05,4-Close,0.0,Lost,2024-09-27,,Price,213919047
OPP00025,ACC0019,LEAD00060,E0089,P007,7,2025-08-01,2025-09-09,4-Close,1.0,Won,2025-09-17,13374401.0,,13810773
OPP00026,ACC0051,LEAD00061,E0122,P007,134,2025-05-13,2025-09-09,4-Close,1.0,Won,2025-09-12,269087626.0,,261906005
OPP00027,ACC0070,LEAD00062,E0052,P015,61,2024-08-17,2024-09-10,4-Close,1.0,Won,2024-09-12,1086117913.0,,1068733533
OPP00028,ACC0011,LEAD00063,E0122,P006,29,2024-09-20,2025-02-23,4-Close,0.0,Lost,2025-02-24,,Lost to Competitor,45034034
OPP00029,ACC0040,LEAD00064,E0163,P011,12,2024-04-30,2024-05-30,4-Close,1.0,Won,2024-05-25,104532103.0,,113616527
OPP00030,ACC0054,LEAD00065,E0119,P003,2,2024-11-02,2025-02-19,4-Close,0.0,Lost,2025-03-02,,Went With In-house Supply,11560858
OPP00031,ACC0019,LEAD00070,E0009,P012,7,2024-08-03,2024-09-03,4-Close,1.0,Won,2024-09-09,22558119.0,,23342962
OPP00032,ACC0056,LEAD00072,E0119,P006,18,2024-06-06,2024-07-03,4-Close,0.0,Lost,2024-06-30,,Price,26037359
OPP00033,ACC0010,LEAD00078,E0161,P007,20,2025-01-24,2025-03-04,4-Close,0.0,Lost,2025-03-04,,Price,40113751
OPP00034,ACC0030,LEAD00080,E0028,P007,47,2024-04-11,2024-05-21,4-Close,0.0,Lost,2024-05-23,,Lost to Competitor,95130611
OPP00035,ACC0066,LEAD00086,E0014,P012,19,2025-08-07,2025-09-13,4-Close,1.0,Won,2025-09-15,60877817.0,,64907948
OPP00036,ACC0018,LEAD00087,E0018,P004,53,2024-02-21,2024-03-12,4-Close,1.0,Won,2024-03-18,393129882.0,,390648459
OPP00037,ACC0032,LEAD00089,E0085,P005,7,2024-07-26,2024-08-22,4-Close,1.0,Won,2024-08-23,57862625.0,,61659752
OPP00038,ACC0020,LEAD00090,E0052,P002,99,2024-06-22,2024-07-31,4-Close,0.0,Lost,2024-08-04,,Timing / Postponed,490301540
OPP00039,ACC0042,LEAD00094,E0089,P002,179,2025-10-22,2025-11-30,4-Close,1.0,Won,2025-11-29,865481900.0,,907961476
OPP00040,ACC0013,LEAD00097,E0014,P004,17,2024-12-19,2025-01-26,4-Close,0.0,Lost,2025-01-28,,Lost to Competitor,120467776
OPP00041,ACC0051,LEAD00098,E0089,P006,64,2025-07-04,2025-09-26,4-Close,0.0,Lost,2025-09-24,,Price,96875266
OPP00042,ACC0037,LEAD00102,E0173,P002,14,2025-06-21,2025-07-21,4-Close,0.0,Lost,2025-07-21,,Went With In-house Supply,74947376
OPP00043,ACC0064,LEAD00109,E0028,P010,8,2025-08-18,2025-10-08,4-Close,1.0,Won,2025-10-08,22986281.0,,25127801
OPP00044,ACC0020,LEAD00110,E0009,P003,38,2024-10-11,2024-11-17,4-Close,0.0,Lost,2024-12-01,,Lost to Competitor,237462428
OPP00045,ACC0030,LEAD00111,E0028,P014,8,2025-10-15,2025-12-12,4-Close,0.0,Lost,2025-12-14,,Lost to Competitor,108330110
OPP00046,ACC0011,LEAD00113,E0032,P009,27,2024-07-08,2024-09-06,4-Close,0.0,Lost,2024-09-11,,Went With In-house Supply,46218285
OPP00047,ACC0037,LEAD00118,E0057,P015,8,2024-06-19,2024-07-09,4-Close,1.0,Won,2024-07-11,144239319.0,,154917622
OPP00048,ACC0056,LEAD00121,E0014,P008,37,2024-06-25,2024-07-16,4-Close,0.0,Lost,2024-07-14,,Lost to Competitor,85449610
OPP00049,ACC0043,LEAD00124,E0099,P013,142,2025-07-05,2025-09-01,4-Close,0.0,Lost,2025-09-07,,Lost to Competitor,1277052488
OPP00050,ACC0043,LEAD00126,E0032,P014,4,2024-12-02,2025-01-04,4-Close,1.0,Won,2025-01-03,48915924.0,,49370848
OPP00051,ACC0052,LEAD00128,E0014,P014,110,2025-06-14,2025-10-21,4-Close,1.0,Won,2025-10-17,1439737807.0,,1398536313
OPP00052,ACC0045,LEAD00129,E0057,P006,8,2024-05-16,2024-09-18,4-Close,0.0,Lost,2024-10-01,,Went With In-house Supply,12648646
OPP00053,ACC0002,LEAD00131,E0052,P011,31,2024-04-30,2024-05-26,4-Close,0.0,Lost,2024-05-29,,Went With In-house Supply,302137359
OPP00054,ACC0007,LEAD00134,E0018,P012,8,2025-07-25,2025-12-01,4-Close,0.0,Lost,2025-12-03,,Went With In-house Supply,27349225
OPP00055,ACC0024,LEAD00135,E0032,P003,41,2024-05-09,2024-07-26,4-Close,0.0,Lost,2024-07-24,,Lost to Competitor,251800058
OPP00056,ACC0048,LEAD00136,E0126,P005,9,2024-12-27,2025-01-17,4-Close,1.0,Won,2025-01-11,80796315.0,,80285379
OPP00057,ACC0060,LEAD00138,E0018,P010,54,2024-11-07,2025-03-04,4-Close,0.0,Lost,2025-03-04,,Timing / Postponed,165559150
OPP00058,ACC0006,LEAD00139,E0018,P005,4,2025-10-28,2025-11-26,4-Close,0.0,Lost,2025-12-08,,Price,36100943
OPP00059,ACC0010,LEAD00142,E0119,P014,45,2024-04-17,2024-05-23,4-Close,0.0,Lost,2024-05-20,,Price,577378689
OPP00060,ACC0037,LEAD00143,E0173,P011,48,2024-11-06,2024-12-01,4-Close,0.0,Lost,2024-12-10,,Price,472203508
OPP00061,ACC0004,LEAD00144,E0163,P017,25,2024-09-11,2024-10-08,4-Close,1.0,Won,2024-10-07,288573995.0,,301644375
OPP00062,ACC0038,LEAD00151,E0032,P007,12,2024-07-19,2024-09-05,4-Close,0.0,Lost,2024-09-03,,Price,24166309
OPP00063,ACC0059,LEAD00152,E0009,P002,240,2024-02-25,2024-04-08,4-Close,0.0,Lost,2024-04-22,,Price,1326621501
OPP00064,ACC0040,LEAD00156,E0161,P010,6,2025-07-28,2025-09-04,4-Close,0.0,Lost,2025-09-07,,Went With In-house Supply,19236859
OPP00065,ACC0004,LEAD00161,E0161,P012,23,2024-04-26,2024-05-27,4-Close,1.0,Won,2024-05-24,70390223.0,,73489529
OPP00066,ACC0012,LEAD00165,E0148,P008,8,2024-09-14,2025-01-23,4-Close,1.0,Won,2025-01-14,18838906.0,,17970211
OPP00067,ACC0057,LEAD00168,E0126,P011,51,2025-02-08,2025-05-29,4-Close,0.0,Lost,2025-06-08,,Lost to Competitor,546813336
OPP00068,ACC0054,LEAD00170,E0089,P012,56,2025-12-16,2026-05-31,1-Qualify,0.11,Open,,,,173634369
OPP00069,ACC0051,LEAD00172,E0018,P009,16,2024-06-26,2024-10-05,4-Close,0.0,Lost,2024-10-22,,No Budget,29033667
OPP00070,ACC0023,LEAD00173,E0172,P016,36,2025-08-31,2025-10-06,4-Close,0.0,Lost,2025-10-05,,Lost to Competitor,383376168
OPP00071,ACC0005,LEAD00175,E0173,P006,50,2024-06-07,2024-06-29,4-Close,0.0,Lost,2024-07-04,,Price,69061274
OPP00072,ACC0062,LEAD00178,E0057,P014,17,2024-11-21,2024-12-15,4-Close,1.0,Won,2024-12-18,205055270.0,,205803507
OPP00073,ACC0049,LEAD00182,E0161,P003,58,2025-06-23,2025-07-25,4-Close,1.0,Won,2025-07-20,377867623.0,,370639844
OPP00074,ACC0059,LEAD00187,E0119,P002,126,2025-02-14,2025-03-28,4-Close,0.0,Lost,2025-03-31,,Timing / Postponed,620055350
OPP00075,ACC0066,LEAD00193,E0009,P016,61,2024-09-18,2024-10-18,4-Close,1.0,Won,2024-10-20,595802066.0,,597210567
OPP00076,ACC0066,LEAD00195,E0028,P007,3,2025-05-25,2025-06-16,4-Close,0.0,Lost,2025-06-17,,Price,5853342
OPP00077,ACC0065,LEAD00197,E0052,P015,43,2025-01-23,2025-02-19,4-Close,1.0,Won,2025-02-19,868609088.0,,853224754
OPP00078,ACC0005,LEAD00200,E0173,P017,68,2025-04-16,2025-05-12,4-Close,1.0,Won,2025-05-16,769609499.0,,805923547
OPP00079,ACC0008,LEAD00201,E0173,P016,17,2024-08-01,2024-08-28,4-Close,1.0,Won,2024-08-29,174888549.0,,173236274
OPP00080,ACC0038,LEAD00206,E0009,P011,35,2025-07-14,2025-08-05,4-Close,1.0,Won,2025-08-09,347757718.0,,332900929
OPP00081,ACC0069,LEAD00207,E0163,P001,18,2025-06-23,2025-08-28,4-Close,0.0,Lost,2025-09-09,,Timing / Postponed,78410862
OPP00082,ACC0015,LEAD00208,E0057,P009,21,2025-09-26,2025-11-12,4-Close,0.0,Lost,2025-11-13,,No Budget,33569873
OPP00083,ACC0045,LEAD00210,E0172,P016,72,2024-05-07,2024-07-07,4-Close,0.0,Lost,2024-07-07,,Went With In-house Supply,755011011
OPP00084,ACC0058,LEAD00211,E0014,P017,46,2025-07-05,2025-07-26,4-Close,1.0,Won,2025-08-01,483383130.0,,499390720
OPP00085,ACC0028,LEAD00215,E0100,P001,9,2025-11-03,2026-03-01,2-Develop,0.45,Open,,,,38562278
OPP00086,ACC0049,LEAD00216,E0009,P001,8,2024-06-04,2024-06-22,4-Close,1.0,Won,2024-06-23,33044411.0,,34768886
OPP00087,ACC0070,LEAD00217,E0172,P002,47,2024-04-08,2024-05-08,4-Close,1.0,Won,2024-05-16,253482638.0,,242792261
OPP00088,ACC0028,LEAD00226,E0099,P012,20,2025-04-03,2025-08-26,4-Close,1.0,Won,2025-08-26,64792997.0,,68752722
OPP00089,ACC0058,LEAD00228,E0161,P009,25,2025-09-08,2025-10-04,4-Close,1.0,Won,2025-10-05,43485492.0,,44260490
OPP00090,ACC0001,LEAD00229,E0173,P005,4,2024-02-29,2024-04-02,4-Close,0.0,Lost,2024-04-01,,Went With In-house Supply,35851610
OPP00091,ACC0003,LEAD00234,E0009,P010,66,2025-09-10,2025-10-17,4-Close,0.0,Lost,2025-10-24,,Lost to Competitor,205549592
OPP00092,ACC0070,LEAD00235,E0119,P010,2,2025-12-19,2026-01-19,2-Develop,0.35,Open,,,,5921917
OPP00093,ACC0057,LEAD00241,E0057,P014,26,2025-09-02,2026-01-18,4-Close,0.91,Open,,,,344590857
OPP00094,ACC0021,LEAD00245,E0085,P006,2,2025-05-01,2025-05-28,4-Close,0.0,Lost,2025-05-27,,No Budget,3038815
OPP00095,ACC0045,LEAD00246,E0018,P010,110,2024-06-15,2024-09-01,4-Close,0.0,Lost,2024-09-05,,Timing / Postponed,322363066
OPP00096,ACC0062,LEAD00247,E0099,P004,33,2024-12-17,2025-01-13,4-Close,1.0,Won,2025-01-07,255132911.0,,266320039
OPP00097,ACC0012,LEAD00249,E0018,P014,20,2025-03-04,2025-08-18,4-Close,0.0,Lost,2025-08-23,,Lost to Competitor,248167706
OPP00098,ACC0012,LEAD00250,E0119,P008,20,2024-07-03,2024-10-02,4-Close,0.0,Lost,2024-10-02,,Lost to Competitor,45334010
OPP00099,ACC0012,LEAD00251,E0057,P004,18,2025-06-07,2025-10-31,4-Close,0.0,Lost,2025-11-02,,Lost to Competitor,144462084
OPP00100,ACC0026,LEAD00255,E0163,P005,7,2024-08-13,2024-08-29,4-Close,0.0,Lost,2024-08-29,,Lost to Competitor,65927561
OPP00101,ACC0037,LEAD00262,E0085,P015,17,2024-06-01,2024-07-15,4-Close,0.0,Lost,2024-07-22,,Went With In-house Supply,300002270
OPP00102,ACC0033,LEAD00264,E0052,P005,72,2025-03-05,2025-05-03,4-Close,1.0,Won,2025-05-15,642776342.0,,678129602
OPP00103,ACC0047,LEAD00271,E0032,P017,11,2025-01-26,2025-02-11,4-Close,1.0,Won,2025-02-19,128548265.0,,129811485
OPP00104,ACC0049,LEAD00273,E0161,P002,14,2025-12-30,2026-01-26,1-Qualify,0.08,Open,,,,75549481
OPP00105,ACC0064,LEAD00277,E0096,P001,30,2025-08-19,2025-12-25,4-Close,0.0,Lost,2025-12-19,,Lost to Competitor,136480877
OPP00106,ACC0008,LEAD00279,E0009,P017,58,2025-05-04,2025-06-16,4-Close,1.0,Won,2025-06-16,626805969.0,,669535431
OPP00107,ACC0036,LEAD00280,E0057,P002,192,2024-06-03,2024-07-06,4-Close,1.0,Won,2024-07-06,946888488.0,,962823403
OPP00108,ACC0009,LEAD00281,E0148,P009,5,2025-07-31,2025-08-30,4-Close,0.0,Lost,2025-09-03,,No Budget,8305969
OPP00109,ACC0037,LEAD00285,E0032,P002,242,2025-01-06,2025-02-15,4-Close,0.0,Lost,2025-02-24,,No Budget,1182019189
OPP00110,ACC0018,LEAD00290,E0059,P001,10,2024-07-21,2024-08-17,4-Close,1.0,Won,2024-08-19,39933324.0,,41560975
OPP00111,ACC0045,LEAD00291,E0099,P009,11,2025-04-02,2025-06-06,4-Close,0.0,Lost,2025-06-09,,Timing / Postponed,19613297
OPP00112,ACC0061,LEAD00292,E0028,P015,2,2025-09-24,2025-10-27,4-Close,1.0,Won,2025-10-24,40674156.0,,39403521
OPP00113,ACC0008,LEAD00294,E0119,P012,48,2024-05-11,2024-06-17,4-Close,0.0,Lost,2024-06-20,,Timing / Postponed,160645129
OPP00114,ACC0039,LEAD00295,E0096,P014,61,2025-06-26,2025-07-28,4-Close,0.0,Lost,2025-08-02,,Lost to Competitor,825790685
OPP00115,ACC0068,LEAD00296,E0085,P006,42,2025-03-21,2025-08-17,4-Close,1.0,Won,2025-08-25,66634738.0,,63464607
OPP00116,ACC0047,LEAD00297,E0085,P015,6,2024-09-18,2024-10-19,4-Close,0.0,Lost,2024-10-20,,Lost to Competitor,117572551
OPP00117,ACC0005,LEAD00298,E0028,P010,17,2025-04-16,2025-05-15,4-Close,1.0,Won,2025-05-10,45447531.0,,48116047
OPP00118,ACC0049,LEAD00303,E0057,P004,9,2024-12-22,2025-01-09,4-Close,0.0,Lost,2025-01-09,,Went With In-house Supply,71990171
OPP00119,ACC0012,LEAD00310,E0089,P014,12,2024-12-15,2025-06-07,4-Close,1.0,Won,2025-05-29,162218393.0,,156300742
OPP00120,ACC0070,LEAD00318,E0032,P008,11,2024-01-29,2024-03-19,4-Close,0.0,Lost,2024-03-26,,No Budget,25066736
OPP00121,ACC0018,LEAD00319,E0028,P008,5,2025-08-23,2025-09-12,4-Close,0.0,Lost,2025-09-13,,No Budget,12262608
OPP00122,ACC0057,LEAD00321,E0096,P010,11,2024-07-19,2024-09-18,4-Close,0.0,Lost,2024-09-19,,No Budget,32034326
OPP00123,ACC0041,LEAD00325,E0122,P007,25,2025-02-02,2025-03-02,4-Close,0.0,Lost,2025-03-07,,Price,48361681
OPP00124,ACC0041,LEAD00329,E0163,P011,18,2024-03-11,2024-05-04,4-Close,1.0,Won,2024-05-12,185139064.0,,192610731
OPP00125,ACC0005,LEAD00332,E0172,P009,32,2025-08-27,2025-10-01,4-Close,0.0,Lost,2025-10-06,,Timing / Postponed,51475605
OPP00126,ACC0013,LEAD00336,E0126,P012,11,2025-05-29,2025-06-25,4-Close,1.0,Won,2025-07-03,36262439.0,,38317641
OPP00127,ACC0011,LEAD00346,E0085,P009,19,2024-05-05,2024-07-15,4-Close,0.0,Lost,2024-07-28,,Lost to Competitor,33909593
OPP00128,ACC0056,LEAD00348,E0148,P012,3,2025-09-22,2025-10-25,4-Close,0.0,Lost,2025-10-30,,Went With In-house Supply,9278699
OPP00129,ACC0036,LEAD00353,E0014,P005,13,2025-11-19,2025-12-27,4-Close,0.0,Lost,2025-12-31,,Lost to Competitor,118031528
OPP00130,ACC0039,LEAD00354,E0089,P002,31,2025-02-15,2025-03-05,4-Close,1.0,Won,2025-03-04,141325999.0,,156087877
OPP00131,ACC0030,LEAD00356,E0096,P017,22,2024-06-27,2024-08-13,4-Close,0.0,Lost,2024-08-18,,Went With In-house Supply,270398014
OPP00132,ACC0065,LEAD00357,E0148,P017,12,2025-03-07,2025-04-15,4-Close,1.0,Won,2025-04-18,125197799.0,,134147913
OPP00133,ACC0038,LEAD00359,E0009,P017,49,2025-08-20,2025-09-27,4-Close,1.0,Won,2025-10-01,515681108.0,,527413761
OPP00134,ACC0020,LEAD00373,E0163,P014,7,2025-05-20,2025-06-27,4-Close,0.0,Lost,2025-07-14,,Went With In-house Supply,88071617
OPP00135,ACC0040,LEAD00374,E0089,P013,102,2024-12-14,2025-01-05,4-Close,1.0,Won,2025-01-07,914224904.0,,965104793
OPP00136,ACC0029,LEAD00376,E0028,P011,27,2025-04-22,2025-09-15,4-Close,0.0,Lost,2025-09-14,,Lost to Competitor,263935800
OPP00137,ACC0034,LEAD00379,E0173,P013,58,2024-09-13,2025-01-24,4-Close,0.0,Lost,2025-02-01,,Lost to Competitor,509681897
OPP00138,ACC0062,LEAD00382,E0028,P004,42,2024-12-21,2025-01-23,4-Close,1.0,Won,2025-01-28,348219449.0,,334684740
OPP00139,ACC0037,LEAD00388,E0119,P007,58,2025-04-30,2025-06-17,4-Close,1.0,Won,2025-06-17,112796287.0,,123512091
OPP00140,ACC0009,LEAD00389,E0028,P008,25,2024-05-16,2024-07-08,4-Close,1.0,Won,2024-07-16,53768894.0,,59211202
OPP00141,ACC0068,LEAD00392,E0028,P013,108,2024-03-07,2024-07-02,4-Close,0.0,Lost,2024-06-29,,Price,1071679892
OPP00142,ACC0037,LEAD00397,E0119,P013,89,2024-02-08,2024-03-26,4-Close,0.0,Lost,2024-03-26,,Timing / Postponed,861735538
OPP00143,ACC0019,LEAD00398,E0009,P010,17,2025-08-28,2025-09-16,4-Close,1.0,Won,2025-09-27,51877495.0,,50206974
OPP00144,ACC0021,LEAD00399,E0119,P002,22,2025-11-05,2025-12-01,4-Close,1.0,Won,2025-11-28,119724118.0,,123213887
OPP00145,ACC0020,LEAD00400,E0148,P017,16,2024-10-04,2024-11-09,4-Close,1.0,Won,2024-11-14,191123362.0,,197601624
OPP00146,ACC0069,LEAD00402,E0052,P009,7,2025-01-05,2025-06-09,4-Close,1.0,Won,2025-06-14,10721297.0,,11593392
OPP00147,ACC0067,LEAD00410,E0173,P013,36,2025-10-04,2025-11-08,4-Close,1.0,Won,2025-11-13,339935471.0,,352694354
OPP00148,ACC0004,LEAD00412,E0122,P014,24,2025-02-27,2025-03-18,4-Close,1.0,Won,2025-03-18,274411044.0,,302426204
OPP00149,ACC0052,LEAD00414,E0100,P002,14,2024-09-15,2025-01-28,4-Close,1.0,Won,2025-02-04,71861419.0,,77098310
OPP00150,ACC0056,LEAD00418,E0089,P006,9,2024-04-22,2024-05-08,4-Close,1.0,Won,2024-05-17,12901709.0,,12912418
OPP00151,ACC0052,LEAD00420,E0172,P015,22,2025-05-31,2025-09-15,4-Close,0.0,Lost,2025-09-30,,Price,429107314
OPP00152,ACC0017,LEAD00421,E0126,P006,34,2025-04-06,2025-05-22,4-Close,0.0,Lost,2025-05-16,,Went With In-house Supply,49041132
OPP00153,ACC0021,LEAD00423,E0028,P001,30,2025-07-27,2025-09-02,4-Close,0.0,Lost,2025-09-09,,Lost to Competitor,131877595
OPP00154,ACC0012,LEAD00428,E0009,P004,35,2024-01-16,2024-03-17,4-Close,1.0,Won,2024-03-18,275758533.0,,278153877
OPP00155,ACC0048,LEAD00430,E0089,P002,30,2025-04-15,2025-05-13,4-Close,0.0,Lost,2025-05-18,,Price,158884846
OPP00156,ACC0014,LEAD00432,E0018,P008,3,2025-04-21,2025-05-28,4-Close,0.0,Lost,2025-05-20,,Timing / Postponed,6840777
OPP00157,ACC0057,LEAD00434,E0126,P015,12,2024-03-23,2024-09-16,4-Close,1.0,Won,2024-09-24,212463617.0,,235636091
OPP00158,ACC0070,LEAD00437,E0057,P013,78,2024-08-03,2024-09-02,4-Close,1.0,Won,2024-09-03,736613053.0,,754723364
OPP00159,ACC0021,LEAD00438,E0172,P010,16,2024-06-14,2024-07-10,4-Close,1.0,Won,2024-07-09,53134329.0,,50848058
OPP00160,ACC0007,LEAD00451,E0089,P001,72,2025-07-18,2025-10-09,4-Close,0.0,Lost,2025-10-11,,Lost to Competitor,291233969
OPP00161,ACC0035,LEAD00453,E0059,P014,26,2025-03-30,2025-05-02,4-Close,1.0,Won,2025-05-02,347728372.0,,354055670
OPP00162,ACC0021,LEAD00454,E0032,P011,27,2024-08-05,2024-08-25,4-Close,0.0,Lost,2024-08-17,,No Budget,262681430
OPP00163,ACC0056,LEAD00460,E0163,P001,9,2025-06-02,2025-06-17,4-Close,0.0,Lost,2025-06-20,,Timing / Postponed,36305653
OPP00164,ACC0015,LEAD00461,E0119,P001,79,2025-01-08,2025-03-02,4-Close,0.0,Lost,2025-03-08,,No Budget,339309319
OPP00165,ACC0038,LEAD00464,E0126,P003,77,2024-09-23,2024-11-16,4-Close,1.0,Won,2024-11-12,461773729.0,,455807396
OPP00166,ACC0028,LEAD00468,E0100,P004,10,2024-07-14,2024-09-20,4-Close,0.0,Lost,2024-09-24,,Timing / Postponed,78741610
OPP00167,ACC0015,LEAD00471,E0122,P010,23,2024-07-29,2024-08-18,4-Close,1.0,Won,2024-09-02,72158280.0,,72962369
OPP00168,ACC0046,LEAD00474,E0099,P006,19,2024-10-30,2025-01-06,4-Close,0.0,Lost,2025-01-11,,Went With In-house Supply,29943038
OPP00169,ACC0035,LEAD00477,E0161,P013,46,2025-05-29,2025-06-26,4-Close,1.0,Won,2025-06-20,386644395.0,,407852258
OPP00170,ACC0047,LEAD00483,E0173,P002,8,2025-01-07,2025-01-22,4-Close,0.0,Lost,2025-01-21,,Lost to Competitor,41556688
OPP00171,ACC0063,LEAD00484,E0089,P007,15,2024-11-26,2025-03-22,4-Close,0.0,Lost,2025-03-18,,No Budget,28065309
OPP00172,ACC0044,LEAD00486,E0085,P009,25,2024-07-30,2024-09-02,4-Close,1.0,Won,2024-08-28,37725142.0,,41351571
OPP00173,ACC0046,LEAD00487,E0085,P016,7,2024-09-28,2025-01-22,4-Close,0.0,Lost,2025-01-22,,Timing / Postponed,74142007
OPP00174,ACC0049,LEAD00488,E0018,P012,39,2024-02-16,2024-03-14,4-Close,1.0,Won,2024-03-24,112101778.0,,121681519
OPP00175,ACC0039,LEAD00489,E0161,P003,26,2024-08-17,2024-09-15,4-Close,1.0,Won,2024-09-08,169593503.0,,164217977
OPP00176,ACC0069,LEAD00495,E0014,P016,28,2024-09-12,2025-01-04,4-Close,0.0,Lost,2025-01-14,,No Budget,302251620
OPP00177,ACC0010,LEAD00496,E0119,P007,12,2024-07-02,2024-08-08,4-Close,1.0,Won,2024-08-05,23774993.0,,23064591
OPP00178,ACC0056,LEAD00497,E0119,P011,304,2025-11-05,2025-12-13,4-Close,1.0,Won,2025-12-18,2856600239.0,,2856042900
OPP00179,ACC0025,LEAD00500,E0100,P013,122,2025-03-08,2025-05-07,4-Close,0.0,Lost,2025-05-09,,Lost to Competitor,1173590659
OPP00180,ACC0007,LEAD00501,E0096,P014,39,2024-04-19,2024-07-27,4-Close,1.0,Won,2024-08-06,489551214.0,,532497257
OPP00181,ACC0059,LEAD00507,E0122,P004,6,2025-09-29,2025-11-10,4-Close,1.0,Won,2025-11-13,44332930.0,,44249496
OPP00182,ACC0068,LEAD00513,E0122,P004,26,2024-12-31,2025-03-29,4-Close,1.0,Won,2025-04-03,197825500.0,,191516844
OPP00183,ACC0036,LEAD00514,E0172,P015,28,2025-08-17,2025-09-24,4-Close,0.0,Lost,2025-09-26,,No Budget,524750822
OPP00184,ACC0007,LEAD00515,E0014,P003,15,2025-09-04,2025-11-05,4-Close,0.0,Lost,2025-10-31,,Lost to Competitor,85133411
OPP00185,ACC0037,LEAD00516,E0100,P009,96,2024-05-20,2024-06-20,4-Close,0.0,Lost,2024-07-01,,Price,153316252
OPP00186,ACC0034,LEAD00519,E0163,P011,5,2024-10-05,2024-12-20,4-Close,0.0,Lost,2024-12-22,,No Budget,47374782
OPP00187,ACC0053,LEAD00521,E0085,P009,44,2024-07-02,2024-08-05,4-Close,0.0,Lost,2024-08-22,,Timing / Postponed,70157195
OPP00188,ACC0049,LEAD00522,E0100,P016,21,2024-12-22,2025-01-13,4-Close,1.0,Won,2025-01-26,202458843.0,,224321147
OPP00189,ACC0022,LEAD00527,E0172,P003,24,2025-11-07,2026-01-03,4-Close,0.85,Open,,,,155210251
OPP00190,ACC0041,LEAD00529,E0100,P015,12,2025-03-01,2025-04-09,4-Close,1.0,Won,2025-04-08,217163251.0,,217746522
OPP00191,ACC0027,LEAD00532,E0009,P010,5,2024-03-02,2024-04-02,4-Close,1.0,Won,2024-04-19,15221749.0,,15296535
OPP00192,ACC0069,LEAD00533,E0126,P009,61,2025-08-02,2025-12-18,4-Close,0.0,Lost,2025-12-10,,Timing / Postponed,108201676
OPP00193,ACC0028,LEAD00535,E0148,P013,2,2024-12-27,2025-05-01,4-Close,1.0,Won,2025-05-02,19152071.0,,18777411
OPP00194,ACC0040,LEAD00536,E0126,P004,14,2025-08-31,2025-10-08,4-Close,1.0,Won,2025-10-11,103385181.0,,106695895
OPP00195,ACC0039,LEAD00537,E0163,P013,25,2024-10-28,2024-11-30,4-Close,1.0,Won,2024-12-04,243863955.0,,241350592
OPP00196,ACC0050,LEAD00538,E0172,P017,55,2024-07-25,2024-08-12,4-Close,1.0,Won,2024-08-02,623974921.0,,676325891
OPP00197,ACC0039,LEAD00541,E0100,P008,12,2025-02-24,2025-03-19,4-Close,1.0,Won,2025-03-20,25367019.0,,27841452
OPP00198,ACC0034,LEAD00543,E0089,P011,39,2024-08-07,2024-10-20,4-Close,0.0,Lost,2024-11-04,,Timing / Postponed,410162033
OPP00199,ACC0003,LEAD00545,E0052,P007,161,2024-06-13,2024-07-22,4-Close,0.0,Lost,2024-08-10,,No Budget,306484323
OPP00200,ACC0045,LEAD00548,E0052,P011,14,2025-09-23,2026-03-06,3-Propose,0.7,Open,,,,147511957
OPP00201,ACC0005,LEAD00550,E0089,P016,45,2024-10-12,2024-11-13,4-Close,1.0,Won,2024-11-14,443327411.0,,473636368
OPP00202,ACC0055,LEAD00556,E0059,P013,16,2024-08-05,2024-12-07,4-Close,0.0,Lost,2024-12-12,,Went With In-house Supply,157576708
OPP00203,ACC0068,LEAD00559,E0122,P013,15,2024-02-12,2024-05-10,4-Close,0.0,Lost,2024-05-16,,Went With In-house Supply,148847714
OPP00204,ACC0043,LEAD00562,E0014,P006,118,2025-10-10,2025-11-17,4-Close,0.0,Lost,2025-11-27,,Lost to Competitor,165095792
OPP00205,ACC0010,LEAD00563,E0096,P009,107,2024-11-16,2024-12-14,4-Close,1.0,Won,2024-12-18,172068008.0,,171078879
OPP00206,ACC0054,LEAD00565,E0099,P015,10,2024-06-12,2024-11-22,4-Close,0.0,Lost,2024-11-25,,No Budget,183959603
OPP00207,ACC0005,LEAD00570,E0014,P016,9,2025-07-17,2025-08-20,4-Close,1.0,Won,2025-08-23,92571328.0,,90327663
OPP00208,ACC0066,LEAD00572,E0161,P002,33,2025-09-30,2025-11-01,4-Close,1.0,Won,2025-11-06,157535704.0,,168347505
OPP00209,ACC0008,LEAD00573,E0122,P007,29,2025-04-16,2025-06-06,4-Close,1.0,Won,2025-06-06,58104979.0,,61711101
OPP00210,ACC0030,LEAD00575,E0163,P006,6,2025-03-06,2025-04-17,4-Close,0.0,Lost,2025-04-10,,No Budget,8989765
OPP00211,ACC0002,LEAD00578,E0096,P011,30,2024-04-15,2024-05-25,4-Close,1.0,Won,2024-05-25,289020162.0,,300589099
OPP00212,ACC0016,LEAD00585,E0009,P010,51,2024-03-08,2024-04-04,4-Close,1.0,Won,2024-04-01,152878028.0,,152083196
OPP00213,ACC0005,LEAD00587,E0085,P011,4,2024-10-28,2024-11-17,4-Close,0.0,Lost,2024-11-23,,Timing / Postponed,38680396
OPP00214,ACC0055,LEAD00589,E0028,P016,124,2025-08-04,2026-01-23,4-Close,0.9,Open,,,,1237125001
OPP00215,ACC0047,LEAD00591,E0057,P004,9,2025-03-11,2025-04-05,4-Close,1.0,Won,2025-04-11,65697247.0,,65677474
OPP00216,ACC0013,LEAD00592,E0173,P003,182,2025-02-01,2025-03-06,4-Close,1.0,Won,2025-03-10,1090028792.0,,1080423364
OPP00217,ACC0062,LEAD00593,E0009,P001,64,2025-10-07,2025-11-10,4-Close,1.0,Won,2025-11-11,258808758.0,,258112690
OPP00218,ACC0020,LEAD00596,E0089,P011,13,2024-08-31,2024-10-03,4-Close,1.0,Won,2024-10-04,122906464.0,,135711554
OPP00219,ACC0069,LEAD00605,E0085,P003,10,2024-03-29,2024-05-28,4-Close,0.0,Lost,2024-06-10,,Lost to Competitor,63990319
OPP00220,ACC0002,LEAD00606,E0161,P008,11,2024-04-20,2024-06-12,4-Close,0.0,Lost,2024-06-21,,Lost to Competitor,25922917
OPP00221,ACC0055,LEAD00609,E0122,P014,65,2024-05-09,2024-11-01,4-Close,0.0,Lost,2024-11-09,,Price,835454372
OPP00222,ACC0068,LEAD00611,E0173,P012,25,2025-10-16,2026-02-12,3-Propose,0.57,Open,,,,84085903
OPP00223,ACC0026,LEAD00613,E0057,P017,18,2024-09-25,2024-10-22,4-Close,0.0,Lost,2024-10-19,,Lost to Competitor,201592538
OPP00224,ACC0033,LEAD00619,E0122,P015,59,2024-05-27,2024-07-23,4-Close,1.0,Won,2024-08-01,1076174358.0,,1147444361
OPP00225,ACC0020,LEAD00620,E0122,P011,157,2024-08-30,2024-10-03,4-Close,0.0,Lost,2024-10-05,,Lost to Competitor,1465578068
OPP00226,ACC0022,LEAD00626,E0009,P011,23,2024-07-14,2024-08-21,4-Close,1.0,Won,2024-08-17,254386450.0,,247504009
OPP00227,ACC0035,LEAD00627,E0089,P009,9,2025-10-25,2025-11-22,4-Close,0.0,Lost,2025-11-21,,Price,14867028
OPP00228,ACC0021,LEAD00628,E0057,P015,53,2025-10-17,2025-11-17,4-Close,1.0,Won,2025-11-23,951605815.0,,934867256
OPP00229,ACC0034,LEAD00633,E0172,P007,133,2025-12-01,2026-02-08,2-Develop,0.31,Open,,,,256187953
OPP00230,ACC0065,LEAD00637,E0173,P015,14,2024-03-02,2024-04-28,4-Close,0.0,Lost,2024-04-30,,Price,261607618
OPP00231,ACC0027,LEAD00654,E0096,P006,28,2025-10-05,2025-11-16,4-Close,0.0,Lost,2025-11-09,,Went With In-house Supply,40348020
OPP00232,ACC0011,LEAD00656,E0148,P006,47,2024-02-26,2024-05-22,4-Close,0.0,Lost,2024-05-22,,Price,68133244
OPP00233,ACC0030,LEAD00658,E0028,P007,39,2024-05-30,2024-07-27,4-Close,1.0,Won,2024-08-01,78496341.0,,82892743
OPP00234,ACC0062,LEAD00662,E0148,P015,6,2024-05-22,2024-06-28,4-Close,1.0,Won,2024-07-04,99768564.0,,105270919
OPP00235,ACC0010,LEAD00663,E0100,P013,19,2024-07-20,2024-08-07,4-Close,0.0,Lost,2024-08-11,,No Budget,170609140
OPP00236,ACC0012,LEAD00665,E0126,P005,31,2025-06-18,2025-11-09,4-Close,0.0,Lost,2025-11-17,,Lost to Competitor,282312837
OPP00237,ACC0050,LEAD00667,E0173,P017,15,2025-02-08,2025-03-17,4-Close,1.0,Won,2025-03-18,159085730.0,,171836498
OPP00238,ACC0049,LEAD00676,E0100,P016,56,2024-11-27,2024-12-15,4-Close,1.0,Won,2024-12-19,534368957.0,,539006770
OPP00239,ACC0020,LEAD00677,E0057,P002,8,2025-10-18,2025-11-15,4-Close,0.0,Lost,2025-11-12,,Went With In-house Supply,41270228
OPP00240,ACC0015,LEAD00678,E0057,P008,7,2024-07-31,2024-08-29,4-Close,0.0,Lost,2024-08-24,,Lost to Competitor,16400854
OPP00241,ACC0027,LEAD00682,E0161,P016,26,2025-05-18,2025-06-20,4-Close,0.0,Lost,2025-06-19,,Price,288588036
OPP00242,ACC0004,LEAD00688,E0059,P007,32,2025-05-03,2025-06-09,4-Close,0.0,Lost,2025-06-15,,No Budget,59821011
OPP00243,ACC0021,LEAD00692,E0089,P003,67,2024-11-05,2024-12-06,4-Close,1.0,Won,2024-12-07,421397503.0,,429160866
OPP00244,ACC0056,LEAD00693,E0173,P004,38,2024-07-15,2024-08-05,4-Close,1.0,Won,2024-08-13,314723031.0,,308107808
OPP00245,ACC0057,LEAD00698,E0057,P015,67,2025-11-17,2026-03-07,2-Develop,0.2,Open,,,,1303119465
OPP00246,ACC0055,LEAD00699,E0014,P007,33,2024-07-20,2024-12-29,4-Close,1.0,Won,2024-12-28,65508767.0,,65199012
OPP00247,ACC0033,LEAD00708,E0172,P012,2,2025-12-12,2026-01-12,3-Propose,0.7,Open,,,,6760614
OPP00248,ACC0009,LEAD00711,E0014,P014,12,2024-10-08,2024-12-02,4-Close,0.0,Lost,2024-11-29,,Timing / Postponed,150574882
OPP00249,ACC0019,LEAD00714,E0173,P017,68,2024-02-20,2024-03-06,4-Close,1.0,Won,2024-03-13,818446009.0,,817109083
OPP00250,ACC0025,LEAD00715,E0028,P003,38,2024-03-22,2024-07-09,4-Close,1.0,Won,2024-07-27,221191505.0,,241286869
OPP00251,ACC0011,LEAD00717,E0099,P016,28,2024-11-04,2025-02-07,4-Close,0.0,Lost,2025-02-05,,Lost to Competitor,292348050
OPP00252,ACC0052,LEAD00719,E0085,P004,10,2024-09-15,2024-11-19,4-Close,0.0,Lost,2024-11-25,,Price,71105733
OPP00253,ACC0069,LEAD00723,E0018,P016,25,2025-04-12,2025-09-04,4-Close,1.0,Won,2025-09-10,247191735.0,,269340741
OPP00254,ACC0024,LEAD00727,E0014,P006,10,2024-07-01,2024-11-17,4-Close,1.0,Won,2024-11-20,13832227.0,,14608507
OPP00255,ACC0069,LEAD00728,E0014,P014,21,2024-06-20,2024-09-21,4-Close,0.0,Lost,2024-09-29,,Price,265394235
OPP00256,ACC0062,LEAD00731,E0173,P007,15,2025-03-04,2025-04-07,4-Close,1.0,Won,2025-04-09,27455522.0,,29635599
OPP00257,ACC0025,LEAD00732,E0122,P013,33,2025-01-25,2025-05-17,4-Close,0.0,Lost,2025-06-01,,Went With In-house Supply,317740804
OPP00258,ACC0061,LEAD00734,E0173,P017,54,2025-10-20,2025-11-20,4-Close,1.0,Won,2025-11-22,592121078.0,,608536491
OPP00259,ACC0057,LEAD00735,E0057,P007,114,2025-10-18,2025-12-17,4-Close,1.0,Won,2025-12-18,218260754.0,,235644676
OPP00260,ACC0007,LEAD00736,E0161,P010,21,2024-11-01,2025-03-12,4-Close,0.0,Lost,2025-03-11,,Price,63205605
OPP00261,ACC0042,LEAD00737,E0119,P008,6,2024-01-15,2024-02-15,4-Close,1.0,Won,2024-02-18,13818263.0,,14219737
OPP00262,ACC0056,LEAD00738,E0059,P001,34,2024-08-25,2024-09-23,4-Close,1.0,Won,2024-10-01,136872120.0,,150331719
OPP00263,ACC0065,LEAD00740,E0099,P005,32,2025-01-02,2025-02-21,4-Close,0.0,Lost,2025-02-15,,Lost to Competitor,289049391
OPP00264,ACC0051,LEAD00742,E0119,P005,9,2024-04-09,2024-07-28,4-Close,1.0,Won,2024-08-02,75291994.0,,74950573
OPP00265,ACC0021,LEAD00746,E0052,P008,15,2025-06-19,2025-07-13,4-Close,1.0,Won,2025-07-19,31237407.0,,34170753
OPP00266,ACC0042,LEAD00747,E0028,P001,16,2025-03-03,2025-03-28,4-Close,0.0,Lost,2025-03-28,,Timing / Postponed,64780277
OPP00267,ACC0030,LEAD00766,E0122,P001,34,2024-12-25,2025-01-15,4-Close,0.0,Lost,2025-01-30,,Timing / Postponed,150042296
OPP00268,ACC0062,LEAD00767,E0009,P003,67,2025-05-16,2025-06-09,4-Close,1.0,Won,2025-06-24,432864116.0,,426471439
OPP00269,ACC0054,LEAD00770,E0173,P012,44,2024-10-14,2025-02-05,4-Close,0.0,Lost,2025-02-10,,Price,137829322
OPP00270,ACC0016,LEAD00774,E0100,P017,41,2025-12-06,2026-01-13,3-Propose,0.7,Open,,,,443552712
OPP00271,ACC0046,LEAD00776,E0148,P001,20,2024-01-28,2024-05-07,4-Close,1.0,Won,2024-05-15,87442132.0,,91710999
OPP00272,ACC0050,LEAD00779,E0014,P001,13,2025-03-07,2025-03-25,4-Close,1.0,Won,2025-03-27,53537148.0,,53565135
OPP00273,ACC0039,LEAD00786,E0028,P016,14,2025-09-16,2025-10-12,4-Close,1.0,Won,2025-10-13,138868473.0,,148086756
OPP00274,ACC0054,LEAD00790,E0161,P015,9,2025-02-25,2025-07-10,4-Close,0.0,Lost,2025-07-17,,No Budget,168527463
OPP00275,ACC0037,LEAD00791,E0119,P007,24,2024-05-10,2024-07-02,4-Close,0.0,Lost,2024-06-28,,Lost to Competitor,45151325
OPP00276,ACC0038,LEAD00792,E0148,P016,22,2024-11-01,2024-11-21,4-Close,0.0,Lost,2024-11-23,,Went With In-house Supply,214988313
OPP00277,ACC0053,LEAD00796,E0126,P006,10,2024-10-30,2024-12-10,4-Close,1.0,Won,2024-12-10,13061575.0,,14096215
OPP00278,ACC0018,LEAD00797,E0161,P003,74,2024-09-18,2024-10-09,4-Close,0.0,Lost,2024-10-17,,Price,475114669
OPP00279,ACC0008,LEAD00800,E0096,P013,35,2024-11-19,2024-12-26,4-Close,0.0,Lost,2024-12-26,,Lost to Competitor,313607081
OPP00280,ACC0052,LEAD00801,E0085,P011,36,2024-05-14,2024-07-11,4-Close,1.0,Won,2024-07-14,347335460.0,,385767712
OPP00281,ACC0008,LEAD00802,E0089,P010,40,2025-02-01,2025-02-24,4-Close,0.0,Lost,2025-02-20,,Went With In-house Supply,112227810
OPP00282,ACC0051,LEAD00809,E0028,P004,6,2024-04-14,2024-08-24,4-Close,1.0,Won,2024-08-22,41403543.0,,44780599
OPP00283,ACC0001,LEAD00813,E0032,P005,141,2025-01-27,2025-03-26,4-Close,0.0,Lost,2025-03-31,,Lost to Competitor,1254634766
OPP00284,ACC0016,LEAD00814,E0085,P006,74,2024-07-02,2024-08-03,4-Close,0.0,Lost,2024-08-17,,Timing / Postponed,105036829
OPP00285,ACC0070,LEAD00815,E0085,P012,19,2025-10-27,2025-11-20,4-Close,1.0,Won,2025-11-28,58859828.0,,60094729
OPP00286,ACC0009,LEAD00817,E0052,P014,11,2024-11-28,2024-12-21,4-Close,1.0,Won,2024-12-26,133305857.0,,139108739
OPP00287,ACC0024,LEAD00818,E0085,P004,47,2024-01-15,2024-06-10,4-Close,0.0,Lost,2024-06-11,,Lost to Competitor,377368775
OPP00288,ACC0058,LEAD00822,E0085,P016,16,2024-04-28,2024-06-09,4-Close,0.0,Lost,2024-06-12,,Went With In-house Supply,175769067
OPP00289,ACC0011,LEAD00825,E0014,P001,27,2025-01-10,2025-06-17,4-Close,1.0,Won,2025-06-15,110781096.0,,121815948
OPP00290,ACC0056,LEAD00841,E0161,P010,41,2024-12-10,2024-12-26,4-Close,0.0,Lost,2025-01-02,,No Budget,118347783
OPP00291,ACC0060,LEAD00842,E0163,P001,58,2025-01-17,2025-05-01,4-Close,1.0,Won,2025-05-07,217508035.0,,232703723
OPP00292,ACC0050,LEAD00844,E0099,P012,5,2024-02-17,2024-03-23,4-Close,0.0,Lost,2024-04-06,,Price,16140900
OPP00293,ACC0032,LEAD00845,E0009,P004,10,2025-04-12,2025-05-07,4-Close,1.0,Won,2025-05-20,78237014.0,,76635993
OPP00294,ACC0024,LEAD00846,E0172,P002,59,2024-11-14,2025-01-03,4-Close,0.0,Lost,2025-01-07,,Price,302242937
OPP00295,ACC0067,LEAD00848,E0085,P015,117,2025-02-21,2025-04-05,4-Close,1.0,Won,2025-04-13,2063836258.0,,2118748319
OPP00296,ACC0067,LEAD00849,E0018,P008,12,2024-10-04,2024-11-13,4-Close,0.0,Lost,2024-11-13,,Lost to Competitor,29214485
OPP00297,ACC0012,LEAD00850,E0096,P009,4,2024-05-18,2024-08-27,4-Close,0.0,Lost,2024-08-27,,Lost to Competitor,6494491
OPP00298,ACC0047,LEAD00851,E0014,P014,29,2025-06-19,2025-07-08,4-Close,0.0,Lost,2025-07-05,,Lost to Competitor,390752631
OPP00299,ACC0055,LEAD00855,E0099,P017,31,2025-11-30,2026-03-27,2-Develop,0.38,Open,,,,366514066
OPP00300,ACC0064,LEAD00856,E0122,P013,101,2025-05-04,2025-09-17,4-Close,0.0,Lost,2025-09-26,,No Budget,959469281
OPP00301,ACC0057,LEAD00859,E0172,P013,101,2025-03-05,2025-07-23,4-Close,0.0,Lost,2025-07-23,,Lost to Competitor,1004009020
OPP00302,ACC0058,LEAD00860,E0089,P010,12,2025-07-14,2025-08-31,4-Close,0.0,Lost,2025-09-02,,Went With In-house Supply,36238609
OPP00303,ACC0059,LEAD00866,E0163,P001,24,2025-03-20,2025-05-05,4-Close,0.0,Lost,2025-05-19,,Lost to Competitor,109377004
OPP00304,ACC0030,LEAD00867,E0052,P008,53,2025-12-02,2026-01-19,3-Propose,0.63,Open,,,,125113487
OPP00305,ACC0019,LEAD00869,E0057,P017,65,2025-11-15,2025-12-21,4-Close,0.0,Lost,2025-12-20,,Price,756396877
OPP00306,ACC0030,LEAD00872,E0032,P012,24,2024-11-07,2024-12-06,4-Close,1.0,Won,2024-12-08,83018190.0,,82550091
OPP00307,ACC0031,LEAD00873,E0099,P011,48,2024-08-07,2025-01-30,4-Close,0.0,Lost,2025-01-30,,Lost to Competitor,479153059
OPP00308,ACC0039,LEAD00875,E0126,P015,41,2025-05-26,2025-06-28,4-Close,0.0,Lost,2025-07-08,,No Budget,764594437
OPP00309,ACC0001,LEAD00877,E0089,P009,13,2024-09-02,2024-09-27,4-Close,0.0,Lost,2024-09-28,,No Budget,22759769
OPP00310,ACC0002,LEAD00878,E0028,P005,7,2025-01-29,2025-03-20,4-Close,0.0,Lost,2025-03-11,,Went With In-house Supply,57720011
OPP00311,ACC0055,LEAD00880,E0161,P009,12,2025-07-28,2025-11-20,4-Close,1.0,Won,2025-11-21,22014826.0,,21601101
OPP00312,ACC0023,LEAD00882,E0173,P015,54,2024-04-26,2024-06-20,4-Close,0.0,Lost,2024-06-27,,No Budget,1042664666
OPP00313,ACC0007,LEAD00884,E0173,P010,24,2024-02-14,2024-04-15,4-Close,0.0,Lost,2024-04-28,,Price,74533123
OPP00314,ACC0008,LEAD00886,E0052,P016,21,2024-02-23,2024-03-27,4-Close,0.0,Lost,2024-04-13,,Lost to Competitor,202781918
OPP00315,ACC0067,LEAD00889,E0032,P011,20,2024-02-16,2024-03-09,4-Close,0.0,Lost,2024-03-16,,Lost to Competitor,207289241
OPP00316,ACC0013,LEAD00891,E0059,P013,35,2024-07-26,2024-08-19,4-Close,0.0,Lost,2024-08-25,,Price,336511332
OPP00317,ACC0049,LEAD00894,E0119,P006,14,2024-09-27,2024-10-28,4-Close,0.0,Lost,2024-10-31,,Lost to Competitor,21425559
OPP00318,ACC0051,LEAD00895,E0096,P013,38,2025-05-16,2025-09-03,4-Close,0.0,Lost,2025-08-25,,Went With In-house Supply,357921044
OPP00319,ACC0016,LEAD00899,E0059,P013,20,2025-09-06,2025-09-21,4-Close,1.0,Won,2025-10-04,190619963.0,,197857031
OPP00320,ACC0018,LEAD00901,E0119,P015,18,2024-04-22,2024-05-09,4-Close,1.0,Won,2024-05-09,317758043.0,,336545611
OPP00321,ACC0057,LEAD00906,E0052,P017,60,2024-02-05,2024-06-01,4-Close,0.0,Lost,2024-06-08,,Price,675236348
OPP00322,ACC0017,LEAD00907,E0028,P004,41,2025-06-20,2025-07-17,4-Close,0.0,Lost,2025-07-21,,No Budget,324708362
OPP00323,ACC0002,LEAD00908,E0014,P013,9,2025-03-11,2025-04-14,4-Close,1.0,Won,2025-04-16,80675235.0,,87321596
OPP00324,ACC0033,LEAD00910,E0028,P005,29,2025-07-31,2025-08-28,4-Close,1.0,Won,2025-08-26,277836667.0,,273652015
OPP00325,ACC0042,LEAD00913,E0059,P017,14,2024-10-10,2024-11-02,4-Close,1.0,Won,2024-11-04,148833852.0,,156795226
OPP00326,ACC0012,LEAD00919,E0089,P015,19,2025-06-25,2025-08-31,4-Close,0.0,Lost,2025-09-03,,Price,368283378
OPP00327,ACC0068,LEAD00921,E0057,P015,6,2024-09-27,2025-01-13,4-Close,1.0,Won,2025-01-29,99432702.0,,105782726
OPP00328,ACC0052,LEAD00923,E0148,P001,19,2024-05-30,2024-09-13,4-Close,0.0,Lost,2024-09-23,,No Budget,80358032
OPP00329,ACC0010,LEAD00924,E0100,P002,4,2025-08-23,2025-09-09,4-Close,0.0,Lost,2025-09-12,,Price,22256678
OPP00330,ACC0053,LEAD00925,E0119,P011,30,2024-04-09,2024-05-29,4-Close,0.0,Lost,2024-05-19,,Timing / Postponed,306863280
OPP00331,ACC0020,LEAD00933,E0163,P008,60,2025-09-10,2025-10-18,4-Close,0.0,Lost,2025-10-18,,Lost to Competitor,147550514
OPP00332,ACC0009,LEAD00934,E0014,P008,44,2025-04-22,2025-06-07,4-Close,1.0,Won,2025-06-09,104432405.0,,105682663
OPP00333,ACC0070,LEAD00935,E0161,P011,6,2024-08-03,2024-09-23,4-Close,1.0,Won,2024-09-30,60819558.0,,59749752
OPP00334,ACC0040,LEAD00936,E0119,P006,29,2025-11-07,2025-12-04,4-Close,1.0,Won,2025-12-04,41675234.0,,40462888
OPP00335,ACC0044,LEAD00937,E0119,P016,8,2024-06-09,2024-07-08,4-Close,1.0,Won,2024-06-30,82030697.0,,78695948
OPP00336,ACC0021,LEAD00944,E0052,P012,91,2024-02-10,2024-02-26,4-Close,0.0,Lost,2024-03-02,,Timing / Postponed,306859108
OPP00337,ACC0022,LEAD00945,E0173,P016,21,2024-06-15,2024-07-31,4-Close,0.0,Lost,2024-08-09,,Price,215392764
OPP00338,ACC0034,LEAD00947,E0122,P011,12,2025-09-22,2025-12-09,4-Close,0.0,Lost,2025-12-13,,No Budget,124740160
OPP00339,ACC0052,LEAD00950,E0009,P009,200,2024-07-18,2024-11-05,4-Close,1.0,Won,2024-11-05,328659442.0,,361288861
OPP00340,ACC0048,LEAD00951,E0119,P003,11,2024-02-19,2024-03-11,4-Close,0.0,Lost,2024-03-12,,Timing / Postponed,69482775
OPP00341,ACC0049,LEAD00952,E0052,P012,51,2025-08-25,2025-09-19,4-Close,0.0,Lost,2025-09-16,,Timing / Postponed,160549014
OPP00342,ACC0040,LEAD00956,E0028,P015,24,2024-09-28,2024-10-14,4-Close,0.0,Lost,2024-10-05,,Price,456889235
OPP00343,ACC0011,LEAD00960,E0172,P016,27,2025-08-24,2026-02-19,3-Propose,0.55,Open,,,,294391682
OPP00344,ACC0026,LEAD00961,E0172,P004,10,2024-11-03,2024-11-30,4-Close,0.0,Lost,2024-11-27,,No Budget,78008302
OPP00345,ACC0023,LEAD00964,E0059,P008,7,2025-06-13,2025-08-02,4-Close,1.0,Won,2025-08-07,16250525.0,,16750612
OPP00346,ACC0040,LEAD00965,E0018,P014,12,2025-03-01,2025-03-25,4-Close,1.0,Won,2025-03-22,151432946.0,,153600363
OPP00347,ACC0065,LEAD00967,E0057,P016,117,2024-08-25,2024-10-14,4-Close,1.0,Won,2024-10-22,1338231334.0,,1286379922
OPP00348,ACC0002,LEAD00968,E0009,P013,39,2025-12-16,2026-01-09,3-Propose,0.63,Open,,,,357370152
OPP00349,ACC0069,LEAD00969,E0099,P004,25,2025-03-23,2025-08-16,4-Close,0.0,Lost,2025-08-18,,Timing / Postponed,191033360
OPP00350,ACC0055,LEAD00970,E0100,P014,72,2025-12-24,2026-03-31,1-Qualify,0.16,Open,,,,963201831
OPP00351,ACC0062,LEAD00975,E0014,P013,19,2024-02-12,2024-03-17,4-Close,1.0,Won,2024-03-23,171316947.0,,167856699
OPP00352,ACC0003,LEAD00980,E0085,P005,27,2024-05-01,2024-05-24,4-Close,0.0,Lost,2024-05-19,,No Budget,232761734
OPP00353,ACC0051,LEAD00983,E0059,P001,99,2025-12-08,2026-04-06,1-Qualify,0.14,Open,,,,449056466
OPP00354,ACC0065,LEAD00984,E0059,P013,12,2025-11-09,2025-12-18,4-Close,1.0,Won,2025-12-21,102589618.0,,111630955
OPP00355,ACC0002,LEAD00985,E0122,P009,12,2025-06-22,2025-08-19,4-Close,1.0,Won,2025-08-18,19513640.0,,21234766
OPP00356,ACC0008,LEAD00988,E0148,P008,16,2024-07-19,2024-08-08,4-Close,0.0,Lost,2024-08-24,,Timing / Postponed,39724611
OPP00357,ACC0037,LEAD00991,E0085,P016,13,2024-07-27,2024-08-28,4-Close,0.0,Lost,2024-09-03,,Went With In-house Supply,131348909
OPP00358,ACC0035,LEAD00992,E0099,P004,12,2025-06-10,2025-07-12,4-Close,1.0,Won,2025-07-13,99036039.0,,96864548
OPP00359,ACC0011,LEAD00996,E0009,P011,3,2024-04-13,2024-06-18,4-Close,1.0,Won,2024-06-21,29276125.0,,28351499
OPP00360,ACC0064,LEAD00997,E0172,P002,2,2025-05-27,2025-10-05,4-Close,1.0,Won,2025-10-02,9929826.0,,9987458
OPP00361,ACC0019,LEAD01001,E0085,P007,16,2024-08-30,2024-09-17,4-Close,1.0,Won,2024-09-11,28071789.0,,31097381
OPP00362,ACC0043,LEAD01004,E0148,P004,67,2025-08-27,2025-10-25,4-Close,1.0,Won,2025-11-01,467096571.0,,484378050
OPP00363,ACC0067,LEAD01006,E0018,P002,146,2025-10-14,2025-11-22,4-Close,0.0,Lost,2025-11-19,,Lost to Competitor,730642946
OPP00364,ACC0045,LEAD01011,E0059,P012,79,2025-12-10,2026-04-08,1-Qualify,0.15,Open,,,,263561323
OPP00365,ACC0028,LEAD01014,E0009,P003,7,2024-07-08,2024-12-01,4-Close,1.0,Won,2024-12-07,40346125.0,,44221294
OPP00366,ACC0066,LEAD01015,E0059,P003,31,2024-04-25,2024-05-17,4-Close,0.0,Lost,2024-05-16,,No Budget,193859697
OPP00367,ACC0016,LEAD01018,E0119,P004,47,2025-03-10,2025-04-04,4-Close,1.0,Won,2025-04-16,377042742.0,,366036818
OPP00368,ACC0012,LEAD01022,E0028,P003,25,2025-11-24,2026-02-03,3-Propose,0.57,Open,,,,149940146
OPP00369,ACC0013,LEAD01024,E0057,P006,15,2024-10-20,2024-11-24,4-Close,0.0,Lost,2024-12-06,,Lost to Competitor,21158388
OPP00370,ACC0006,LEAD01026,E0052,P015,64,2024-02-21,2024-03-16,4-Close,0.0,Lost,2024-03-23,,No Budget,1177711483
OPP00371,ACC0010,LEAD01029,E0018,P004,8,2025-02-17,2025-03-17,4-Close,0.0,Lost,2025-03-13,,Timing / Postponed,63688434
OPP00372,ACC0046,LEAD01030,E0014,P009,84,2025-09-01,2025-11-15,4-Close,1.0,Won,2025-11-19,154529179.0,,148323064
OPP00373,ACC0025,LEAD01031,E0099,P011,12,2025-06-13,2025-08-19,4-Close,0.0,Lost,2025-08-18,,Lost to Competitor,116377469
OPP00374,ACC0033,LEAD01033,E0161,P001,55,2025-04-21,2025-06-19,4-Close,0.0,Lost,2025-06-23,,Timing / Postponed,225089288
OPP00375,ACC0070,LEAD01034,E0085,P012,4,2024-06-08,2024-07-26,4-Close,1.0,Won,2024-07-25,11976792.0,,13172331
OPP00376,ACC0023,LEAD01035,E0122,P007,8,2025-05-22,2025-07-20,4-Close,0.0,Lost,2025-07-30,,No Budget,15093725
OPP00377,ACC0016,LEAD01036,E0089,P009,48,2025-11-13,2025-12-04,4-Close,1.0,Won,2025-12-13,72071599.0,,77019509
OPP00378,ACC0037,LEAD01037,E0052,P011,42,2024-10-05,2024-11-08,4-Close,0.0,Lost,2024-11-04,,Timing / Postponed,444805901
OPP00379,ACC0035,LEAD01038,E0096,P010,63,2025-03-04,2025-04-02,4-Close,1.0,Won,2025-04-03,167321959.0,,184101022
OPP00380,ACC0067,LEAD01042,E0100,P002,55,2025-11-19,2025-12-12,4-Close,0.0,Lost,2025-12-11,,No Budget,281709005
OPP00381,ACC0019,LEAD01045,E0163,P010,24,2025-06-16,2025-07-08,4-Close,0.0,Lost,2025-07-07,,Lost to Competitor,68047329
OPP00382,ACC0001,LEAD01046,E0161,P011,32,2025-09-18,2025-10-15,4-Close,0.0,Lost,2025-10-21,,Price,307566827
OPP00383,ACC0022,LEAD01048,E0172,P005,17,2025-12-31,2026-02-21,1-Qualify,0.15,Open,,,,138942205
OPP00384,ACC0002,LEAD01049,E0057,P017,39,2025-02-16,2025-03-13,4-Close,1.0,Won,2025-03-12,434786229.0,,433779538
OPP00385,ACC0046,LEAD01052,E0119,P002,23,2025-02-08,2025-06-27,4-Close,1.0,Won,2025-06-29,118545140.0,,125202767
OPP00386,ACC0021,LEAD01057,E0018,P009,19,2025-11-25,2025-12-20,4-Close,1.0,Won,2025-12-22,31761195.0,,31136006
OPP00387,ACC0021,LEAD01060,E0122,P012,24,2025-10-22,2025-11-12,4-Close,1.0,Won,2025-11-12,71755684.0,,74858202
OPP00388,ACC0059,LEAD01061,E0009,P002,6,2025-09-20,2025-11-08,4-Close,0.0,Lost,2025-11-09,,Timing / Postponed,31245023
OPP00389,ACC0039,LEAD01062,E0059,P007,16,2024-05-12,2024-05-31,4-Close,1.0,Won,2024-06-08,31402655.0,,33694194
OPP00390,ACC0051,LEAD01063,E0173,P016,44,2025-07-01,2025-11-04,4-Close,0.0,Lost,2025-11-11,,Price,483134465
OPP00391,ACC0063,LEAD01064,E0126,P017,7,2024-06-12,2024-09-21,4-Close,0.0,Lost,2024-09-25,,Price,83277862
OPP00392,ACC0017,LEAD01065,E0057,P002,116,2024-05-20,2024-06-12,4-Close,1.0,Won,2024-06-16,605780119.0,,645693641
OPP00393,ACC0041,LEAD01066,E0119,P013,26,2025-02-12,2025-04-03,4-Close,1.0,Won,2025-04-04,261187612.0,,252348466
OPP00394,ACC0070,LEAD01075,E0100,P014,16,2024-04-16,2024-06-07,4-Close,0.0,Lost,2024-06-09,,Went With In-house Supply,212159466
OPP00395,ACC0042,LEAD01076,E0009,P015,20,2024-07-31,2024-09-07,4-Close,1.0,Won,2024-09-13,397387173.0,,391717984
OPP00396,ACC0034,LEAD01077,E0009,P004,21,2025-10-08,2026-01-15,4-Close,0.9,Open,,,,154829228
OPP00397,ACC0055,LEAD01084,E0122,P011,4,2025-08-05,2025-12-22,4-Close,1.0,Won,2025-12-24,34003218.0,,37445982
OPP00398,ACC0017,LEAD01087,E0009,P016,20,2025-04-29,2025-06-05,4-Close,1.0,Won,2025-06-17,218616617.0,,209168861
OPP00399,ACC0040,LEAD01089,E0126,P001,31,2024-05-17,2024-06-22,4-Close,1.0,Won,2024-06-26,137833118.0,,137023193
OPP00400,ACC0059,LEAD01096,E0089,P016,76,2024-06-23,2024-08-01,4-Close,0.0,Lost,2024-08-05,,Lost to Competitor,796111660
OPP00401,ACC0036,LEAD01098,E0099,P010,9,2025-11-20,2026-01-04,4-Close,0.87,Open,,,,25640533
OPP00402,ACC0035,LEAD01099,E0173,P001,86,2025-12-11,2026-01-11,3-Propose,0.73,Open,,,,378373469
OPP00403,ACC0041,LEAD01101,E0100,P006,85,2025-11-05,2025-12-12,4-Close,1.0,Won,2025-12-26,133582071.0,,134161903
OPP00404,ACC0030,LEAD01104,E0014,P003,15,2025-07-14,2025-09-03,4-Close,1.0,Won,2025-09-02,88895428.0,,96237823
OPP00405,ACC0030,LEAD01106,E0059,P002,16,2024-12-17,2025-01-10,4-Close,1.0,Won,2024-12-31,77979130.0,,82471039
OPP00406,ACC0007,LEAD01108,E0096,P013,38,2025-06-02,2025-08-23,4-Close,1.0,Won,2025-08-24,353336003.0,,380269089
OPP00407,ACC0021,LEAD01109,E0032,P004,16,2024-12-01,2025-01-02,4-Close,0.0,Lost,2024-12-31,,Timing / Postponed,118445182
OPP00408,ACC0065,LEAD01115,E0059,P003,22,2024-07-22,2024-09-02,4-Close,1.0,Won,2024-09-08,134205665.0,,130606742
OPP00409,ACC0064,LEAD01116,E0028,P005,31,2025-04-23,2025-06-27,4-Close,1.0,Won,2025-07-02,273560209.0,,275234884
OPP00410,ACC0009,LEAD01118,E0009,P009,3,2025-05-27,2025-07-19,4-Close,1.0,Won,2025-07-19,4564237.0,,5002385
OPP00411,ACC0064,LEAD01122,E0009,P002,34,2024-04-09,2024-07-06,4-Close,0.0,Lost,2024-07-12,,No Budget,185007082
OPP00412,ACC0025,LEAD01123,E0148,P002,44,2025-05-14,2025-08-18,4-Close,0.0,Lost,2025-08-30,,No Budget,241296068
OPP00413,ACC0053,LEAD01124,E0173,P017,99,2025-11-24,2025-12-27,4-Close,0.0,Lost,2025-12-25,,Went With In-house Supply,1124270634
OPP00414,ACC0005,LEAD01126,E0126,P010,20,2025-09-21,2025-10-23,4-Close,0.0,Lost,2025-11-01,,Lost to Competitor,59621589
OPP00415,ACC0041,LEAD01129,E0014,P003,23,2024-11-03,2025-01-01,4-Close,0.0,Lost,2024-12-29,,Lost to Competitor,130839102
OPP00416,ACC0023,LEAD01131,E0028,P006,21,2024-06-07,2024-06-30,4-Close,1.0,Won,2024-06-28,29375769.0,,29393891
OPP00417,ACC0040,LEAD01133,E0100,P017,11,2025-08-23,2025-09-19,4-Close,1.0,Won,2025-09-28,122226894.0,,126309702
OPP00418,ACC0033,LEAD01138,E0085,P005,6,2025-02-24,2025-03-26,4-Close,1.0,Won,2025-03-22,52539124.0,,55289786
OPP00419,ACC0020,LEAD01139,E0122,P015,140,2024-05-29,2024-06-19,4-Close,0.0,Lost,2024-06-19,,Lost to Competitor,2518719988
OPP00420,ACC0034,LEAD01140,E0057,P013,16,2024-03-11,2024-04-28,4-Close,0.0,Lost,2024-05-02,,Went With In-house Supply,139840045
OPP00421,ACC0056,LEAD01141,E0018,P011,46,2024-04-21,2024-05-06,4-Close,1.0,Won,2024-05-15,413658356.0,,433915891
OPP00422,ACC0021,LEAD01145,E0009,P015,23,2025-06-12,2025-07-09,4-Close,1.0,Won,2025-07-08,377160706.0,,406984253
OPP00423,ACC0019,LEAD01148,E0126,P016,15,2025-05-15,2025-06-12,4-Close,0.0,Lost,2025-06-12,,No Budget,161778822
OPP00424,ACC0040,LEAD01160,E0089,P013,37,2024-01-25,2024-02-27,4-Close,0.0,Lost,2024-02-20,,No Budget,326885683
OPP00425,ACC0051,LEAD01161,E0059,P015,33,2025-07-30,2025-11-05,4-Close,0.0,Lost,2025-11-06,,Price,653328970
OPP00426,ACC0001,LEAD01162,E0059,P013,12,2024-09-04,2024-09-28,4-Close,0.0,Lost,2024-10-03,,Price,113304839
OPP00427,ACC0023,LEAD01173,E0122,P008,34,2024-06-20,2024-07-25,4-Close,0.0,Lost,2024-07-25,,Lost to Competitor,79198268
OPP00428,ACC0001,LEAD01178,E0009,P007,33,2024-01-26,2024-02-27,4-Close,1.0,Won,2024-02-25,61370082.0,,67752226
OPP00429,ACC0034,LEAD01179,E0173,P005,79,2025-07-15,2025-09-18,4-Close,0.0,Lost,2025-09-24,,No Budget,675709242
OPP00430,ACC0012,LEAD01182,E0163,P007,11,2024-05-11,2024-07-16,4-Close,0.0,Lost,2024-07-19,,Price,23102403
OPP00431,ACC0052,LEAD01189,E0161,P017,14,2025-06-27,2025-08-17,4-Close,0.0,Lost,2025-08-20,,Went With In-house Supply,163041101
OPP00432,ACC0064,LEAD01192,E0059,P011,9,2025-05-23,2025-09-23,4-Close,0.0,Lost,2025-09-29,,Timing / Postponed,95435641
OPP00433,ACC0042,LEAD01194,E0096,P015,12,2025-08-24,2025-09-27,4-Close,0.0,Lost,2025-10-06,,Price,211507148
OPP00434,ACC0007,LEAD01195,E0148,P008,13,2024-08-24,2024-11-25,4-Close,0.0,Lost,2024-11-24,,Price,32886213
OPP00435,ACC0007,LEAD01197,E0085,P002,57,2024-04-25,2024-06-27,4-Close,0.0,Lost,2024-06-27,,Price,316454867
OPP00436,ACC0047,LEAD01199,E0163,P005,26,2025-05-11,2025-06-05,4-Close,1.0,Won,2025-06-03,235091327.0,,236219031
OPP00437,ACC0018,LEAD01200,E0032,P003,15,2025-06-08,2025-07-07,4-Close,0.0,Lost,2025-07-17,,Timing / Postponed,91038342
OPP00438,ACC0033,LEAD01203,E0119,P005,106,2025-09-08,2025-11-04,4-Close,0.0,Lost,2025-11-04,,Lost to Competitor,908759896
OPP00439,ACC0001,LEAD01204,E0163,P011,13,2025-08-17,2025-09-20,4-Close,0.0,Lost,2025-09-28,,Timing / Postponed,139916752
OPP00440,ACC0020,LEAD01207,E0052,P001,16,2024-02-10,2024-02-29,4-Close,0.0,Lost,2024-03-02,,No Budget,69514013
OPP00441,ACC0017,LEAD01213,E0018,P006,60,2024-12-10,2025-01-27,4-Close,0.0,Lost,2025-02-01,,Timing / Postponed,90561456
OPP00442,ACC0017,LEAD01215,E0099,P009,24,2024-03-18,2024-04-26,4-Close,0.0,Lost,2024-04-21,,No Budget,42457036
OPP00443,ACC0060,LEAD01219,E0009,P006,67,2025-11-23,2026-03-26,2-Develop,0.28,Open,,,,95250507
OPP00444,ACC0054,LEAD01222,E0089,P013,23,2025-03-25,2025-08-16,4-Close,0.0,Lost,2025-08-15,,Price,212723740
OPP00445,ACC0003,LEAD01223,E0122,P006,20,2025-10-23,2025-11-25,4-Close,1.0,Won,2025-11-29,26278337.0,,28623652
OPP00446,ACC0050,LEAD01229,E0173,P011,35,2024-10-29,2024-12-05,4-Close,1.0,Won,2024-12-13,349915306.0,,342442344
OPP00447,ACC0055,LEAD01232,E0009,P010,12,2025-08-18,2026-01-30,4-Close,0.89,Open,,,,34818851
OPP00448,ACC0032,LEAD01238,E0172,P016,81,2024-11-27,2024-12-17,4-Close,0.0,Lost,2024-12-22,,No Budget,829889814
OPP00449,ACC0023,LEAD01239,E0089,P009,9,2024-01-16,2024-03-04,4-Close,0.0,Lost,2024-03-11,,Lost to Competitor,16288660
OPP00450,ACC0044,LEAD01240,E0096,P004,124,2024-02-01,2024-03-16,4-Close,1.0,Won,2024-03-26,893246067.0,,907478880
OPP00451,ACC0059,LEAD01241,E0009,P004,7,2024-05-06,2024-06-23,4-Close,0.0,Lost,2024-06-23,,Went With In-house Supply,50269391
OPP00452,ACC0040,LEAD01244,E0096,P006,64,2024-11-12,2024-12-17,4-Close,1.0,Won,2024-12-25,89428502.0,,96578980
OPP00453,ACC0011,LEAD01245,E0099,P016,48,2024-10-28,2025-03-01,4-Close,1.0,Won,2025-03-05,454341746.0,,476090832
OPP00454,ACC0040,LEAD01246,E0126,P005,45,2024-09-13,2024-10-20,4-Close,0.0,Lost,2024-10-27,,Went With In-house Supply,412427657
OPP00455,ACC0008,LEAD01248,E0014,P005,132,2025-10-10,2025-11-23,4-Close,0.0,Lost,2025-12-03,,No Budget,1201572676
OPP00456,ACC0064,LEAD01249,E0009,P007,80,2024-04-01,2024-07-10,4-Close,0.0,Lost,2024-07-17,,Lost to Competitor,165369090
OPP00457,ACC0070,LEAD01251,E0018,P004,15,2025-05-20,2025-06-10,4-Close,1.0,Won,2025-05-31,111782047.0,,121978663
OPP00458,ACC0038,LEAD01252,E0172,P003,17,2024-10-29,2024-12-18,4-Close,1.0,Won,2024-12-10,108868499.0,,104650805
OPP00459,ACC0010,LEAD01258,E0028,P014,14,2024-02-03,2024-02-23,4-Close,1.0,Won,2024-03-02,184834453.0,,180202731
OPP00460,ACC0063,LEAD01259,E0009,P002,29,2024-12-23,2025-03-17,4-Close,0.0,Lost,2025-03-24,,Price,148525508
OPP00461,ACC0044,LEAD01261,E0126,P014,51,2025-01-10,2025-02-21,4-Close,0.0,Lost,2025-03-02,,Went With In-house Supply,629425461
OPP00462,ACC0024,LEAD01272,E0122,P005,86,2024-10-26,2024-12-25,4-Close,0.0,Lost,2024-12-24,,Price,802847061
OPP00463,ACC0067,LEAD01273,E0096,P016,129,2024-06-29,2024-08-24,4-Close,0.0,Lost,2024-09-05,,No Budget,1430742167
OPP00464,ACC0049,LEAD01278,E0009,P014,35,2025-04-24,2025-05-26,4-Close,1.0,Won,2025-06-09,440746270.0,,422643132
OPP00465,ACC0033,LEAD01279,E0009,P014,136,2024-12-04,2025-01-23,4-Close,1.0,Won,2025-01-26,1752777985.0,,1748964887
OPP00466,ACC0026,LEAD01281,E0161,P017,4,2025-09-18,2025-10-27,4-Close,0.0,Lost,2025-10-27,,Lost to Competitor,45299079
OPP00467,ACC0064,LEAD01282,E0032,P011,3,2024-01-24,2024-03-14,4-Close,0.0,Lost,2024-03-11,,Price,31149143
OPP00468,ACC0020,LEAD01284,E0089,P003,18,2024-08-29,2024-09-13,4-Close,0.0,Lost,2024-09-17,,Price,107967750
OPP00469,ACC0049,LEAD01288,E0100,P012,53,2024-08-28,2024-09-26,4-Close,0.0,Lost,2024-10-09,,Went With In-house Supply,167460698
OPP00470,ACC0062,LEAD01289,E0122,P017,20,2025-02-28,2025-04-05,4-Close,0.0,Lost,2025-04-03,,Timing / Postponed,221976094
OPP00471,ACC0065,LEAD01293,E0057,P015,13,2024-06-13,2024-07-27,4-Close,0.0,Lost,2024-08-02,,No Budget,255798572
OPP00472,ACC0011,LEAD01295,E0028,P006,13,2024-11-12,2025-05-02,4-Close,0.0,Lost,2025-05-09,,Price,19444243
OPP00473,ACC0048,LEAD01297,E0148,P003,66,2025-06-17,2025-08-02,4-Close,1.0,Won,2025-07-28,358997088.0,,391116670
OPP00474,ACC0053,LEAD01298,E0148,P005,55,2025-12-21,2026-02-12,1-Qualify,0.19,Open,,,,463684802
OPP00475,ACC0070,LEAD01299,E0052,P004,3,2024-05-02,2024-06-02,4-Close,0.0,Lost,2024-06-11,,No Budget,21675560
OPP00476,ACC0068,LEAD01304,E0057,P004,20,2024-05-03,2024-07-14,4-Close,0.0,Lost,2024-07-23,,Price,156494500
OPP00477,ACC0040,LEAD01308,E0057,P011,58,2024-11-04,2024-11-27,4-Close,1.0,Won,2024-11-28,530765756.0,,585562213
OPP00478,ACC0061,LEAD01310,E0148,P011,7,2024-10-12,2024-10-27,4-Close,0.0,Lost,2024-11-04,,Went With In-house Supply,71577796
OPP00479,ACC0038,LEAD01313,E0028,P013,9,2025-02-17,2025-04-09,4-Close,0.0,Lost,2025-04-17,,Price,83221966
OPP00480,ACC0019,LEAD01314,E0148,P007,10,2025-02-13,2025-03-12,4-Close,1.0,Won,2025-03-23,19629492.0,,19175817
OPP00481,ACC0034,LEAD01315,E0052,P002,75,2025-02-08,2025-04-03,4-Close,0.0,Lost,2025-04-05,,No Budget,368745209
OPP00482,ACC0039,LEAD01319,E0028,P014,45,2025-03-01,2025-03-24,4-Close,0.0,Lost,2025-03-29,,No Budget,615104814
OPP00483,ACC0028,LEAD01328,E0028,P009,49,2025-06-26,2025-10-14,4-Close,0.0,Lost,2025-10-14,,Went With In-house Supply,85583570
OPP00484,ACC0063,LEAD01329,E0057,P006,75,2024-08-24,2024-12-19,4-Close,1.0,Won,2025-01-03,108823470.0,,113758575
OPP00485,ACC0048,LEAD01333,E0100,P006,7,2024-10-09,2024-10-29,4-Close,0.0,Lost,2024-10-31,,Lost to Competitor,10111111
OPP00486,ACC0035,LEAD01334,E0089,P010,17,2025-06-18,2025-07-19,4-Close,0.0,Lost,2025-07-19,,Price,50329477
OPP00487,ACC0015,LEAD01336,E0100,P012,14,2024-04-17,2024-05-09,4-Close,0.0,Lost,2024-05-07,,Timing / Postponed,43524428
OPP00488,ACC0059,LEAD01339,E0100,P012,30,2025-12-06,2026-01-18,3-Propose,0.67,Open,,,,99512153
OPP00489,ACC0038,LEAD01340,E0018,P008,8,2024-06-07,2024-07-17,4-Close,1.0,Won,2024-07-24,18762182.0,,18867197
OPP00490,ACC0016,LEAD01346,E0028,P009,26,2025-07-25,2025-08-24,4-Close,1.0,Won,2025-09-12,41754102.0,,40841884
OPP00491,ACC0006,LEAD01348,E0161,P010,14,2024-07-08,2024-07-28,4-Close,0.0,Lost,2024-08-06,,Went With In-house Supply,45193085
OPP00492,ACC0008,LEAD01350,E0052,P016,8,2025-10-29,2025-12-01,4-Close,0.0,Lost,2025-12-05,,Went With In-house Supply,85801966
OPP00493,ACC0041,LEAD01351,E0028,P010,26,2025-07-30,2025-09-04,4-Close,0.0,Lost,2025-09-12,,No Budget,80301865
OPP00494,ACC0038,LEAD01354,E0172,P007,10,2025-04-14,2025-06-12,4-Close,1.0,Won,2025-06-16,17260540.0,,18962918
OPP00495,ACC0012,LEAD01355,E0099,P001,3,2024-12-16,2025-04-29,4-Close,1.0,Won,2025-05-06,13700802.0,,13237398
OPP00496,ACC0049,LEAD01359,E0100,P015,9,2025-09-06,2025-09-23,4-Close,0.0,Lost,2025-09-24,,Lost to Competitor,160562874
OPP00497,ACC0034,LEAD01360,E0057,P014,20,2025-09-24,2025-12-25,4-Close,0.0,Lost,2025-12-30,,Went With In-house Supply,257276007
OPP00498,ACC0001,LEAD01362,E0148,P005,25,2025-03-15,2025-04-05,4-Close,1.0,Won,2025-04-05,212039634.0,,216693341
OPP00499,ACC0046,LEAD01363,E0096,P011,21,2025-03-06,2025-06-26,4-Close,0.0,Lost,2025-06-27,,Lost to Competitor,217460461
OPP00500,ACC0012,LEAD01369,E0119,P012,37,2025-05-09,2025-09-28,4-Close,1.0,Won,2025-09-30,117305701.0,,128863253
OPP00501,ACC0035,LEAD01375,E0122,P004,19,2025-09-11,2025-10-12,4-Close,0.0,Lost,2025-10-14,,No Budget,154396033
OPP00502,ACC0048,LEAD01380,E0148,P013,14,2025-02-09,2025-03-04,4-Close,1.0,Won,2025-03-15,136730029.0,,141616653
OPP00503,ACC0017,LEAD01381,E0122,P010,22,2024-01-28,2024-02-24,4-Close,1.0,Won,2024-02-28,63313828.0,,64752132
OPP00504,ACC0069,LEAD01384,E0032,P004,63,2024-06-06,2024-08-05,4-Close,0.0,Lost,2024-08-10,,Lost to Competitor,470170137
OPP00505,ACC0042,LEAD01385,E0085,P015,34,2025-11-16,2025-12-12,4-Close,0.0,Lost,2025-12-14,,Lost to Competitor,653476118
OPP00506,ACC0041,LEAD01386,E0163,P005,32,2024-04-15,2024-05-12,4-Close,0.0,Lost,2024-05-23,,No Budget,265863155
OPP00507,ACC0017,LEAD01387,E0163,P012,69,2024-06-19,2024-07-13,4-Close,0.0,Lost,2024-07-28,,Went With In-house Supply,238094019
OPP00508,ACC0056,LEAD01388,E0059,P010,22,2025-05-01,2025-05-28,4-Close,0.0,Lost,2025-06-04,,No Budget,68937274
OPP00509,ACC0055,LEAD01389,E0085,P006,15,2024-06-20,2024-11-16,4-Close,0.0,Lost,2024-11-23,,No Budget,21383315
OPP00510,ACC0041,LEAD01393,E0014,P007,48,2025-12-12,2026-01-11,3-Propose,0.64,Open,,,,99200240
OPP00511,ACC0036,LEAD01396,E0119,P017,62,2025-09-26,2025-11-19,4-Close,0.0,Lost,2025-11-29,,Timing / Postponed,760992166
OPP00512,ACC0001,LEAD01398,E0163,P016,31,2024-06-09,2024-08-01,4-Close,0.0,Lost,2024-08-04,,Timing / Postponed,297510170
OPP00513,ACC0038,LEAD01401,E0014,P009,30,2024-08-08,2024-09-18,4-Close,1.0,Won,2024-09-16,51405439.0,,49306393
OPP00514,ACC0023,LEAD01403,E0163,P015,71,2024-08-30,2024-10-27,4-Close,1.0,Won,2024-10-29,1330558819.0,,1285338103
OPP00515,ACC0063,LEAD01404,E0173,P016,2,2025-12-09,2026-03-26,1-Qualify,0.16,Open,,,,21180614
OPP00516,ACC0050,LEAD01406,E0057,P013,39,2024-07-28,2024-08-31,4-Close,0.0,Lost,2024-09-07,,Timing / Postponed,375349684
OPP00517,ACC0013,LEAD01408,E0126,P014,8,2024-08-31,2024-09-21,4-Close,1.0,Won,2024-10-01,98090957.0,,100853754
OPP00518,ACC0030,LEAD01410,E0009,P008,37,2024-12-02,2025-01-02,4-Close,1.0,Won,2025-01-07,86309144.0,,89277555
OPP00519,ACC0064,LEAD01411,E0099,P002,21,2024-08-13,2024-09-28,4-Close,0.0,Lost,2024-09-29,,Went With In-house Supply,110003273
OPP00520,ACC0038,LEAD01416,E0173,P016,11,2024-04-01,2024-05-09,4-Close,1.0,Won,2024-05-05,107327138.0,,106167560
OPP00521,ACC0037,LEAD01417,E0096,P012,3,2024-08-29,2024-10-07,4-Close,0.0,Lost,2024-10-16,,Price,9618357
OPP00522,ACC0019,LEAD01418,E0059,P009,19,2025-06-15,2025-07-13,4-Close,1.0,Won,2025-07-26,29881241.0,,32225765
OPP00523,ACC0061,LEAD01420,E0100,P011,7,2025-12-25,2026-02-01,1-Qualify,0.2,Open,,,,74115747
OPP00524,ACC0044,LEAD01422,E0100,P003,50,2025-07-04,2025-08-09,4-Close,0.0,Lost,2025-08-11,,Price,321756143
OPP00525,ACC0058,LEAD01428,E0018,P016,21,2024-04-25,2024-05-29,4-Close,0.0,Lost,2024-06-11,,Went With In-house Supply,202818201
OPP00526,ACC0042,LEAD01434,E0018,P014,33,2025-11-13,2025-12-03,4-Close,0.0,Lost,2025-12-07,,No Budget,403474658
OPP00527,ACC0058,LEAD01435,E0172,P010,9,2025-10-13,2025-11-28,4-Close,0.0,Lost,2025-11-30,,No Budget,27297705
OPP00528,ACC0052,LEAD01437,E0100,P017,13,2025-09-12,2026-01-08,4-Close,0.92,Open,,,,145971743
OPP00529,ACC0051,LEAD01442,E0163,P014,7,2024-08-19,2024-11-26,4-Close,0.0,Lost,2024-11-23,,Price,94384258
OPP00530,ACC0068,LEAD01444,E0100,P008,74,2024-09-08,2024-11-16,4-Close,0.0,Lost,2024-11-20,,Went With In-house Supply,176491976
OPP00531,ACC0014,LEAD01447,E0052,P004,60,2025-09-05,2025-10-12,4-Close,1.0,Won,2025-11-01,482257069.0,,467302258
OPP00532,ACC0039,LEAD01448,E0099,P009,12,2025-02-22,2025-03-11,4-Close,0.0,Lost,2025-03-04,,Lost to Competitor,19449222
OPP00533,ACC0055,LEAD01449,E0018,P013,30,2024-03-29,2024-07-17,4-Close,0.0,Lost,2024-07-25,,Lost to Competitor,265315746
OPP00534,ACC0058,LEAD01450,E0126,P005,42,2025-11-23,2025-12-21,4-Close,0.0,Lost,2025-12-22,,Went With In-house Supply,345570036
OPP00535,ACC0066,LEAD01451,E0096,P002,47,2025-06-11,2025-07-18,4-Close,1.0,Won,2025-07-14,226519670.0,,241271291
OPP00536,ACC0061,LEAD01452,E0089,P017,7,2025-11-15,2025-12-08,4-Close,0.0,Lost,2025-12-15,,Price,76127759
OPP00537,ACC0067,LEAD01453,E0122,P016,13,2025-03-16,2025-04-24,4-Close,1.0,Won,2025-04-27,144434221.0,,141549299
OPP00538,ACC0046,LEAD01454,E0122,P010,23,2025-03-20,2025-07-18,4-Close,0.0,Lost,2025-07-24,,Price,71663694
OPP00539,ACC0050,LEAD01460,E0161,P009,22,2024-10-01,2024-10-31,4-Close,1.0,Won,2024-10-25,38201735.0,,38966313
OPP00540,ACC0031,LEAD01461,E0119,P003,10,2024-04-11,2024-07-07,4-Close,0.0,Lost,2024-07-07,,Timing / Postponed,63535006
OPP00541,ACC0004,LEAD01464,E0089,P002,113,2025-12-03,2025-12-24,4-Close,1.0,Won,2025-12-25,613544237.0,,618490290
OPP00542,ACC0030,LEAD01467,E0173,P014,3,2025-09-21,2025-11-17,4-Close,1.0,Won,2025-11-29,38624595.0,,38465456
OPP00543,ACC0049,LEAD01469,E0100,P007,14,2025-04-25,2025-05-14,4-Close,0.0,Lost,2025-05-20,,Price,26507900
OPP00544,ACC0028,LEAD01470,E0126,P003,9,2024-02-13,2024-07-11,4-Close,0.0,Lost,2024-07-24,,Lost to Competitor,52148141
OPP00545,ACC0015,LEAD01478,E0059,P010,29,2024-01-30,2024-03-24,4-Close,0.0,Lost,2024-03-27,,Went With In-house Supply,83767055
OPP00546,ACC0041,LEAD01480,E0161,P013,14,2024-05-28,2024-06-20,4-Close,0.0,Lost,2024-06-25,,Timing / Postponed,128800168
OPP00547,ACC0068,LEAD01481,E0028,P006,20,2024-05-24,2024-09-05,4-Close,0.0,Lost,2024-09-21,,Lost to Competitor,31500038
OPP00548,ACC0030,LEAD01482,E0057,P013,39,2025-12-26,2026-02-08,1-Qualify,0.17,Open,,,,346058337
OPP00549,ACC0043,LEAD01486,E0028,P013,13,2024-04-28,2024-06-26,4-Close,1.0,Won,2024-06-30,114136709.0,,115334775
OPP00550,ACC0058,LEAD01492,E0096,P005,53,2025-02-03,2025-03-16,4-Close,1.0,Won,2025-03-15,497104340.0,,478800220
OPP00551,ACC0014,LEAD01494,E0032,P011,23,2024-09-30,2024-10-31,4-Close,1.0,Won,2024-11-07,212584695.0,,216928076
OPP00552,ACC0049,LEAD01499,E0100,P012,10,2025-06-08,2025-06-24,4-Close,0.0,Lost,2025-06-24,,Timing / Postponed,34242969
OPP00553,ACC0024,LEAD01501,E0014,P001,7,2025-02-20,2025-06-17,4-Close,0.0,Lost,2025-06-27,,No Budget,30504186
OPP00554,ACC0043,LEAD01507,E0014,P001,21,2024-06-06,2024-07-23,4-Close,0.0,Lost,2024-07-22,,No Budget,93976356
OPP00555,ACC0059,LEAD01509,E0085,P004,8,2025-06-22,2025-07-18,4-Close,0.0,Lost,2025-07-24,,Lost to Competitor,60951417
OPP00556,ACC0067,LEAD01517,E0014,P004,7,2024-05-21,2024-06-10,4-Close,0.0,Lost,2024-06-03,,Lost to Competitor,53069390
OPP00557,ACC0005,LEAD01521,E0089,P008,104,2025-07-10,2025-08-10,4-Close,1.0,Won,2025-08-21,240586434.0,,251150443
OPP00558,ACC0060,LEAD01523,E0057,P013,47,2025-05-05,2025-08-26,4-Close,1.0,Won,2025-08-24,449314328.0,,439842763
OPP00559,ACC0007,LEAD01524,E0161,P008,7,2025-06-23,2025-12-18,4-Close,1.0,Won,2025-12-22,16399541.0,,18000571
OPP00560,ACC0062,LEAD01526,E0161,P002,20,2024-09-11,2024-10-02,4-Close,1.0,Won,2024-10-03,100630003.0,,106860958
OPP00561,ACC0042,LEAD01531,E0126,P007,16,2025-09-07,2025-09-23,4-Close,0.0,Lost,2025-09-24,,Price,30234473
OPP00562,ACC0022,LEAD01533,E0172,P003,122,2025-09-01,2025-10-17,4-Close,0.0,Lost,2025-10-20,,Went With In-house Supply,775263771
OPP00563,ACC0032,LEAD01534,E0085,P011,58,2025-12-15,2026-01-12,3-Propose,0.72,Open,,,,578478036
OPP00564,ACC0033,LEAD01537,E0009,P017,16,2025-08-08,2025-09-30,4-Close,0.0,Lost,2025-09-30,,No Budget,181004302
OPP00565,ACC0007,LEAD01540,E0089,P010,13,2025-03-04,2025-06-14,4-Close,1.0,Won,2025-06-14,38649632.0,,37689112
OPP00566,ACC0068,LEAD01542,E0100,P016,18,2025-02-16,2025-05-05,4-Close,0.0,Lost,2025-05-04,,Went With In-house Supply,185276845
OPP00567,ACC0007,LEAD01547,E0052,P007,21,2025-07-21,2026-01-13,4-Close,0.92,Open,,,,41186322
OPP00568,ACC0034,LEAD01548,E0161,P001,16,2024-06-06,2024-10-11,4-Close,0.0,Lost,2024-10-24,,Timing / Postponed,73491411
OPP00569,ACC0035,LEAD01550,E0119,P005,25,2025-08-05,2025-09-13,4-Close,0.0,Lost,2025-09-14,,Lost to Competitor,232905377
OPP00570,ACC0052,LEAD01551,E0148,P008,44,2025-09-05,2025-11-06,4-Close,0.0,Lost,2025-11-03,,Timing / Postponed,110196440
OPP00571,ACC0052,LEAD01553,E0163,P016,26,2025-05-10,2025-07-23,4-Close,0.0,Lost,2025-07-26,,Timing / Postponed,270006781
OPP00572,ACC0035,LEAD01560,E0172,P014,9,2025-01-13,2025-01-30,4-Close,0.0,Lost,2025-01-31,,No Budget,121704670
OPP00573,ACC0035,LEAD01561,E0119,P010,12,2024-04-20,2024-05-22,4-Close,1.0,Won,2024-05-23,35344855.0,,38624666
OPP00574,ACC0033,LEAD01562,E0018,P017,16,2024-05-30,2024-07-02,4-Close,1.0,Won,2024-06-30,202189282.0,,196033640
OPP00575,ACC0070,LEAD01574,E0096,P009,17,2025-11-07,2025-12-19,4-Close,0.0,Lost,2025-12-15,,Price,30530046
OPP00576,ACC0033,LEAD01576,E0100,P002,27,2025-07-07,2025-09-03,4-Close,0.0,Lost,2025-09-12,,Timing / Postponed,149209179
OPP00577,ACC0020,LEAD01577,E0018,P004,11,2025-01-02,2025-01-31,4-Close,1.0,Won,2025-02-03,85201031.0,,88206883
OPP00578,ACC0039,LEAD01579,E0099,P004,21,2025-07-19,2025-08-20,4-Close,0.0,Lost,2025-08-15,,Went With In-house Supply,161888916
OPP00579,ACC0017,LEAD01580,E0163,P017,8,2025-01-09,2025-02-20,4-Close,0.0,Lost,2025-02-28,,No Budget,90062118
OPP00580,ACC0044,LEAD01583,E0096,P014,20,2025-02-20,2025-03-29,4-Close,0.0,Lost,2025-04-07,,No Budget,238380692
OPP00581,ACC0034,LEAD01586,E0173,P009,134,2024-06-19,2024-10-22,4-Close,0.0,Lost,2024-10-17,,No Budget,228779088
OPP00582,ACC0002,LEAD01587,E0099,P017,8,2024-01-21,2024-03-16,4-Close,0.0,Lost,2024-03-07,,No Budget,86882842
OPP00583,ACC0065,LEAD01591,E0057,P003,20,2024-07-20,2024-08-20,4-Close,1.0,Won,2024-08-18,124478970.0,,120177627
OPP00584,ACC0058,LEAD01594,E0172,P007,34,2024-11-07,2024-12-13,4-Close,1.0,Won,2024-12-22,68931785.0,,70154381
OPP00585,ACC0012,LEAD01596,E0014,P011,56,2025-01-27,2025-05-03,4-Close,0.0,Lost,2025-05-13,,Timing / Postponed,597484965
OPP00586,ACC0045,LEAD01597,E0122,P003,43,2025-10-08,2026-03-19,3-Propose,0.73,Open,,,,263448193
OPP00587,ACC0010,LEAD01599,E0148,P003,34,2025-10-15,2025-11-16,4-Close,0.0,Lost,2025-11-10,,No Budget,213365517
OPP00588,ACC0058,LEAD01600,E0057,P017,137,2024-07-13,2024-08-28,4-Close,0.0,Lost,2024-09-03,,Price,1579129549
OPP00589,ACC0011,LEAD01601,E0172,P017,16,2024-06-27,2024-11-29,4-Close,0.0,Lost,2024-11-28,,Price,195688452
OPP00590,ACC0035,LEAD01604,E0096,P013,8,2025-08-12,2025-09-07,4-Close,0.0,Lost,2025-09-07,,No Budget,71748490
OPP00591,ACC0050,LEAD01609,E0052,P002,5,2024-05-05,2024-06-03,4-Close,0.0,Lost,2024-06-08,,No Budget,26766452
OPP00592,ACC0064,LEAD01610,E0032,P014,36,2024-06-28,2024-09-09,4-Close,0.0,Lost,2024-09-09,,Went With In-house Supply,446318395
OPP00593,ACC0008,LEAD01611,E0009,P016,24,2025-01-29,2025-03-07,4-Close,0.0,Lost,2025-03-15,,No Budget,262861261
OPP00594,ACC0044,LEAD01613,E0018,P007,10,2024-01-23,2024-02-20,4-Close,0.0,Lost,2024-02-25,,No Budget,19749310
OPP00595,ACC0044,LEAD01614,E0014,P012,17,2025-05-08,2025-05-31,4-Close,1.0,Won,2025-06-09,50738694.0,,54437620
OPP00596,ACC0053,LEAD01616,E0126,P011,14,2024-12-30,2025-01-29,4-Close,0.0,Lost,2025-02-07,,Timing / Postponed,136735496
OPP00597,ACC0021,LEAD01618,E0099,P007,29,2025-03-02,2025-03-19,4-Close,1.0,Won,2025-03-22,59354326.0,,62200568
OPP00598,ACC0048,LEAD01620,E0163,P007,27,2024-11-01,2024-12-22,4-Close,0.0,Lost,2024-12-17,,Lost to Competitor,50150248
OPP00599,ACC0015,LEAD01622,E0018,P005,32,2024-03-17,2024-04-19,4-Close,0.0,Lost,2024-04-21,,Went With In-house Supply,278432393
OPP00600,ACC0069,LEAD01623,E0119,P013,16,2024-04-03,2024-08-05,4-Close,0.0,Lost,2024-08-11,,No Budget,154675832
OPP00601,ACC0061,LEAD01624,E0009,P003,31,2025-10-03,2025-10-27,4-Close,1.0,Won,2025-10-22,173152121.0,,182007682
OPP00602,ACC0048,LEAD01625,E0032,P006,21,2025-06-17,2025-07-11,4-Close,0.0,Lost,2025-07-11,,Price,32503146
OPP00603,ACC0053,LEAD01626,E0028,P011,9,2025-05-02,2025-06-08,4-Close,0.0,Lost,2025-06-14,,Went With In-house Supply,91311563
OPP00604,ACC0068,LEAD01629,E0009,P011,8,2025-01-23,2025-05-08,4-Close,0.0,Lost,2025-05-14,,Price,75072957
OPP00605,ACC0012,LEAD01639,E0119,P001,12,2024-11-15,2025-02-14,4-Close,0.0,Lost,2025-02-23,,Went With In-house Supply,54665245
OPP00606,ACC0036,LEAD01641,E0057,P007,31,2025-12-18,2026-01-30,2-Develop,0.32,Open,,,,59634553
OPP00607,ACC0012,LEAD01645,E0096,P017,89,2025-12-18,2026-05-25,1-Qualify,0.18,Open,,,,965735378
OPP00608,ACC0014,LEAD01651,E0018,P008,24,2024-05-12,2024-06-11,4-Close,1.0,Won,2024-06-20,55095580.0,,59407135
OPP00609,ACC0006,LEAD01655,E0052,P013,19,2024-12-29,2025-01-15,4-Close,0.0,Lost,2025-01-15,,No Budget,176346021
OPP00610,ACC0051,LEAD01658,E0085,P009,79,2024-03-31,2024-07-12,4-Close,0.0,Lost,2024-07-06,,Went With In-house Supply,129042555
OPP00611,ACC0038,LEAD01661,E0099,P014,34,2025-09-22,2025-11-12,4-Close,0.0,Lost,2025-11-26,,Went With In-house Supply,421132044
OPP00612,ACC0057,LEAD01669,E0148,P013,2,2024-12-11,2025-03-04,4-Close,0.0,Lost,2025-03-08,,No Budget,18948308
OPP00613,ACC0059,LEAD01673,E0096,P010,5,2025-07-09,2025-09-06,4-Close,1.0,Won,2025-09-02,14703416.0,,14079436
OPP00614,ACC0035,LEAD01675,E0089,P012,29,2025-01-19,2025-02-03,4-Close,1.0,Won,2025-02-03,94219091.0,,100708900
OPP00615,ACC0054,LEAD01684,E0032,P008,7,2024-12-22,2025-03-18,4-Close,1.0,Won,2025-03-15,15948094.0,,17288132
OPP00616,ACC0024,LEAD01685,E0014,P004,23,2025-11-26,2026-02-13,2-Develop,0.39,Open,,,,175538216
OPP00617,ACC0058,LEAD01687,E0119,P001,12,2025-08-08,2025-08-30,4-Close,0.0,Lost,2025-09-12,,No Budget,55217866
OPP00618,ACC0008,LEAD01689,E0032,P009,8,2024-02-21,2024-04-20,4-Close,1.0,Won,2024-05-01,12529221.0,,13527311
OPP00619,ACC0051,LEAD01691,E0057,P013,18,2025-07-29,2025-12-16,4-Close,0.0,Lost,2025-12-19,,Timing / Postponed,181451868
OPP00620,ACC0052,LEAD01692,E0122,P012,63,2024-01-21,2024-05-18,4-Close,1.0,Won,2024-05-16,199277989.0,,206203501
OPP00621,ACC0051,LEAD01693,E0052,P009,25,2024-10-25,2025-01-01,4-Close,0.0,Lost,2025-01-05,,Lost to Competitor,43972334
OPP00622,ACC0015,LEAD01697,E0100,P011,85,2024-03-18,2024-04-15,4-Close,0.0,Lost,2024-04-28,,Lost to Competitor,877948399
OPP00623,ACC0067,LEAD01698,E0018,P014,37,2024-04-15,2024-05-11,4-Close,0.0,Lost,2024-05-04,,Timing / Postponed,442073950
OPP00624,ACC0020,LEAD01700,E0032,P003,49,2025-05-27,2025-07-03,4-Close,1.0,Won,2025-07-03,295164457.0,,315703213
OPP00625,ACC0024,LEAD01703,E0099,P006,59,2025-06-24,2025-10-17,4-Close,0.0,Lost,2025-10-26,,Lost to Competitor,84752560
OPP00626,ACC0018,LEAD01705,E0163,P014,81,2024-01-26,2024-03-04,4-Close,1.0,Won,2024-03-02,999368265.0,,1018904750
OPP00627,ACC0050,LEAD01706,E0122,P004,16,2025-03-21,2025-04-26,4-Close,1.0,Won,2025-05-10,122019914.0,,119016991
OPP00628,ACC0041,LEAD01709,E0052,P015,87,2025-01-02,2025-02-05,4-Close,0.0,Lost,2025-02-05,,Went With In-house Supply,1527166465
OPP00629,ACC0002,LEAD01710,E0059,P015,24,2024-11-06,2024-12-19,4-Close,0.0,Lost,2024-12-18,,Timing / Postponed,435385586
OPP00630,ACC0037,LEAD01711,E0014,P012,50,2024-05-16,2024-06-28,4-Close,0.0,Lost,2024-07-09,,Timing / Postponed,154503146
OPP00631,ACC0048,LEAD01713,E0059,P009,46,2024-01-25,2024-02-14,4-Close,1.0,Won,2024-02-10,76103616.0,,78787210
OPP00632,ACC0062,LEAD01714,E0122,P003,32,2025-06-22,2025-07-14,4-Close,0.0,Lost,2025-07-17,,No Budget,186595048
OPP00633,ACC0069,LEAD01717,E0148,P002,11,2025-01-22,2025-07-03,4-Close,0.0,Lost,2025-07-09,,Price,56749327
OPP00634,ACC0049,LEAD01723,E0014,P005,21,2024-12-18,2025-01-15,4-Close,0.0,Lost,2025-01-15,,Price,187278642
OPP00635,ACC0058,LEAD01724,E0163,P005,16,2024-10-28,2024-12-20,4-Close,1.0,Won,2024-12-24,156279831.0,,151200248
OPP00636,ACC0038,LEAD01725,E0028,P015,38,2025-05-17,2025-07-13,4-Close,1.0,Won,2025-07-19,703448547.0,,709419502
OPP00637,ACC0020,LEAD01728,E0172,P003,55,2025-04-28,2025-05-31,4-Close,1.0,Won,2025-06-07,306286870.0,,311501112
OPP00638,ACC0020,LEAD01729,E0172,P017,7,2024-06-28,2024-07-28,4-Close,1.0,Won,2024-07-31,82219839.0,,81878274
OPP00639,ACC0014,LEAD01736,E0096,P001,13,2024-07-29,2024-08-30,4-Close,0.0,Lost,2024-09-06,,No Budget,57837001
OPP00640,ACC0016,LEAD01738,E0057,P015,22,2024-06-30,2024-08-05,4-Close,1.0,Won,2024-07-31,398662483.0,,438336254
OPP00641,ACC0004,LEAD01739,E0163,P007,42,2024-04-17,2024-05-26,4-Close,1.0,Won,2024-05-29,73510700.0,,78810566
OPP00642,ACC0067,LEAD01746,E0119,P016,49,2024-08-20,2024-10-01,4-Close,0.0,Lost,2024-09-26,,Went With In-house Supply,540332023
OPP00643,ACC0047,LEAD01747,E0126,P007,61,2025-10-26,2025-11-20,4-Close,0.0,Lost,2025-11-28,,Timing / Postponed,116702434
OPP00644,ACC0043,LEAD01748,E0089,P007,38,2025-03-02,2025-04-29,4-Close,0.0,Lost,2025-05-02,,Timing / Postponed,73194477
OPP00645,ACC0049,LEAD01751,E0161,P002,20,2025-04-22,2025-05-23,4-Close,1.0,Won,2025-05-29,102028558.0,,97725823
OPP00646,ACC0062,LEAD01754,E0173,P011,245,2024-04-09,2024-04-25,4-Close,0.0,Lost,2024-04-25,,Price,2297299982
OPP00647,ACC0063,LEAD01756,E0172,P015,11,2024-04-04,2024-07-28,4-Close,0.0,Lost,2024-07-26,,Timing / Postponed,220452724
OPP00648,ACC0048,LEAD01758,E0163,P015,6,2024-02-17,2024-04-05,4-Close,0.0,Lost,2024-04-14,,Timing / Postponed,111607212
OPP00649,ACC0048,LEAD01763,E0100,P011,59,2025-05-29,2025-07-11,4-Close,1.0,Won,2025-07-13,582141946.0,,634740010
OPP00650,ACC0051,LEAD01767,E0100,P007,286,2025-03-27,2025-08-19,4-Close,0.0,Lost,2025-08-21,,Price,576824712
OPP00651,ACC0007,LEAD01768,E0172,P009,7,2025-03-02,2025-05-05,4-Close,1.0,Won,2025-05-08,11212065.0,,12166419
OPP00652,ACC0048,LEAD01772,E0059,P002,87,2025-03-28,2025-04-22,4-Close,0.0,Lost,2025-04-28,,No Budget,469325635
OPP00653,ACC0045,LEAD01774,E0172,P015,11,2025-05-31,2025-09-28,4-Close,0.0,Lost,2025-09-27,,Price,221194236
OPP00654,ACC0032,LEAD01777,E0173,P009,23,2025-10-08,2025-11-24,4-Close,1.0,Won,2025-12-03,36402129.0,,38008211
OPP00655,ACC0053,LEAD01779,E0052,P009,42,2025-03-28,2025-05-21,4-Close,0.0,Lost,2025-05-22,,Went With In-house Supply,74642932
OPP00656,ACC0039,LEAD01783,E0085,P006,30,2025-07-02,2025-08-01,4-Close,1.0,Won,2025-07-27,46373200.0,,47387995
OPP00657,ACC0061,LEAD01788,E0172,P011,21,2025-03-31,2025-04-15,4-Close,0.0,Lost,2025-04-08,,Went With In-house Supply,217355377
OPP00658,ACC0032,LEAD01792,E0126,P003,36,2024-10-15,2024-11-30,4-Close,0.0,Lost,2024-11-30,,Lost to Competitor,230785738
OPP00659,ACC0068,LEAD01793,E0100,P002,36,2024-03-10,2024-05-08,4-Close,1.0,Won,2024-05-17,167005815.0,,181170406
OPP00660,ACC0038,LEAD01794,E0059,P010,22,2025-12-08,2026-01-27,2-Develop,0.32,Open,,,,65886295
OPP00661,ACC0067,LEAD01795,E0032,P008,17,2024-05-01,2024-05-28,4-Close,0.0,Lost,2024-05-30,,Went With In-house Supply,38039629
OPP00662,ACC0012,LEAD01796,E0099,P008,17,2025-01-26,2025-05-02,4-Close,1.0,Won,2025-05-02,36525268.0,,39741133
OPP00663,ACC0025,LEAD01799,E0032,P016,9,2025-07-23,2025-09-22,4-Close,0.0,Lost,2025-09-27,,Timing / Postponed,96556146
OPP00664,ACC0045,,E0173,P013,5,2024-04-30,2024-08-10,4-Close,0.0,Lost,2024-08-14,,No Budget,45776449
OPP00665,ACC0003,,E0122,P002,4,2024-06-23,2024-07-13,4-Close,0.0,Lost,2024-07-15,,Timing / Postponed,20645218
OPP00666,ACC0035,,E0126,P014,12,2025-09-25,2025-10-14,4-Close,0.0,Lost,2025-10-05,,Timing / Postponed,158671621
OPP00667,ACC0033,,E0161,P003,16,2024-04-16,2024-05-20,4-Close,1.0,Won,2024-05-27,87544529.0,,89965878
OPP00668,ACC0053,,E0126,P010,21,2024-11-11,2024-12-11,4-Close,0.0,Lost,2024-12-10,,Timing / Postponed,59475265
OPP00669,ACC0026,,E0100,P013,15,2024-06-04,2024-07-05,4-Close,0.0,Lost,2024-07-10,,Lost to Competitor,146344300
OPP00670,ACC0039,,E0085,P012,44,2024-06-12,2024-07-05,4-Close,0.0,Lost,2024-07-11,,Timing / Postponed,138732472
OPP00671,ACC0035,,E0028,P008,6,2025-06-25,2025-07-22,4-Close,0.0,Lost,2025-07-26,,Lost to Competitor,14631090
OPP00672,ACC0028,,E0173,P005,32,2025-12-14,2026-02-20,2-Develop,0.35,Open,,,,284482690
OPP00673,ACC0010,,E0148,P003,12,2025-05-16,2025-06-24,4-Close,1.0,Won,2025-06-20,75666668.0,,73545510
OPP00674,ACC0022,,E0126,P013,5,2024-03-05,2024-04-06,4-Close,0.0,Lost,2024-04-02,,Timing / Postponed,48825837
OPP00675,ACC0052,,E0059,P008,60,2025-01-28,2025-03-28,4-Close,0.0,Lost,2025-04-03,,Price,136196844
OPP00676,ACC0010,,E0057,P003,183,2025-01-18,2025-02-02,4-Close,1.0,Won,2025-02-06,1063676165.0,,1157381526
OPP00677,ACC0010,,E0032,P003,72,2025-07-09,2025-08-17,4-Close,0.0,Lost,2025-08-26,,Price,455320810
OPP00678,ACC0064,,E0096,P008,25,2025-01-11,2025-03-28,4-Close,0.0,Lost,2025-03-22,,Price,56188091
OPP00679,ACC0070,,E0032,P009,16,2025-11-15,2026-01-10,4-Close,0.85,Open,,,,25223399
OPP00680,ACC0056,,E0014,P008,45,2024-08-08,2024-09-08,4-Close,0.0,Lost,2024-09-08,,Timing / Postponed,102334663
OPP00681,ACC0039,,E0052,P004,16,2025-11-16,2025-12-01,4-Close,1.0,Won,2025-12-06,120207521.0,,123065160
OPP00682,ACC0020,,E0099,P002,7,2024-06-19,2024-07-21,4-Close,1.0,Won,2024-07-28,34503486.0,,36446050
OPP00683,ACC0049,,E0172,P016,63,2025-01-20,2025-02-13,4-Close,0.0,Lost,2025-02-19,,No Budget,688336379
OPP00684,ACC0032,,E0173,P010,63,2024-08-05,2024-09-22,4-Close,1.0,Won,2024-10-02,208440079.0,,204059216
OPP00685,ACC0002,,E0099,P006,48,2025-12-04,2026-01-30,2-Develop,0.36,Open,,,,76320580
OPP00686,ACC0049,,E0096,P001,33,2025-09-26,2025-10-13,4-Close,1.0,Won,2025-10-18,143206277.0,,138605427
OPP00687,ACC0046,,E0126,P003,17,2024-04-17,2024-07-25,4-Close,0.0,Lost,2024-07-20,,Price,97550923
OPP00688,ACC0062,,E0014,P001,8,2024-02-06,2024-03-05,4-Close,0.0,Lost,2024-03-10,,Went With In-house Supply,32942097
OPP00689,ACC0061,,E0085,P002,68,2025-12-14,2026-01-03,4-Close,0.86,Open,,,,367776236
OPP00690,ACC0024,,E0028,P013,7,2024-03-20,2024-05-30,4-Close,0.0,Lost,2024-05-28,,Went With In-house Supply,62916741
OPP00691,ACC0035,,E0085,P009,39,2025-11-24,2025-12-10,4-Close,1.0,Won,2025-12-16,59340000.0,,62802356
OPP00692,ACC0025,,E0173,P011,7,2024-08-26,2024-12-07,4-Close,0.0,Lost,2024-12-04,,Went With In-house Supply,69703280
OPP00693,ACC0004,,E0085,P008,6,2024-01-26,2024-02-24,4-Close,0.0,Lost,2024-02-27,,Timing / Postponed,14354169
OPP00694,ACC0037,,E0119,P014,35,2025-06-17,2025-07-11,4-Close,0.0,Lost,2025-07-13,,Price,415703753
OPP00695,ACC0008,,E0014,P003,12,2025-05-14,2025-07-12,4-Close,1.0,Won,2025-07-23,75868692.0,,77528779
OPP00696,ACC0058,,E0032,P001,28,2025-12-27,2026-02-07,1-Qualify,0.15,Open,,,,121281207
OPP00697,ACC0023,,E0059,P014,76,2025-04-01,2025-05-11,4-Close,0.0,Lost,2025-05-12,,No Budget,990062101
OPP00698,ACC0010,,E0096,P013,21,2025-06-18,2025-07-18,4-Close,0.0,Lost,2025-07-11,,Lost to Competitor,194653343
OPP00699,ACC0052,,E0018,P014,21,2024-04-08,2024-06-07,4-Close,0.0,Lost,2024-06-06,,Lost to Competitor,275003784
OPP00700,ACC0027,,E0085,P006,75,2025-01-05,2025-01-27,4-Close,1.0,Won,2025-02-01,123063445.0,,117828700
OPP00701,ACC0064,,E0009,P009,19,2025-02-23,2025-07-18,4-Close,0.0,Lost,2025-07-28,,Went With In-house Supply,30929747
OPP00702,ACC0055,,E0085,P012,14,2025-11-02,2026-03-21,2-Develop,0.3,Open,,,,46616297
OPP00703,ACC0054,,E0018,P017,14,2024-08-11,2024-10-17,4-Close,0.0,Lost,2024-10-18,,No Budget,167597957
OPP00704,ACC0067,,E0009,P014,41,2025-07-07,2025-08-20,4-Close,1.0,Won,2025-08-20,472710831.0,,518264329
OPP00705,ACC0033,,E0122,P005,22,2025-01-24,2025-03-15,4-Close,1.0,Won,2025-03-22,186275346.0,,205012089
OPP00706,ACC0015,,E0163,P015,20,2025-05-03,2025-06-26,4-Close,0.0,Lost,2025-06-26,,No Budget,366130498
OPP00707,ACC0025,,E0148,P013,20,2024-04-11,2024-08-13,4-Close,0.0,Lost,2024-08-20,,Price,177607131
OPP00708,ACC0024,,E0089,P012,7,2025-12-06,2026-02-21,2-Develop,0.38,Open,,,,21310091
OPP00709,ACC0030,,E0126,P012,6,2024-08-30,2024-10-13,4-Close,0.0,Lost,2024-10-12,,Went With In-house Supply,19737031
OPP00710,ACC0051,,E0122,P012,7,2025-07-10,2025-10-15,4-Close,1.0,Won,2025-10-19,21915007.0,,21752905
OPP00711,ACC0018,,E0163,P003,12,2024-05-02,2024-06-01,4-Close,1.0,Won,2024-06-09,74274075.0,,76755087
OPP00712,ACC0040,,E0163,P015,33,2024-04-21,2024-05-20,4-Close,1.0,Won,2024-05-11,622364322.0,,594375685
OPP00713,ACC0016,,E0057,P008,27,2024-07-19,2024-08-25,4-Close,0.0,Lost,2024-08-31,,Went With In-house Supply,64607262
OPP00714,ACC0039,,E0014,P003,11,2024-08-02,2024-08-24,4-Close,1.0,Won,2024-08-23,68222897.0,,65045466
OPP00715,ACC0017,,E0126,P015,45,2024-08-19,2024-09-16,4-Close,0.0,Lost,2024-09-26,,No Budget,898750471
OPP00716,ACC0052,,E0014,P005,30,2025-07-10,2025-11-09,4-Close,0.0,Lost,2025-11-09,,Price,250425812
OPP00717,ACC0018,,E0100,P014,112,2024-06-20,2024-07-07,4-Close,1.0,Won,2024-07-11,1367052335.0,,1488158715
OPP00718,ACC0051,,E0100,P002,19,2025-02-03,2025-05-13,4-Close,0.0,Lost,2025-05-13,,No Budget,100702515
OPP00719,ACC0017,,E0018,P004,29,2024-12-08,2024-12-28,4-Close,1.0,Won,2025-01-04,222758774.0,,221791638
OPP00720,ACC0010,,E0014,P007,15,2024-06-09,2024-06-28,4-Close,0.0,Lost,2024-06-28,,Price,31098795
OPP00721,ACC0059,,E0172,P017,11,2024-10-21,2024-12-15,4-Close,0.0,Lost,2024-12-19,,Timing / Postponed,119179335
OPP00722,ACC0029,,E0059,P014,65,2025-09-26,2026-01-31,4-Close,0.9,Open,,,,808184053
OPP00723,ACC0044,,E0018,P007,23,2025-12-06,2026-01-25,3-Propose,0.63,Open,,,,43888334
OPP00724,ACC0067,,E0100,P009,55,2024-12-25,2025-02-10,4-Close,1.0,Won,2025-02-07,94586211.0,,92011928
OPP00725,ACC0015,,E0099,P012,7,2025-05-30,2025-06-28,4-Close,1.0,Won,2025-07-05,24984307.0,,24354196
OPP00726,ACC0020,,E0085,P006,30,2025-11-02,2025-11-28,4-Close,0.0,Lost,2025-11-28,,Timing / Postponed,43736952
OPP00727,ACC0053,,E0089,P008,21,2024-07-13,2024-08-26,4-Close,1.0,Won,2024-08-30,50247816.0,,49098306
OPP00728,ACC0015,,E0085,P010,8,2025-10-17,2025-12-13,4-Close,0.0,Lost,2025-12-15,,Lost to Competitor,22753488
OPP00729,ACC0064,,E0014,P009,43,2025-12-06,2026-01-23,3-Propose,0.62,Open,,,,69203501
OPP00730,ACC0027,,E0172,P012,52,2025-12-21,2026-02-06,1-Qualify,0.13,Open,,,,180327139
OPP00731,ACC0012,,E0018,P013,64,2025-04-07,2025-07-21,4-Close,0.0,Lost,2025-07-28,,Timing / Postponed,620987522
OPP00732,ACC0067,,E0172,P003,132,2024-06-12,2024-08-10,4-Close,0.0,Lost,2024-08-09,,Price,804770548
OPP00733,ACC0054,,E0018,P006,17,2025-11-11,2026-05-07,2-Develop,0.34,Open,,,,26538267
OPP00734,ACC0020,,E0028,P017,115,2024-03-25,2024-04-20,4-Close,0.0,Lost,2024-04-24,,Lost to Competitor,1389405072
OPP00735,ACC0059,,E0119,P007,22,2024-05-26,2024-06-16,4-Close,0.0,Lost,2024-06-26,,No Budget,42107273
OPP00736,ACC0029,,E0119,P004,7,2025-02-12,2025-05-11,4-Close,0.0,Lost,2025-05-12,,Price,51996597
OPP00737,ACC0022,,E0173,P009,6,2024-05-04,2024-06-11,4-Close,0.0,Lost,2024-06-03,,Timing / Postponed,9807914
OPP00738,ACC0026,,E0018,P003,7,2024-11-29,2024-12-22,4-Close,1.0,Won,2025-01-01,43810232.0,,43829334
OPP00739,ACC0070,,E0089,P007,11,2024-01-14,2024-02-24,4-Close,1.0,Won,2024-02-22,21371408.0,,21214414
OPP00740,ACC0005,,E0172,P004,9,2025-01-12,2025-02-11,4-Close,0.0,Lost,2025-02-17,,Timing / Postponed,69972237
OPP00741,ACC0040,,E0148,P008,3,2025-03-06,2025-03-23,4-Close,0.0,Lost,2025-03-23,,No Budget,6866200
OPP00742,ACC0032,,E0085,P016,5,2024-08-22,2024-10-12,4-Close,0.0,Lost,2024-10-22,,No Budget,50475790
OPP00743,ACC0014,,E0018,P010,49,2024-10-10,2024-11-01,4-Close,0.0,Lost,2024-11-08,,Timing / Postponed,150063869
OPP00744,ACC0025,,E0059,P013,21,2024-08-13,2024-11-03,4-Close,0.0,Lost,2024-11-01,,Timing / Postponed,186555760
OPP00745,ACC0002,,E0096,P009,74,2024-08-24,2024-10-15,4-Close,0.0,Lost,2024-10-11,,Went With In-house Supply,126410105
OPP00746,ACC0003,,E0148,P002,15,2025-09-05,2025-10-04,4-Close,0.0,Lost,2025-10-09,,Lost to Competitor,77288184
OPP00747,ACC0034,,E0122,P011,22,2025-07-22,2025-11-02,4-Close,0.0,Lost,2025-11-04,,Price,229574305
OPP00748,ACC0069,,E0100,P015,66,2024-07-03,2024-11-03,4-Close,0.0,Lost,2024-11-05,,No Budget,1287287372
OPP00749,ACC0019,,E0099,P010,48,2024-08-14,2024-09-10,4-Close,1.0,Won,2024-09-05,139761439.0,,142284986
OPP00750,ACC0057,,E0122,P016,7,2024-10-06,2025-03-20,4-Close,0.0,Lost,2025-03-27,,Lost to Competitor,75184206
OPP00751,ACC0022,,E0096,P009,49,2024-01-16,2024-02-10,4-Close,0.0,Lost,2024-02-15,,Went With In-house Supply,81638339
OPP00752,ACC0066,,E0009,P013,12,2025-11-08,2025-12-15,4-Close,0.0,Lost,2025-12-20,,Timing / Postponed,107642796
OPP00753,ACC0035,,E0059,P011,66,2024-05-21,2024-06-17,4-Close,1.0,Won,2024-06-26,668150027.0,,705193107
OPP00754,ACC0037,,E0172,P017,17,2024-07-02,2024-08-15,4-Close,0.0,Lost,2024-08-15,,Price,198991203
OPP00755,ACC0020,,E0100,P001,43,2025-07-05,2025-08-07,4-Close,1.0,Won,2025-08-09,184403875.0,,182652881
OPP00756,ACC0033,,E0028,P007,14,2025-09-02,2025-10-08,4-Close,0.0,Lost,2025-10-16,,Timing / Postponed,29668552
OPP00757,ACC0050,,E0028,P004,26,2024-12-12,2024-12-31,4-Close,0.0,Lost,2024-12-29,,No Budget,211103927
OPP00758,ACC0014,,E0100,P009,17,2024-06-10,2024-06-30,4-Close,0.0,Lost,2024-07-11,,Lost to Competitor,28123452
OPP00759,ACC0016,,E0057,P015,39,2024-07-10,2024-07-30,4-Close,1.0,Won,2024-07-30,735188012.0,,749480055
OPP00760,ACC0009,,E0089,P010,74,2024-04-27,2024-06-06,4-Close,0.0,Lost,2024-06-06,,No Budget,209398994
OPP00761,ACC0049,,E0052,P015,24,2024-07-27,2024-08-18,4-Close,0.0,Lost,2024-08-24,,Went With In-house Supply,424322532
OPP00762,ACC0041,,E0161,P006,8,2025-11-14,2026-01-03,4-Close,0.91,Open,,,,11565970
OPP00763,ACC0022,,E0085,P014,2,2024-06-06,2024-07-22,4-Close,0.0,Lost,2024-07-22,,Lost to Competitor,23956128
OPP00764,ACC0037,,E0014,P010,23,2025-06-02,2025-07-26,4-Close,0.0,Lost,2025-08-03,,Went With In-house Supply,74478157
OPP00765,ACC0011,,E0089,P009,25,2024-01-06,2024-04-28,4-Close,0.0,Lost,2024-04-26,,Went With In-house Supply,39597026
OPP00766,ACC0038,,E0148,P008,8,2024-09-27,2024-11-07,4-Close,0.0,Lost,2024-11-13,,Went With In-house Supply,19318614
OPP00767,ACC0042,,E0126,P013,40,2025-10-05,2025-11-01,4-Close,0.0,Lost,2025-10-31,,No Budget,368963845
OPP00768,ACC0029,,E0173,P006,30,2025-05-17,2025-08-24,4-Close,0.0,Lost,2025-08-30,,No Budget,45890748
OPP00769,ACC0021,,E0100,P012,27,2025-02-14,2025-03-24,4-Close,1.0,Won,2025-03-28,76403166.0,,83204885
OPP00770,ACC0022,,E0173,P007,144,2024-04-23,2024-05-28,4-Close,0.0,Lost,2024-05-29,,Timing / Postponed,289711463
OPP00771,ACC0016,,E0172,P013,40,2024-07-20,2024-08-14,4-Close,1.0,Won,2024-08-11,355358011.0,,364953339
OPP00772,ACC0030,,E0009,P004,49,2024-07-16,2024-08-29,4-Close,1.0,Won,2024-08-21,367392769.0,,361222236
OPP00773,ACC0007,,E0161,P016,15,2024-01-31,2024-06-15,4-Close,0.0,Lost,2024-06-22,,Went With In-house Supply,147410827
OPP00774,ACC0021,,E0028,P006,42,2025-07-01,2025-07-25,4-Close,0.0,Lost,2025-08-01,,Price,58276654
OPP00775,ACC0049,,E0009,P008,7,2024-06-22,2024-07-27,4-Close,0.0,Lost,2024-08-01,,Went With In-house Supply,17590263
OPP00776,ACC0043,,E0014,P015,4,2024-08-22,2024-10-16,4-Close,0.0,Lost,2024-10-27,,Timing / Postponed,80439088
OPP00777,ACC0024,,E0148,P004,3,2025-06-24,2025-10-06,4-Close,1.0,Won,2025-10-16,21573856.0,,23438225
OPP00778,ACC0053,,E0089,P003,6,2025-04-22,2025-05-31,4-Close,0.0,Lost,2025-05-31,,Went With In-house Supply,35888801
OPP00779,ACC0007,,E0096,P013,20,2025-06-16,2025-08-29,4-Close,0.0,Lost,2025-08-31,,Went With In-house Supply,190929241
OPP00780,ACC0032,,E0028,P008,8,2025-02-06,2025-03-08,4-Close,0.0,Lost,2025-03-09,,Timing / Postponed,19645445
OPP00781,ACC0029,,E0059,P010,49,2025-10-05,2026-02-19,3-Propose,0.65,Open,,,,157196413
OPP00782,ACC0040,,E0028,P002,143,2024-05-08,2024-06-15,4-Close,0.0,Lost,2024-06-12,,Lost to Competitor,738170692
OPP00783,ACC0014,,E0059,P007,21,2024-11-15,2024-12-05,4-Close,0.0,Lost,2024-12-08,,Timing / Postponed,43035471
OPP00784,ACC0021,,E0099,P017,35,2025-01-06,2025-01-25,4-Close,1.0,Won,2025-01-27,412330084.0,,434100440
OPP00785,ACC0003,,E0009,P015,46,2024-08-07,2024-09-02,4-Close,1.0,Won,2024-08-29,809360889.0,,807432197
OPP00786,ACC0006,,E0163,P004,13,2025-08-08,2025-09-07,4-Close,0.0,Lost,2025-09-10,,No Budget,105780253
OPP00787,ACC0037,,E0122,P007,20,2024-04-09,2024-05-07,4-Close,1.0,Won,2024-05-13,38632417.0,,40222817
OPP00788,ACC0030,,E0100,P010,13,2025-11-09,2025-12-08,4-Close,0.0,Lost,2025-12-06,,No Budget,38902943
OPP00789,ACC0050,,E0085,P003,7,2024-04-12,2024-05-21,4-Close,1.0,Won,2024-05-29,38445630.0,,39592249
OPP00790,ACC0046,,E0163,P011,31,2025-07-20,2025-10-31,4-Close,0.0,Lost,2025-11-13,,Price,305174634
OPP00791,ACC0053,,E0119,P011,35,2024-01-25,2024-02-20,4-Close,1.0,Won,2024-02-16,386486472.0,,376359214
OPP00792,ACC0013,,E0014,P011,5,2025-11-27,2025-12-13,4-Close,1.0,Won,2025-12-14,46534466.0,,50110146
OPP00793,ACC0058,,E0096,P005,13,2024-08-07,2024-09-12,4-Close,0.0,Lost,2024-09-10,,No Budget,115684890
OPP00794,ACC0025,,E0018,P005,13,2024-09-10,2024-12-08,4-Close,0.0,Lost,2024-12-11,,Price,115361472
OPP00795,ACC0016,,E0052,P009,53,2025-06-23,2025-07-24,4-Close,0.0,Lost,2025-07-31,,No Budget,90878181
OPP00796,ACC0067,,E0089,P013,21,2024-09-09,2024-10-15,4-Close,1.0,Won,2024-10-29,179518738.0,,188113129
OPP00797,ACC0027,,E0059,P008,118,2024-12-31,2025-02-24,4-Close,0.0,Lost,2025-03-09,,Price,287577351
OPP00798,ACC0036,,E0059,P016,6,2024-02-26,2024-03-17,4-Close,0.0,Lost,2024-03-20,,Price,59093762
OPP00799,ACC0017,,E0126,P016,23,2024-10-29,2024-12-20,4-Close,0.0,Lost,2024-12-25,,Went With In-house Supply,223321906
OPP00800,ACC0040,,E0126,P003,351,2025-11-01,2025-11-21,4-Close,1.0,Won,2025-11-27,2044924629.0,,2109040331
OPP00801,ACC0021,,E0148,P017,7,2024-09-25,2024-10-19,4-Close,0.0,Lost,2024-10-21,,Timing / Postponed,77326646
OPP00802,ACC0064,,E0057,P002,16,2025-01-21,2025-05-18,4-Close,0.0,Lost,2025-05-26,,Lost to Competitor,78773987
OPP00803,ACC0016,,E0122,P001,78,2024-09-27,2024-10-29,4-Close,1.0,Won,2024-11-01,335533605.0,,321078513
OPP00804,ACC0018,,E0173,P013,10,2025-02-21,2025-04-01,4-Close,1.0,Won,2025-04-01,80642145.0,,88504538
OPP00805,ACC0017,,E0009,P015,16,2024-09-11,2024-10-22,4-Close,0.0,Lost,2024-10-27,,Lost to Competitor,294117878
OPP00806,ACC0041,,E0085,P012,9,2024-03-02,2024-04-30,4-Close,1.0,Won,2024-05-09,31082165.0,,30628940
OPP00807,ACC0015,,E0057,P005,22,2025-08-18,2025-10-12,4-Close,1.0,Won,2025-10-08,197596497.0,,189175864
OPP00808,ACC0056,,E0148,P003,20,2024-07-21,2024-08-27,4-Close,1.0,Won,2024-09-03,116061876.0,,122200137
OPP00809,ACC0006,,E0096,P012,31,2024-05-09,2024-06-17,4-Close,0.0,Lost,2024-06-13,,No Budget,106374606
OPP00810,ACC0019,,E0085,P001,29,2024-04-30,2024-06-05,4-Close,1.0,Won,2024-06-15,115008786.0,,116819444
OPP00811,ACC0062,,E0014,P007,70,2025-03-19,2025-04-27,4-Close,1.0,Won,2025-05-01,143035887.0,,145588007
OPP00812,ACC0038,,E0085,P007,51,2024-03-23,2024-04-22,4-Close,1.0,Won,2024-04-27,95461786.0,,97706313
OPP00813,ACC0036,,E0057,P007,68,2025-02-12,2025-03-06,4-Close,0.0,Lost,2025-03-12,,Timing / Postponed,134953214
OPP00814,ACC0052,,E0122,P006,61,2024-03-02,2024-07-28,4-Close,0.0,Lost,2024-08-01,,Lost to Competitor,93165527
OPP00815,ACC0054,,E0100,P002,13,2024-05-23,2024-10-26,4-Close,0.0,Lost,2024-10-31,,No Budget,69336525
OPP00816,ACC0010,,E0172,P002,25,2025-05-25,2025-06-10,4-Close,0.0,Lost,2025-06-07,,No Budget,126577359
OPP00817,ACC0003,,E0009,P005,20,2024-08-15,2024-09-16,4-Close,0.0,Lost,2024-09-27,,No Budget,183386367
OPP00818,ACC0053,,E0122,P004,27,2025-05-28,2025-06-28,4-Close,1.0,Won,2025-07-07,195032630.0,,208994751
OPP00819,ACC0030,,E0172,P003,13,2024-12-23,2025-02-16,4-Close,1.0,Won,2025-02-28,75213272.0,,75928304
OPP00820,ACC0048,,E0148,P013,10,2024-02-26,2024-03-20,4-Close,0.0,Lost,2024-03-16,,Lost to Competitor,91499276
OPP00821,ACC0017,,E0163,P016,5,2024-08-20,2024-10-01,4-Close,1.0,Won,2024-09-25,58066947.0,,55413252
OPP00822,ACC0032,,E0059,P015,22,2024-10-28,2024-12-23,4-Close,0.0,Lost,2025-01-12,,Went With In-house Supply,408446208
OPP00823,ACC0019,,E0099,P007,37,2025-12-23,2026-01-07,3-Propose,0.66,Open,,,,74669868
OPP00824,ACC0019,,E0018,P001,24,2025-09-22,2025-10-18,4-Close,1.0,Won,2025-10-24,110500219.0,,107322885
OPP00825,ACC0049,,E0089,P007,32,2025-01-26,2025-03-06,4-Close,0.0,Lost,2025-03-20,,Price,68446821
OPP00826,ACC0020,,E0172,P010,7,2025-08-18,2025-09-23,4-Close,1.0,Won,2025-09-24,22359184.0,,22404683
OPP00827,ACC0060,,E0119,P017,28,2025-06-12,2025-11-13,4-Close,1.0,Won,2025-11-18,311377908.0,,325091090
OPP00828,ACC0052,,E0018,P013,173,2024-07-10,2024-11-25,4-Close,0.0,Lost,2024-11-28,,No Budget,1577333527
OPP00829,ACC0064,,E0028,P016,4,2025-10-01,2025-12-22,4-Close,0.0,Lost,2025-12-27,,Lost to Competitor,42051219
OPP00830,ACC0018,,E0018,P001,142,2025-05-01,2025-06-03,4-Close,1.0,Won,2025-06-08,686348620.0,,654157891
OPP00831,ACC0046,,E0018,P012,10,2025-04-09,2025-05-25,4-Close,0.0,Lost,2025-05-24,,Went With In-house Supply,33116117
OPP00832,ACC0063,,E0119,P003,48,2025-04-08,2025-08-21,4-Close,0.0,Lost,2025-08-28,,Went With In-house Supply,275006691
OPP00833,ACC0036,,E0100,P008,24,2025-11-12,2025-12-26,4-Close,1.0,Won,2025-12-30,56781561.0,,55804470
OPP00834,ACC0003,,E0018,P013,26,2024-10-30,2024-11-23,4-Close,1.0,Won,2024-11-23,220562076.0,,244361838
OPP00835,ACC0048,,E0059,P007,5,2025-12-11,2026-01-19,3-Propose,0.65,Open,,,,9909354
OPP00836,ACC0030,,E0173,P010,30,2024-05-05,2024-06-18,4-Close,1.0,Won,2024-06-23,91082915.0,,92390421
OPP00837,ACC0034,,E0014,P011,30,2025-03-05,2025-07-20,4-Close,1.0,Won,2025-07-19,265494265.0,,291904605
OPP00838,ACC0068,,E0052,P010,6,2024-02-03,2024-05-20,4-Close,0.0,Lost,2024-05-13,,Price,17697328
OPP00839,ACC0028,,E0089,P001,57,2025-05-27,2025-08-27,4-Close,0.0,Lost,2025-08-28,,Lost to Competitor,257231504
OPP00840,ACC0022,,E0059,P009,29,2024-08-01,2024-09-29,4-Close,1.0,Won,2024-10-11,46864340.0,,48522276
OPP00841,ACC0027,,E0099,P001,7,2025-08-11,2025-09-21,4-Close,1.0,Won,2025-09-25,28914083.0,,31848395
OPP00842,ACC0023,,E0126,P002,44,2025-05-17,2025-06-28,4-Close,1.0,Won,2025-06-20,199482350.0,,216210161
OPP00843,ACC0059,,E0172,P005,71,2025-04-15,2025-05-07,4-Close,1.0,Won,2025-05-22,564481988.0,,592920679
OPP00844,ACC0040,,E0173,P013,16,2025-06-08,2025-07-14,4-Close,0.0,Lost,2025-07-16,,Price,142970359
OPP00845,ACC0035,,E0122,P006,33,2025-06-21,2025-07-09,4-Close,0.0,Lost,2025-07-16,,Price,47911234
OPP00846,ACC0005,,E0014,P004,4,2024-12-09,2025-01-13,4-Close,0.0,Lost,2025-01-16,,No Budget,29110299
OPP00847,ACC0034,,E0099,P014,24,2025-10-17,2026-01-02,4-Close,0.9,Open,,,,329377721
OPP00848,ACC0027,,E0085,P007,24,2025-02-16,2025-04-01,4-Close,1.0,Won,2025-04-07,46024785.0,,49517706
OPP00849,ACC0011,,E0028,P002,13,2025-05-21,2025-11-01,4-Close,1.0,Won,2025-10-27,60025961.0,,65925854
OPP00850,ACC0019,,E0052,P015,17,2025-12-15,2026-01-06,3-Propose,0.67,Open,,,,333727638
OPP00851,ACC0048,,E0096,P009,38,2024-09-20,2024-11-05,4-Close,1.0,Won,2024-10-29,64651382.0,,67034846
OPP00852,ACC0026,,E0099,P007,13,2025-12-05,2026-01-13,3-Propose,0.66,Open,,,,24146559
OPP00853,ACC0036,,E0018,P014,38,2024-03-05,2024-04-25,4-Close,0.0,Lost,2024-05-01,,Price,470886936
OPP00854,ACC0029,,E0173,P007,5,2024-05-17,2024-09-19,4-Close,1.0,Won,2024-09-20,9755154.0,,10113482
OPP00855,ACC0031,,E0161,P008,7,2024-08-14,2024-12-09,4-Close,0.0,Lost,2024-12-03,,Price,15735885
OPP00856,ACC0003,,E0028,P006,42,2024-06-14,2024-07-09,4-Close,1.0,Won,2024-07-14,63396038.0,,64140497
OPP00857,ACC0026,,E0126,P001,80,2024-03-13,2024-04-11,4-Close,1.0,Won,2024-04-18,355465913.0,,364047785
OPP00858,ACC0060,,E0161,P011,4,2025-06-02,2025-11-02,4-Close,0.0,Lost,2025-10-28,,Timing / Postponed,42382731
OPP00859,ACC0034,,E0161,P017,40,2025-06-24,2025-10-07,4-Close,0.0,Lost,2025-09-30,,No Budget,439682107
OPP00860,ACC0045,,E0089,P012,68,2025-08-10,2025-11-01,4-Close,0.0,Lost,2025-11-06,,No Budget,228183175
OPP00861,ACC0040,,E0014,P011,58,2024-03-08,2024-04-06,4-Close,0.0,Lost,2024-04-12,,Went With In-house Supply,544817429
OPP00862,ACC0011,,E0119,P002,24,2025-09-17,2025-12-15,4-Close,1.0,Won,2025-12-17,120092028.0,,121810891
OPP00863,ACC0059,,E0085,P002,54,2024-08-06,2024-09-08,4-Close,1.0,Won,2024-09-12,307034292.0,,298756137
OPP00864,ACC0019,,E0126,P017,8,2025-10-10,2025-11-02,4-Close,1.0,Won,2025-11-06,90027603.0,,97070900
OPP00865,ACC0059,,E0028,P005,40,2024-09-30,2024-11-08,4-Close,0.0,Lost,2024-11-14,,Timing / Postponed,354160292
OPP00866,ACC0028,,E0014,P006,30,2024-08-11,2024-10-28,4-Close,0.0,Lost,2024-10-23,,Went With In-house Supply,46786656
OPP00867,ACC0040,,E0059,P004,131,2024-12-25,2025-02-02,4-Close,0.0,Lost,2025-02-11,,Lost to Competitor,973644774
OPP00868,ACC0041,,E0161,P003,6,2024-08-29,2024-10-04,4-Close,1.0,Won,2024-10-13,36855505.0,,35979480
OPP00869,ACC0049,,E0009,P008,21,2024-09-05,2024-10-06,4-Close,1.0,Won,2024-10-02,45277064.0,,47112347
OPP00870,ACC0006,,E0085,P010,23,2024-08-18,2024-09-05,4-Close,0.0,Lost,2024-09-04,,Went With In-house Supply,71855095
OPP00871,ACC0034,,E0032,P017,28,2024-09-09,2025-01-30,4-Close,0.0,Lost,2025-02-02,,Went With In-house Supply,342918685
OPP00872,ACC0032,,E0009,P010,27,2024-04-19,2024-06-15,4-Close,1.0,Won,2024-06-14,73862823.0,,81159775
OPP00873,ACC0021,,E0052,P007,93,2024-01-23,2024-02-19,4-Close,1.0,Won,2024-02-26,182357800.0,,186287689
OPP00874,ACC0036,,E0173,P008,18,2025-08-18,2025-09-18,4-Close,0.0,Lost,2025-10-04,,Price,43787827
OPP00875,ACC0010,,E0059,P008,4,2025-07-24,2025-08-15,4-Close,0.0,Lost,2025-08-16,,Timing / Postponed,9708080
OPP00876,ACC0064,,E0089,P010,10,2024-07-06,2024-09-19,4-Close,0.0,Lost,2024-09-24,,No Budget,28573788
OPP00877,ACC0069,,E0059,P011,30,2024-10-11,2025-03-12,4-Close,0.0,Lost,2025-03-19,,Lost to Competitor,300456908
OPP00878,ACC0062,,E0100,P006,50,2025-02-02,2025-03-12,4-Close,1.0,Won,2025-03-17,68490572.0,,75535132
OPP00879,ACC0037,,E0032,P010,68,2025-11-11,2026-01-06,4-Close,0.86,Open,,,,201067896
OPP00880,ACC0070,,E0052,P002,17,2024-11-21,2024-12-23,4-Close,0.0,Lost,2024-12-28,,Went With In-house Supply,90989933
OPP00881,ACC0070,,E0099,P004,89,2024-12-06,2025-01-26,4-Close,1.0,Won,2025-01-26,715428201.0,,695394759
OPP00882,ACC0018,,E0122,P017,19,2024-10-29,2024-11-28,4-Close,0.0,Lost,2024-12-04,,No Budget,228071112
OPP00883,ACC0053,,E0173,P001,11,2024-05-03,2024-06-18,4-Close,1.0,Won,2024-06-28,45629681.0,,49244534
OPP00884,ACC0029,,E0163,P011,63,2025-08-29,2026-01-18,4-Close,0.92,Open,,,,615324181
OPP00885,ACC0036,,E0028,P011,29,2024-10-07,2024-11-14,4-Close,1.0,Won,2024-11-15,288353616.0,,302523250
OPP00886,ACC0008,,E0163,P001,94,2025-09-22,2025-11-05,4-Close,0.0,Lost,2025-11-05,,No Budget,423252475
OPP00887,ACC0061,,E0099,P011,17,2024-02-10,2024-03-19,4-Close,0.0,Lost,2024-03-27,,Price,181753158
OPP00888,ACC0046,,E0085,P002,56,2025-10-17,2026-01-01,4-Close,0.91,Open,,,,299969065
OPP00889,ACC0043,,E0085,P001,7,2025-02-14,2025-04-03,4-Close,1.0,Won,2025-04-08,32829626.0,,31445501
OPP00890,ACC0061,,E0018,P013,66,2024-03-23,2024-04-09,4-Close,0.0,Lost,2024-04-09,,Price,588474189
OPP00891,ACC0011,,E0172,P004,12,2025-05-08,2025-08-14,4-Close,0.0,Lost,2025-08-22,,Went With In-house Supply,87866535
OPP00892,ACC0061,,E0173,P011,27,2025-10-02,2025-10-31,4-Close,1.0,Won,2025-11-08,258472519.0,,282795012
OPP00893,ACC0038,,E0172,P006,77,2025-06-18,2025-07-29,4-Close,0.0,Lost,2025-07-31,,Timing / Postponed,113874823
OPP00894,ACC0034,,E0096,P009,32,2024-05-02,2024-09-20,4-Close,0.0,Lost,2024-09-16,,Timing / Postponed,51505986
OPP00895,ACC0055,,E0173,P015,7,2025-05-30,2025-11-20,4-Close,0.0,Lost,2025-12-01,,Price,127662748
OPP00896,ACC0018,,E0059,P015,37,2024-03-28,2024-04-28,4-Close,1.0,Won,2024-05-01,608553930.0,,654329525
OPP00897,ACC0001,,E0059,P009,37,2024-06-18,2024-07-29,4-Close,1.0,Won,2024-08-09,53395157.0,,58977967
OPP00898,ACC0058,,E0172,P016,6,2025-09-03,2025-09-30,4-Close,1.0,Won,2025-10-10,60590540.0,,62525333
OPP00899,ACC0039,,E0126,P016,17,2024-04-05,2024-05-12,4-Close,0.0,Lost,2024-05-21,,Timing / Postponed,175502025
OPP00900,ACC0070,,E0028,P011,37,2025-03-24,2025-05-15,4-Close,0.0,Lost,2025-05-26,,Lost to Competitor,348817984
OPP00901,ACC0037,,E0119,P017,28,2025-10-29,2025-12-22,4-Close,0.0,Lost,2025-12-23,,Timing / Postponed,317809249
OPP00902,ACC0050,,E0148,P007,55,2025-08-08,2025-08-25,4-Close,1.0,Won,2025-08-15,115234390.0,,113161629
OPP00903,ACC0045,,E0099,P008,28,2025-10-20,2025-12-29,4-Close,1.0,Won,2025-12-29,64959623.0,,65790951
OPP00904,ACC0034,,E0014,P017,20,2025-04-27,2025-08-14,4-Close,1.0,Won,2025-08-26,214255593.0,,235124392
OPP00905,ACC0047,,E0028,P009,31,2025-03-18,2025-04-24,4-Close,1.0,Won,2025-04-24,55085452.0,,53579275
OPP00906,ACC0008,,E0018,P010,123,2025-07-06,2025-08-13,4-Close,1.0,Won,2025-08-16,347829040.0,,381862663
OPP00907,ACC0023,,E0028,P017,51,2024-04-22,2024-05-28,4-Close,1.0,Won,2024-06-05,639912248.0,,622334036
OPP00908,ACC0040,,E0052,P014,32,2024-03-04,2024-03-19,4-Close,1.0,Won,2024-03-17,416026272.0,,436880716
OPP00909,ACC0022,,E0119,P014,21,2025-08-26,2025-10-22,4-Close,1.0,Won,2025-10-29,288628755.0,,287936838
OPP00910,ACC0039,,E0099,P009,16,2024-08-29,2024-09-26,4-Close,0.0,Lost,2024-10-01,,Lost to Competitor,26363511
OPP00911,ACC0065,,E0032,P010,58,2025-08-07,2025-09-19,4-Close,1.0,Won,2025-09-23,168988155.0,,165520686
OPP00912,ACC0026,,E0119,P004,91,2025-12-20,2026-01-07,3-Propose,0.66,Open,,,,646237739
OPP00913,ACC0043,,E0009,P013,90,2025-12-11,2026-02-07,2-Develop,0.31,Open,,,,799881236
OPP00914,ACC0064,,E0126,P004,17,2025-08-05,2025-12-13,4-Close,0.0,Lost,2025-12-14,,No Budget,132463318
OPP00915,ACC0058,,E0161,P003,51,2024-12-14,2025-01-19,4-Close,0.0,Lost,2025-01-14,,Went With In-house Supply,327211095
OPP00916,ACC0043,,E0089,P010,36,2024-04-02,2024-05-19,4-Close,0.0,Lost,2024-05-29,,No Budget,108946712
OPP00917,ACC0007,,E0122,P010,22,2024-09-03,2025-01-14,4-Close,0.0,Lost,2025-01-21,,Price,71053268
OPP00918,ACC0003,,E0096,P007,92,2024-04-01,2024-04-24,4-Close,1.0,Won,2024-04-29,188027545.0,,188328999
OPP00919,ACC0027,,E0089,P003,7,2025-12-17,2026-02-05,2-Develop,0.42,Open,,,,40564216
OPP00920,ACC0057,,E0119,P013,8,2025-10-19,2026-01-10,4-Close,0.87,Open,,,,74793291
OPP00921,ACC0027,,E0057,P012,17,2024-05-12,2024-06-14,4-Close,0.0,Lost,2024-06-12,,Price,55484124
OPP00922,ACC0054,,E0085,P016,3,2025-05-22,2025-09-01,4-Close,1.0,Won,2025-08-29,30277653.0,,29205344
OPP00923,ACC0010,,E0057,P008,3,2024-11-18,2024-12-22,4-Close,0.0,Lost,2024-12-19,,Price,7733421
OPP00924,ACC0008,,E0172,P011,132,2025-05-06,2025-05-26,4-Close,0.0,Lost,2025-05-21,,Price,1379734686
OPP00925,ACC0053,,E0057,P003,7,2024-02-03,2024-03-13,4-Close,0.0,Lost,2024-03-17,,Price,44468234
OPP00926,ACC0012,,E0119,P006,16,2025-06-22,2025-10-22,4-Close,1.0,Won,2025-10-21,24077394.0,,24439213
OPP00927,ACC0032,,E0172,P013,48,2025-07-19,2025-08-15,4-Close,0.0,Lost,2025-08-15,,No Budget,427836831
OPP00928,ACC0067,,E0148,P011,18,2024-02-08,2024-04-01,4-Close,0.0,Lost,2024-04-05,,Lost to Competitor,180650571
OPP00929,ACC0005,,E0119,P010,40,2025-04-06,2025-05-08,4-Close,1.0,Won,2025-05-12,117035976.0,,118188594
OPP00930,ACC0058,,E0089,P008,48,2024-03-19,2024-05-07,4-Close,0.0,Lost,2024-05-06,,Price,112050732
OPP00931,ACC0024,,E0009,P001,1,2024-11-02,2025-02-01,4-Close,1.0,Won,2025-01-28,4754961.0,,4608122
OPP00932,ACC0065,,E0018,P003,10,2025-07-25,2025-08-30,4-Close,0.0,Lost,2025-08-29,,Timing / Postponed,60249461
OPP00933,ACC0028,,E0096,P014,50,2024-03-29,2024-08-08,4-Close,1.0,Won,2024-08-08,551291522.0,,603381659
OPP00934,ACC0029,,E0119,P006,93,2024-07-08,2024-09-30,4-Close,1.0,Won,2024-10-10,136075597.0,,132134456
OPP00935,ACC0009,,E0059,P010,16,2025-10-07,2025-11-22,4-Close,1.0,Won,2025-11-26,44152405.0,,46541367
OPP00936,ACC0017,,E0059,P012,51,2024-10-19,2024-11-12,4-Close,0.0,Lost,2024-11-23,,Timing / Postponed,167269263
OPP00937,ACC0038,,E0100,P001,31,2025-02-10,2025-03-27,4-Close,0.0,Lost,2025-03-25,,Went With In-house Supply,130370518
OPP00938,ACC0012,,E0009,P010,97,2025-10-17,2026-01-09,4-Close,0.82,Open,,,,284623157
OPP00939,ACC0005,,E0172,P014,53,2024-04-11,2024-05-10,4-Close,1.0,Won,2024-05-05,736644107.0,,711681634
OPP00940,ACC0020,,E0099,P009,12,2025-09-21,2025-10-27,4-Close,0.0,Lost,2025-11-06,,Timing / Postponed,19011550
OPP00941,ACC0029,,E0148,P014,14,2025-03-25,2025-06-03,4-Close,0.0,Lost,2025-06-07,,Went With In-house Supply,179098447
OPP00942,ACC0057,,E0009,P016,30,2025-06-10,2025-11-10,4-Close,0.0,Lost,2025-11-08,,Price,293413718
OPP00943,ACC0035,,E0172,P001,22,2025-07-27,2025-08-12,4-Close,0.0,Lost,2025-08-18,,Lost to Competitor,91336357
OPP00944,ACC0010,,E0052,P004,21,2025-10-14,2025-11-01,4-Close,1.0,Won,2025-11-08,170241826.0,,162393378
OPP00945,ACC0020,,E0100,P013,17,2025-02-15,2025-03-11,4-Close,0.0,Lost,2025-03-09,,Went With In-house Supply,171124426
OPP00946,ACC0051,,E0100,P015,9,2024-05-07,2024-08-12,4-Close,1.0,Won,2024-08-22,169030928.0,,170776940
OPP00947,ACC0035,,E0148,P008,21,2024-01-01,2024-01-16,4-Close,1.0,Won,2024-01-18,44117844.0,,47303221
OPP00948,ACC0002,,E0009,P001,144,2024-08-03,2024-08-25,4-Close,0.0,Lost,2024-09-08,,Price,595022703
OPP00949,ACC0042,,E0059,P008,12,2025-04-16,2025-05-19,4-Close,0.0,Lost,2025-05-20,,Price,27564317
OPP00950,ACC0029,,E0009,P005,60,2024-03-13,2024-07-02,4-Close,0.0,Lost,2024-07-12,,Timing / Postponed,505264570
OPP00951,ACC0041,,E0018,P009,11,2024-12-05,2025-01-09,4-Close,0.0,Lost,2025-01-14,,Went With In-house Supply,19333982
OPP00952,ACC0006,,E0100,P001,15,2024-01-18,2024-02-10,4-Close,1.0,Won,2024-02-10,66984429.0,,65017536
OPP00953,ACC0054,,E0018,P014,10,2025-12-17,2026-05-01,1-Qualify,0.26,Open,,,,136922250
OPP00954,ACC0027,,E0032,P007,6,2025-10-21,2025-11-13,4-Close,1.0,Won,2025-11-13,12914704.0,,12394712
OPP00955,ACC0004,,E0099,P014,27,2025-02-21,2025-03-11,4-Close,0.0,Lost,2025-03-11,,Timing / Postponed,332078429
OPP00956,ACC0010,,E0122,P001,124,2025-11-13,2025-12-21,4-Close,0.0,Lost,2025-12-28,,Price,532893812
OPP00957,ACC0034,,E0163,P002,9,2025-10-11,2026-03-09,3-Propose,0.69,Open,,,,44593361
OPP00958,ACC0051,,E0172,P011,40,2025-06-04,2025-09-29,4-Close,0.0,Lost,2025-10-12,,Lost to Competitor,408810487
OPP00959,ACC0029,,E0100,P012,21,2025-02-25,2025-07-19,4-Close,0.0,Lost,2025-07-26,,No Budget,73600199
OPP00960,ACC0051,,E0148,P001,29,2025-06-28,2025-11-01,4-Close,0.0,Lost,2025-11-01,,Timing / Postponed,131405686
OPP00961,ACC0015,,E0096,P015,106,2024-01-19,2024-03-15,4-Close,0.0,Lost,2024-03-14,,Timing / Postponed,2070367530
OPP00962,ACC0030,,E0100,P011,116,2024-12-06,2025-01-03,4-Close,0.0,Lost,2025-01-10,,Lost to Competitor,1132430803
OPP00963,ACC0011,,E0028,P015,21,2024-12-05,2025-04-28,4-Close,0.0,Lost,2025-04-28,,No Budget,372854355
OPP00964,ACC0015,,E0148,P003,18,2025-01-06,2025-02-03,4-Close,1.0,Won,2025-01-28,108901002.0,,103823663
OPP00965,ACC0045,,E0059,P004,39,2025-11-01,2026-01-20,4-Close,0.85,Open,,,,314212914
OPP00966,ACC0026,,E0085,P013,32,2025-03-11,2025-04-14,4-Close,1.0,Won,2025-04-09,307144915.0,,296567111
OPP00967,ACC0043,,E0172,P011,45,2025-09-22,2025-10-20,4-Close,1.0,Won,2025-10-23,448072757.0,,472262609
OPP00968,ACC0055,,E0018,P012,60,2025-04-02,2025-09-12,4-Close,0.0,Lost,2025-09-22,,Went With In-house Supply,194960134
OPP00969,ACC0066,,E0089,P003,80,2025-05-02,2025-05-24,4-Close,0.0,Lost,2025-05-30,,Lost to Competitor,478383475
OPP00970,ACC0028,,E0018,P008,66,2025-03-29,2025-05-17,4-Close,0.0,Lost,2025-05-15,,No Budget,166073578
OPP00971,ACC0053,,E0057,P002,104,2025-04-17,2025-05-07,4-Close,1.0,Won,2025-05-05,554147028.0,,561736631
OPP00972,ACC0055,,E0028,P010,12,2025-10-13,2026-02-26,3-Propose,0.62,Open,,,,35707089
OPP00973,ACC0030,,E0163,P011,5,2024-10-14,2024-12-01,4-Close,1.0,Won,2024-12-17,46426838.0,,49585045
OPP00974,ACC0021,,E0018,P004,25,2025-04-17,2025-05-15,4-Close,1.0,Won,2025-05-12,209817382.0,,201883234
OPP00975,ACC0030,,E0057,P005,13,2025-12-16,2026-01-31,2-Develop,0.36,Open,,,,106212748
OPP00976,ACC0064,,E0119,P007,19,2025-09-26,2026-02-07,3-Propose,0.59,Open,,,,38010356
OPP00977,ACC0016,,E0096,P010,15,2025-12-18,2026-01-19,2-Develop,0.35,Open,,,,44398785
OPP00978,ACC0067,,E0172,P014,112,2024-05-17,2024-06-21,4-Close,1.0,Won,2024-06-22,1442541886.0,,1514198526
OPP00979,ACC0015,,E0161,P012,29,2025-06-04,2025-06-27,4-Close,1.0,Won,2025-07-09,96480565.0,,94368513
OPP00980,ACC0015,,E0057,P013,44,2024-09-12,2024-11-04,4-Close,0.0,Lost,2024-11-14,,No Budget,390942366
OPP00981,ACC0030,,E0161,P015,24,2024-10-23,2024-12-18,4-Close,1.0,Won,2024-12-17,428408943.0,,438039878
OPP00982,ACC0057,,E0089,P008,32,2025-12-20,2026-04-01,1-Qualify,0.11,Open,,,,78608847
OPP00983,ACC0027,,E0122,P014,42,2024-02-22,2024-04-10,4-Close,1.0,Won,2024-04-07,583636216.0,,561718751
