activity_id,type,regarding_type,regarding_id,owner,activity_date,duration_minutes
ACT000001,Email,Opportunity,OPP00001,E0009,2025-05-25,
ACT000002,Meeting,Opportunity,OPP00001,E0009,2025-05-24,35.0
ACT000003,Meeting,Opportunity,OPP00001,E0009,2025-05-24,25.0
ACT000004,Email,Opportunity,OPP00001,E0009,2025-05-24,
ACT000005,Email,Opportunity,OPP00001,E0009,2025-05-28,
ACT000006,Email,Opportunity,OPP00001,E0009,2025-05-24,
ACT000007,Meeting,Opportunity,OPP00001,E0009,2025-05-26,9.0
ACT000008,Email,Opportunity,OPP00001,E0009,2025-05-27,
ACT000009,Email,Opportunity,OPP00002,E0085,2024-11-29,
ACT000010,Meeting,Opportunity,OPP00002,E0085,2024-11-14,37.0
ACT000011,Call,Opportunity,OPP00002,E0085,2024-11-12,30.0
ACT000012,Call,Opportunity,OPP00002,E0085,2024-11-14,7.0
ACT000013,Call,Opportunity,OPP00002,E0085,2024-11-14,33.0
ACT000014,Email,Opportunity,OPP00002,E0085,2024-11-12,
ACT000015,Call,Opportunity,OPP00003,E0014,2025-03-04,19.0
ACT000016,Call,Opportunity,OPP00003,E0014,2025-02-21,9.0
ACT000017,Call,Opportunity,OPP00003,E0014,2025-02-14,36.0
ACT000018,Email,Opportunity,OPP00003,E0014,2025-02-10,
ACT000019,Email,Opportunity,OPP00003,E0014,2025-02-26,
ACT000020,Call,Opportunity,OPP00003,E0014,2025-03-03,43.0
ACT000021,Email,Opportunity,OPP00004,E0148,2024-01-22,
ACT000022,Call,Opportunity,OPP00004,E0148,2024-03-05,13.0
ACT000023,Call,Opportunity,OPP00004,E0148,2024-02-28,44.0
ACT000024,Call,Opportunity,OPP00005,E0028,2024-12-11,36.0
ACT000025,Task,Opportunity,OPP00005,E0028,2024-09-16,
ACT000026,Email,Opportunity,OPP00005,E0028,2025-01-13,
ACT000027,Meeting,Opportunity,OPP00005,E0028,2024-12-15,25.0
ACT000028,Email,Opportunity,OPP00005,E0028,2024-10-25,
ACT000029,Meeting,Opportunity,OPP00005,E0028,2024-12-26,19.0
ACT000030,Call,Opportunity,OPP00005,E0028,2024-12-02,17.0
ACT000031,Email,Opportunity,OPP00006,E0052,2025-01-22,
ACT000032,Call,Opportunity,OPP00006,E0052,2025-01-13,26.0
ACT000033,Meeting,Opportunity,OPP00006,E0052,2024-12-07,20.0
ACT000034,Meeting,Opportunity,OPP00006,E0052,2024-12-25,8.0
ACT000035,Call,Opportunity,OPP00006,E0052,2024-12-19,32.0
ACT000036,Email,Opportunity,OPP00007,E0059,2025-09-23,
ACT000037,Email,Opportunity,OPP00007,E0059,2025-07-12,
ACT000038,Call,Opportunity,OPP00007,E0059,2025-08-10,32.0
ACT000039,Call,Opportunity,OPP00007,E0059,2025-07-04,29.0
ACT000040,Email,Opportunity,OPP00007,E0059,2025-07-16,
ACT000041,Call,Opportunity,OPP00007,E0059,2025-10-04,25.0
ACT000042,Call,Opportunity,OPP00007,E0059,2025-09-26,36.0
ACT000043,Email,Opportunity,OPP00007,E0059,2025-07-15,
ACT000044,Call,Opportunity,OPP00008,E0032,2025-04-02,35.0
ACT000045,Meeting,Opportunity,OPP00008,E0032,2025-04-10,17.0
ACT000046,Email,Opportunity,OPP00008,E0032,2025-05-13,
ACT000047,Task,Opportunity,OPP00008,E0032,2025-05-31,
ACT000048,Email,Opportunity,OPP00008,E0032,2025-04-03,
ACT000049,Email,Opportunity,OPP00008,E0032,2025-04-18,
ACT000050,Call,Opportunity,OPP00009,E0014,2024-11-08,23.0
ACT000051,Call,Opportunity,OPP00009,E0014,2024-11-18,14.0
ACT000052,Call,Opportunity,OPP00009,E0014,2024-11-13,14.0
ACT000053,Email,Opportunity,OPP00009,E0014,2024-11-21,
ACT000054,Meeting,Opportunity,OPP00010,E0009,2024-02-15,11.0
ACT000055,Task,Opportunity,OPP00010,E0009,2024-01-26,
ACT000056,Call,Opportunity,OPP00011,E0014,2025-09-07,14.0
ACT000057,Email,Opportunity,OPP00011,E0014,2025-08-19,
ACT000058,Task,Opportunity,OPP00011,E0014,2025-08-21,
ACT000059,Call,Opportunity,OPP00011,E0014,2025-09-02,42.0
ACT000060,Email,Opportunity,OPP00011,E0014,2025-08-20,
ACT000061,Call,Opportunity,OPP00011,E0014,2025-08-29,27.0
ACT000062,Call,Opportunity,OPP00011,E0014,2025-09-15,16.0
ACT000063,Call,Opportunity,OPP00012,E0148,2024-06-12,17.0
ACT000064,Email,Opportunity,OPP00012,E0148,2024-07-16,
ACT000065,Email,Opportunity,OPP00012,E0148,2024-08-12,
ACT000066,Email,Opportunity,OPP00013,E0122,2025-12-03,
ACT000067,Call,Opportunity,OPP00013,E0122,2025-11-24,16.0
ACT000068,Call,Opportunity,OPP00014,E0057,2025-10-12,13.0
ACT000069,Call,Opportunity,OPP00014,E0057,2025-10-25,22.0
ACT000070,Call,Opportunity,OPP00014,E0057,2025-10-08,36.0
ACT000071,Email,Opportunity,OPP00014,E0057,2025-10-24,
ACT000072,Meeting,Opportunity,OPP00014,E0057,2025-10-24,30.0
ACT000073,Email,Opportunity,OPP00014,E0057,2025-10-03,
ACT000074,Meeting,Opportunity,OPP00014,E0057,2025-10-14,40.0
ACT000075,Meeting,Opportunity,OPP00014,E0057,2025-10-04,17.0
ACT000076,Call,Opportunity,OPP00015,E0173,2024-07-23,19.0
ACT000077,Email,Opportunity,OPP00015,E0173,2024-07-26,
ACT000078,Call,Opportunity,OPP00015,E0173,2024-07-11,18.0
ACT000079,Email,Opportunity,OPP00015,E0173,2024-06-15,
ACT000080,Call,Opportunity,OPP00015,E0173,2024-08-05,9.0
ACT000081,Email,Opportunity,OPP00016,E0057,2026-01-12,
ACT000082,Meeting,Opportunity,OPP00016,E0057,2026-01-14,43.0
ACT000083,Meeting,Opportunity,OPP00016,E0057,2026-01-12,43.0
ACT000084,Email,Opportunity,OPP00016,E0057,2025-12-19,
ACT000085,Email,Opportunity,OPP00016,E0057,2025-12-20,
ACT000086,Meeting,Opportunity,OPP00016,E0057,2026-01-10,12.0
ACT000087,Task,Opportunity,OPP00017,E0059,2024-06-09,
ACT000088,Call,Opportunity,OPP00017,E0059,2024-06-02,37.0
ACT000089,Call,Opportunity,OPP00017,E0059,2024-06-17,31.0
ACT000090,Meeting,Opportunity,OPP00017,E0059,2024-06-02,39.0
ACT000091,Call,Opportunity,OPP00017,E0059,2024-06-22,34.0
ACT000092,Call,Opportunity,OPP00017,E0059,2024-06-28,36.0
ACT000093,Email,Opportunity,OPP00018,E0100,2025-11-04,
ACT000094,Email,Opportunity,OPP00018,E0100,2025-10-17,
ACT000095,Task,Opportunity,OPP00018,E0100,2025-10-24,
ACT000096,Call,Opportunity,OPP00018,E0100,2025-10-16,32.0
ACT000097,Meeting,Opportunity,OPP00018,E0100,2025-10-02,40.0
ACT000098,Task,Opportunity,OPP00018,E0100,2025-10-11,
ACT000099,Call,Opportunity,OPP00018,E0100,2025-11-07,40.0
ACT000100,Task,Opportunity,OPP00019,E0028,2025-09-24,
ACT000101,Email,Opportunity,OPP00019,E0028,2025-07-01,
ACT000102,Meeting,Opportunity,OPP00019,E0028,2025-06-04,36.0
ACT000103,Email,Opportunity,OPP00019,E0028,2025-06-18,
ACT000104,Task,Opportunity,OPP00019,E0028,2025-08-29,
ACT000105,Task,Opportunity,OPP00019,E0028,2025-09-03,
ACT000106,Call,Opportunity,OPP00019,E0028,2025-09-09,8.0
ACT000107,Email,Opportunity,OPP00020,E0163,2026-01-02,
ACT000108,Meeting,Opportunity,OPP00020,E0163,2026-01-05,12.0
ACT000109,Meeting,Opportunity,OPP00020,E0163,2026-01-09,14.0
ACT000110,Meeting,Opportunity,OPP00020,E0163,2025-12-20,12.0
ACT000111,Email,Opportunity,OPP00020,E0163,2026-01-11,
ACT000112,Email,Opportunity,OPP00020,E0163,2025-12-22,
ACT000113,Call,Opportunity,OPP00021,E0018,2024-08-08,20.0
ACT000114,Email,Opportunity,OPP00021,E0018,2024-08-28,
ACT000115,Meeting,Opportunity,OPP00021,E0018,2024-08-03,32.0
ACT000116,Task,Opportunity,OPP00021,E0018,2024-08-21,
ACT000117,Task,Opportunity,OPP00021,E0018,2024-09-10,
ACT000118,Email,Opportunity,OPP00022,E0014,2025-08-04,
ACT000119,Task,Opportunity,OPP00022,E0014,2025-07-25,
ACT000120,Call,Opportunity,OPP00022,E0014,2025-07-13,24.0
ACT000121,Email,Opportunity,OPP00022,E0014,2025-07-01,
ACT000122,Email,Opportunity,OPP00023,E0052,2025-09-29,
ACT000123,Email,Opportunity,OPP00023,E0052,2025-08-16,
ACT000124,Email,Opportunity,OPP00023,E0052,2025-09-13,
ACT000125,Email,Opportunity,OPP00023,E0052,2025-09-28,
ACT000126,Call,Opportunity,OPP00024,E0057,2024-09-11,23.0
ACT000127,Email,Opportunity,OPP00024,E0057,2024-09-16,
ACT000128,Email,Opportunity,OPP00025,E0089,2025-08-16,
ACT000129,Email,Opportunity,OPP00025,E0089,2025-09-06,
ACT000130,Task,Opportunity,OPP00025,E0089,2025-09-13,
ACT000131,Call,Opportunity,OPP00025,E0089,2025-08-15,5.0
ACT000132,Call,Opportunity,OPP00025,E0089,2025-08-30,36.0
ACT000133,Call,Opportunity,OPP00025,E0089,2025-08-23,29.0
ACT000134,Call,Opportunity,OPP00025,E0089,2025-09-05,31.0
ACT000135,Call,Opportunity,OPP00026,E0122,2025-08-31,14.0
ACT000136,Meeting,Opportunity,OPP00026,E0122,2025-06-05,7.0
ACT000137,Call,Opportunity,OPP00026,E0122,2025-06-28,10.0
ACT000138,Email,Opportunity,OPP00026,E0122,2025-09-10,
ACT000139,Meeting,Opportunity,OPP00026,E0122,2025-07-16,9.0
ACT000140,Email,Opportunity,OPP00026,E0122,2025-07-11,
ACT000141,Email,Opportunity,OPP00026,E0122,2025-07-02,
ACT000142,Call,Opportunity,OPP00026,E0122,2025-07-18,6.0
ACT000143,Email,Opportunity,OPP00027,E0052,2024-09-08,
ACT000144,Call,Opportunity,OPP00027,E0052,2024-09-03,44.0
ACT000145,Task,Opportunity,OPP00027,E0052,2024-08-20,
ACT000146,Call,Opportunity,OPP00027,E0052,2024-08-20,38.0
ACT000147,Call,Opportunity,OPP00028,E0122,2024-12-06,32.0
ACT000148,Call,Opportunity,OPP00028,E0122,2024-10-18,12.0
ACT000149,Call,Opportunity,OPP00028,E0122,2024-09-28,37.0
ACT000150,Call,Opportunity,OPP00028,E0122,2024-12-04,21.0
ACT000151,Meeting,Opportunity,OPP00028,E0122,2024-09-22,24.0
ACT000152,Call,Opportunity,OPP00029,E0163,2024-05-14,22.0
ACT000153,Call,Opportunity,OPP00029,E0163,2024-05-02,37.0
ACT000154,Task,Opportunity,OPP00029,E0163,2024-05-01,
ACT000155,Task,Opportunity,OPP00029,E0163,2024-05-12,
ACT000156,Call,Opportunity,OPP00029,E0163,2024-05-02,10.0
ACT000157,Task,Opportunity,OPP00030,E0119,2025-02-16,
ACT000158,Email,Opportunity,OPP00030,E0119,2025-02-18,
ACT000159,Email,Opportunity,OPP00030,E0119,2025-01-13,
ACT000160,Meeting,Opportunity,OPP00030,E0119,2024-12-17,27.0
ACT000161,Task,Opportunity,OPP00030,E0119,2025-01-24,
ACT000162,Call,Opportunity,OPP00031,E0009,2024-08-24,41.0
ACT000163,Email,Opportunity,OPP00031,E0009,2024-09-02,
ACT000164,Call,Opportunity,OPP00031,E0009,2024-08-24,9.0
ACT000165,Email,Opportunity,OPP00031,E0009,2024-08-27,
ACT000166,Meeting,Opportunity,OPP00032,E0119,2024-06-16,5.0
ACT000167,Email,Opportunity,OPP00032,E0119,2024-06-09,
ACT000168,Call,Opportunity,OPP00032,E0119,2024-06-15,15.0
ACT000169,Call,Opportunity,OPP00033,E0161,2025-02-18,30.0
ACT000170,Task,Opportunity,OPP00033,E0161,2025-02-18,
ACT000171,Call,Opportunity,OPP00033,E0161,2025-02-12,33.0
ACT000172,Call,Opportunity,OPP00033,E0161,2025-02-02,43.0
ACT000173,Call,Opportunity,OPP00034,E0028,2024-05-09,44.0
ACT000174,Call,Opportunity,OPP00034,E0028,2024-05-01,10.0
ACT000175,Email,Opportunity,OPP00034,E0028,2024-05-15,
ACT000176,Call,Opportunity,OPP00034,E0028,2024-05-10,10.0
ACT000177,Call,Opportunity,OPP00034,E0028,2024-05-13,13.0
ACT000178,Call,Opportunity,OPP00034,E0028,2024-04-17,36.0
ACT000179,Email,Opportunity,OPP00035,E0014,2025-08-08,
ACT000180,Email,Opportunity,OPP00035,E0014,2025-08-12,
ACT000181,Call,Opportunity,OPP00036,E0018,2024-03-11,38.0
ACT000182,Call,Opportunity,OPP00036,E0018,2024-03-12,40.0
ACT000183,Email,Opportunity,OPP00037,E0085,2024-08-14,
ACT000184,Call,Opportunity,OPP00037,E0085,2024-07-26,24.0
ACT000185,Call,Opportunity,OPP00037,E0085,2024-08-21,29.0
ACT000186,Email,Opportunity,OPP00037,E0085,2024-08-16,
ACT000187,Email,Opportunity,OPP00037,E0085,2024-08-07,
ACT000188,Email,Opportunity,OPP00037,E0085,2024-08-15,
ACT000189,Call,Opportunity,OPP00038,E0052,2024-07-14,26.0
ACT000190,Meeting,Opportunity,OPP00038,E0052,2024-07-15,40.0
ACT000191,Call,Opportunity,OPP00039,E0089,2025-10-28,32.0
ACT000192,Email,Opportunity,OPP00039,E0089,2025-11-13,
ACT000193,Email,Opportunity,OPP00039,E0089,2025-11-01,
ACT000194,Email,Opportunity,OPP00040,E0014,2024-12-20,
ACT000195,Task,Opportunity,OPP00040,E0014,2025-01-20,
ACT000196,Email,Opportunity,OPP00040,E0014,2025-01-28,
ACT000197,Email,Opportunity,OPP00040,E0014,2025-01-24,
ACT000198,Call,Opportunity,OPP00040,E0014,2025-01-19,7.0
ACT000199,Email,Opportunity,OPP00040,E0014,2024-12-19,
ACT000200,Call,Opportunity,OPP00040,E0014,2024-12-23,43.0
ACT000201,Call,Opportunity,OPP00040,E0014,2025-01-25,10.0
ACT000202,Email,Opportunity,OPP00041,E0089,2025-08-14,
ACT000203,Call,Opportunity,OPP00041,E0089,2025-07-10,31.0
ACT000204,Email,Opportunity,OPP00041,E0089,2025-07-23,
ACT000205,Email,Opportunity,OPP00041,E0089,2025-08-29,
ACT000206,Call,Opportunity,OPP00041,E0089,2025-09-12,44.0
ACT000207,Task,Opportunity,OPP00041,E0089,2025-07-13,
ACT000208,Email,Opportunity,OPP00042,E0173,2025-07-15,
ACT000209,Email,Opportunity,OPP00042,E0173,2025-06-30,
ACT000210,Call,Opportunity,OPP00042,E0173,2025-07-13,7.0
ACT000211,Meeting,Opportunity,OPP00043,E0028,2025-09-01,35.0
ACT000212,Call,Opportunity,OPP00043,E0028,2025-09-08,5.0
ACT000213,Meeting,Opportunity,OPP00043,E0028,2025-08-23,41.0
ACT000214,Call,Opportunity,OPP00044,E0009,2024-11-05,27.0
ACT000215,Email,Opportunity,OPP00044,E0009,2024-11-24,
ACT000216,Email,Opportunity,OPP00044,E0009,2024-10-14,
ACT000217,Meeting,Opportunity,OPP00045,E0028,2025-10-25,21.0
ACT000218,Email,Opportunity,OPP00045,E0028,2025-11-21,
ACT000219,Meeting,Opportunity,OPP00045,E0028,2025-11-04,41.0
ACT000220,Call,Opportunity,OPP00045,E0028,2025-12-09,41.0
ACT000221,Call,Opportunity,OPP00045,E0028,2025-10-19,19.0
ACT000222,Email,Opportunity,OPP00046,E0032,2024-08-11,
ACT000223,Task,Opportunity,OPP00046,E0032,2024-08-30,
ACT000224,Email,Opportunity,OPP00047,E0057,2024-07-09,
ACT000225,Email,Opportunity,OPP00047,E0057,2024-07-11,
ACT000226,Meeting,Opportunity,OPP00047,E0057,2024-06-21,11.0
ACT000227,Email,Opportunity,OPP00047,E0057,2024-06-21,
ACT000228,Meeting,Opportunity,OPP00047,E0057,2024-06-25,13.0
ACT000229,Meeting,Opportunity,OPP00048,E0014,2024-06-28,35.0
ACT000230,Email,Opportunity,OPP00048,E0014,2024-06-27,
ACT000231,Email,Opportunity,OPP00048,E0014,2024-07-04,
ACT000232,Email,Opportunity,OPP00048,E0014,2024-06-25,
ACT000233,Email,Opportunity,OPP00049,E0099,2025-08-27,
ACT000234,Call,Opportunity,OPP00049,E0099,2025-08-23,41.0
ACT000235,Email,Opportunity,OPP00049,E0099,2025-07-21,
ACT000236,Email,Opportunity,OPP00049,E0099,2025-08-31,
ACT000237,Call,Opportunity,OPP00049,E0099,2025-08-14,21.0
ACT000238,Email,Opportunity,OPP00049,E0099,2025-07-07,
ACT000239,Call,Opportunity,OPP00049,E0099,2025-08-23,37.0
ACT000240,Call,Opportunity,OPP00050,E0032,2024-12-15,34.0
ACT000241,Task,Opportunity,OPP00050,E0032,2024-12-19,
ACT000242,Email,Opportunity,OPP00050,E0032,2024-12-06,
ACT000243,Call,Opportunity,OPP00051,E0014,2025-07-23,7.0
ACT000244,Call,Opportunity,OPP00051,E0014,2025-07-12,6.0
ACT000245,Meeting,Opportunity,OPP00051,E0014,2025-07-23,28.0
ACT000246,Email,Opportunity,OPP00051,E0014,2025-07-21,
ACT000247,Email,Opportunity,OPP00052,E0057,2024-09-08,
ACT000248,Email,Opportunity,OPP00052,E0057,2024-09-10,
ACT000249,Email,Opportunity,OPP00052,E0057,2024-06-06,
ACT000250,Task,Opportunity,OPP00053,E0052,2024-05-13,
ACT000251,Email,Opportunity,OPP00053,E0052,2024-05-29,
ACT000252,Email,Opportunity,OPP00054,E0018,2025-08-16,
ACT000253,Email,Opportunity,OPP00054,E0018,2025-11-04,
ACT000254,Email,Opportunity,OPP00054,E0018,2025-09-25,
ACT000255,Email,Opportunity,OPP00054,E0018,2025-09-20,
ACT000256,Email,Opportunity,OPP00054,E0018,2025-08-07,
ACT000257,Email,Opportunity,OPP00054,E0018,2025-08-04,
ACT000258,Call,Opportunity,OPP00055,E0032,2024-07-03,35.0
ACT000259,Email,Opportunity,OPP00055,E0032,2024-07-02,
ACT000260,Meeting,Opportunity,OPP00055,E0032,2024-07-20,37.0
ACT000261,Email,Opportunity,OPP00055,E0032,2024-06-18,
ACT000262,Meeting,Opportunity,OPP00055,E0032,2024-06-15,37.0
ACT000263,Email,Opportunity,OPP00055,E0032,2024-06-25,
ACT000264,Email,Opportunity,OPP00055,E0032,2024-05-16,
ACT000265,Task,Opportunity,OPP00056,E0126,2025-01-06,
ACT000266,Email,Opportunity,OPP00056,E0126,2025-01-08,
ACT000267,Email,Opportunity,OPP00056,E0126,2024-12-31,
ACT000268,Email,Opportunity,OPP00056,E0126,2024-12-29,
ACT000269,Email,Opportunity,OPP00056,E0126,2025-01-06,
ACT000270,Email,Opportunity,OPP00056,E0126,2025-01-11,
ACT000271,Meeting,Opportunity,OPP00056,E0126,2024-12-28,35.0
ACT000272,Call,Opportunity,OPP00057,E0018,2024-11-14,5.0
ACT000273,Email,Opportunity,OPP00057,E0018,2025-02-13,
ACT000274,Email,Opportunity,OPP00057,E0018,2024-12-30,
ACT000275,Call,Opportunity,OPP00057,E0018,2025-01-10,14.0
ACT000276,Email,Opportunity,OPP00058,E0018,2025-11-13,
ACT000277,Meeting,Opportunity,OPP00058,E0018,2025-11-19,8.0
ACT000278,Call,Opportunity,OPP00058,E0018,2025-10-28,38.0
ACT000279,Task,Opportunity,OPP00059,E0119,2024-05-02,
ACT000280,Meeting,Opportunity,OPP00059,E0119,2024-04-18,7.0
ACT000281,Call,Opportunity,OPP00059,E0119,2024-05-16,30.0
ACT000282,Task,Opportunity,OPP00059,E0119,2024-05-16,
ACT000283,Meeting,Opportunity,OPP00059,E0119,2024-05-18,30.0
ACT000284,Call,Opportunity,OPP00059,E0119,2024-05-14,26.0
ACT000285,Call,Opportunity,OPP00059,E0119,2024-04-21,32.0
ACT000286,Meeting,Opportunity,OPP00060,E0173,2024-12-06,17.0
ACT000287,Email,Opportunity,OPP00060,E0173,2024-12-04,
ACT000288,Task,Opportunity,OPP00060,E0173,2024-11-26,
ACT000289,Call,Opportunity,OPP00060,E0173,2024-11-16,31.0
ACT000290,Email,Opportunity,OPP00060,E0173,2024-11-08,
ACT000291,Email,Opportunity,OPP00060,E0173,2024-11-13,
ACT000292,Meeting,Opportunity,OPP00060,E0173,2024-11-23,44.0
ACT000293,Email,Opportunity,OPP00061,E0163,2024-09-27,
ACT000294,Meeting,Opportunity,OPP00061,E0163,2024-09-27,36.0
ACT000295,Call,Opportunity,OPP00062,E0032,2024-07-23,22.0
ACT000296,Meeting,Opportunity,OPP00062,E0032,2024-08-19,5.0
ACT000297,Call,Opportunity,OPP00062,E0032,2024-08-30,20.0
ACT000298,Call,Opportunity,OPP00062,E0032,2024-08-07,5.0
ACT000299,Call,Opportunity,OPP00062,E0032,2024-07-31,23.0
ACT000300,Email,Opportunity,OPP00063,E0009,2024-04-18,
ACT000301,Email,Opportunity,OPP00063,E0009,2024-04-15,
ACT000302,Call,Opportunity,OPP00063,E0009,2024-02-25,44.0
ACT000303,Task,Opportunity,OPP00063,E0009,2024-03-11,
ACT000304,Call,Opportunity,OPP00063,E0009,2024-03-13,16.0
ACT000305,Call,Opportunity,OPP00063,E0009,2024-03-23,12.0
ACT000306,Call,Opportunity,OPP00064,E0161,2025-09-04,40.0
ACT000307,Email,Opportunity,OPP00064,E0161,2025-08-12,
ACT000308,Call,Opportunity,OPP00065,E0161,2024-05-11,38.0
ACT000309,Call,Opportunity,OPP00065,E0161,2024-04-26,36.0
ACT000310,Call,Opportunity,OPP00065,E0161,2024-05-20,26.0
ACT000311,Call,Opportunity,OPP00066,E0148,2024-12-07,13.0
ACT000312,Call,Opportunity,OPP00066,E0148,2024-10-30,10.0
ACT000313,Call,Opportunity,OPP00066,E0148,2024-11-10,23.0
ACT000314,Call,Opportunity,OPP00066,E0148,2025-01-05,8.0
ACT000315,Email,Opportunity,OPP00067,E0126,2025-02-21,
ACT000316,Task,Opportunity,OPP00067,E0126,2025-02-16,
ACT000317,Email,Opportunity,OPP00067,E0126,2025-02-12,
ACT000318,Call,Opportunity,OPP00067,E0126,2025-05-04,42.0
ACT000319,Task,Opportunity,OPP00067,E0126,2025-03-19,
ACT000320,Meeting,Opportunity,OPP00067,E0126,2025-05-02,15.0
ACT000321,Email,Opportunity,OPP00068,E0089,2025-12-26,
ACT000322,Meeting,Opportunity,OPP00068,E0089,2026-01-10,41.0
ACT000323,Email,Opportunity,OPP00068,E0089,2025-12-19,
ACT000324,Meeting,Opportunity,OPP00068,E0089,2026-01-07,34.0
ACT000325,Call,Opportunity,OPP00069,E0018,2024-09-13,10.0
ACT000326,Task,Opportunity,OPP00069,E0018,2024-09-23,
ACT000327,Task,Opportunity,OPP00069,E0018,2024-08-06,
ACT000328,Email,Opportunity,OPP00069,E0018,2024-10-22,
ACT000329,Meeting,Opportunity,OPP00069,E0018,2024-09-07,18.0
ACT000330,Email,Opportunity,OPP00069,E0018,2024-10-06,
ACT000331,Call,Opportunity,OPP00069,E0018,2024-09-02,13.0
ACT000332,Call,Opportunity,OPP00070,E0172,2025-08-31,38.0
ACT000333,Task,Opportunity,OPP00070,E0172,2025-09-10,
ACT000334,Call,Opportunity,OPP00070,E0172,2025-09-17,6.0
ACT000335,Call,Opportunity,OPP00070,E0172,2025-09-03,18.0
ACT000336,Task,Opportunity,OPP00070,E0172,2025-10-01,
ACT000337,Task,Opportunity,OPP00070,E0172,2025-09-22,
ACT000338,Call,Opportunity,OPP00070,E0172,2025-09-30,26.0
ACT000339,Email,Opportunity,OPP00071,E0173,2024-06-12,
ACT000340,Call,Opportunity,OPP00071,E0173,2024-06-15,31.0
ACT000341,Email,Opportunity,OPP00071,E0173,2024-06-20,
ACT000342,Call,Opportunity,OPP00071,E0173,2024-06-08,12.0
ACT000343,Call,Opportunity,OPP00072,E0057,2024-12-04,23.0
ACT000344,Email,Opportunity,OPP00072,E0057,2024-12-15,
ACT000345,Email,Opportunity,OPP00072,E0057,2024-11-21,
ACT000346,Email,Opportunity,OPP00073,E0161,2025-06-28,
ACT000347,Meeting,Opportunity,OPP00073,E0161,2025-07-02,13.0
ACT000348,Email,Opportunity,OPP00073,E0161,2025-07-01,
ACT000349,Meeting,Opportunity,OPP00073,E0161,2025-07-06,14.0
ACT000350,Meeting,Opportunity,OPP00073,E0161,2025-07-14,41.0
ACT000351,Call,Opportunity,OPP00073,E0161,2025-07-04,42.0
ACT000352,Email,Opportunity,OPP00073,E0161,2025-07-14,
ACT000353,Meeting,Opportunity,OPP00073,E0161,2025-07-08,25.0
ACT000354,Call,Opportunity,OPP00074,E0119,2025-03-20,21.0
ACT000355,Task,Opportunity,OPP00074,E0119,2025-03-11,
ACT000356,Email,Opportunity,OPP00075,E0009,2024-10-17,
ACT000357,Meeting,Opportunity,OPP00075,E0009,2024-10-17,44.0
ACT000358,Email,Opportunity,OPP00075,E0009,2024-10-06,
ACT000359,Email,Opportunity,OPP00075,E0009,2024-10-10,
ACT000360,Call,Opportunity,OPP00075,E0009,2024-09-30,22.0
ACT000361,Email,Opportunity,OPP00075,E0009,2024-09-29,
ACT000362,Email,Opportunity,OPP00075,E0009,2024-10-19,
ACT000363,Call,Opportunity,OPP00075,E0009,2024-10-10,7.0
ACT000364,Meeting,Opportunity,OPP00076,E0028,2025-06-10,21.0
ACT000365,Call,Opportunity,OPP00076,E0028,2025-06-06,7.0
ACT000366,Meeting,Opportunity,OPP00077,E0052,2025-01-28,43.0
ACT000367,Call,Opportunity,OPP00077,E0052,2025-02-06,40.0
ACT000368,Call,Opportunity,OPP00078,E0173,2025-04-21,7.0
ACT000369,Email,Opportunity,OPP00078,E0173,2025-05-10,
ACT000370,Meeting,Opportunity,OPP00078,E0173,2025-05-16,24.0
ACT000371,Email,Opportunity,OPP00079,E0173,2024-08-17,
ACT000372,Call,Opportunity,OPP00079,E0173,2024-08-25,18.0
ACT000373,Meeting,Opportunity,OPP00079,E0173,2024-08-10,36.0
ACT000374,Meeting,Opportunity,OPP00079,E0173,2024-08-15,20.0
ACT000375,Email,Opportunity,OPP00079,E0173,2024-08-17,
ACT000376,Call,Opportunity,OPP00079,E0173,2024-08-05,6.0
ACT000377,Meeting,Opportunity,OPP00079,E0173,2024-08-27,16.0
ACT000378,Email,Opportunity,OPP00080,E0009,2025-08-04,
ACT000379,Email,Opportunity,OPP00080,E0009,2025-07-24,
ACT000380,Email,Opportunity,OPP00081,E0163,2025-07-02,
ACT000381,Task,Opportunity,OPP00081,E0163,2025-07-21,
ACT000382,Email,Opportunity,OPP00081,E0163,2025-09-02,
ACT000383,Meeting,Opportunity,OPP00082,E0057,2025-10-18,13.0
ACT000384,Email,Opportunity,OPP00082,E0057,2025-10-15,
ACT000385,Email,Opportunity,OPP00082,E0057,2025-10-25,
ACT000386,Meeting,Opportunity,OPP00082,E0057,2025-09-27,41.0
ACT000387,Email,Opportunity,OPP00083,E0172,2024-05-20,
ACT000388,Call,Opportunity,OPP00083,E0172,2024-06-25,14.0
ACT000389,Email,Opportunity,OPP00083,E0172,2024-06-24,
ACT000390,Call,Opportunity,OPP00083,E0172,2024-06-24,15.0
ACT000391,Call,Opportunity,OPP00083,E0172,2024-06-18,10.0
ACT000392,Email,Opportunity,OPP00083,E0172,2024-05-21,
ACT000393,Email,Opportunity,OPP00083,E0172,2024-06-06,
ACT000394,Email,Opportunity,OPP00083,E0172,2024-06-14,
ACT000395,Email,Opportunity,OPP00084,E0014,2025-07-27,
ACT000396,Meeting,Opportunity,OPP00084,E0014,2025-07-14,18.0
ACT000397,Email,Opportunity,OPP00084,E0014,2025-08-01,
ACT000398,Task,Opportunity,OPP00085,E0100,2025-11-25,
ACT000399,Meeting,Opportunity,OPP00085,E0100,2025-11-14,37.0
ACT000400,Task,Opportunity,OPP00086,E0009,2024-06-18,
ACT000401,Call,Opportunity,OPP00086,E0009,2024-06-08,18.0
ACT000402,Email,Opportunity,OPP00086,E0009,2024-06-15,
ACT000403,Email,Opportunity,OPP00087,E0172,2024-04-14,
ACT000404,Task,Opportunity,OPP00087,E0172,2024-04-13,
ACT000405,Call,Opportunity,OPP00087,E0172,2024-05-13,9.0
ACT000406,Email,Opportunity,OPP00087,E0172,2024-04-28,
ACT000407,Call,Opportunity,OPP00087,E0172,2024-05-12,9.0
ACT000408,Call,Opportunity,OPP00088,E0099,2025-04-11,9.0
ACT000409,Email,Opportunity,OPP00088,E0099,2025-08-05,
ACT000410,Meeting,Opportunity,OPP00088,E0099,2025-05-07,42.0
ACT000411,Call,Opportunity,OPP00088,E0099,2025-07-22,23.0
ACT000412,Email,Opportunity,OPP00088,E0099,2025-04-10,
ACT000413,Call,Opportunity,OPP00089,E0161,2025-09-27,27.0
ACT000414,Meeting,Opportunity,OPP00089,E0161,2025-09-18,7.0
ACT000415,Call,Opportunity,OPP00089,E0161,2025-09-25,26.0
ACT000416,Email,Opportunity,OPP00090,E0173,2024-03-18,
ACT000417,Call,Opportunity,OPP00090,E0173,2024-03-03,31.0
ACT000418,Email,Opportunity,OPP00090,E0173,2024-03-15,
ACT000419,Call,Opportunity,OPP00091,E0009,2025-10-12,19.0
ACT000420,Email,Opportunity,OPP00091,E0009,2025-10-03,
ACT000421,Task,Opportunity,OPP00092,E0119,2026-01-09,
ACT000422,Call,Opportunity,OPP00092,E0119,2026-01-03,21.0
ACT000423,Email,Opportunity,OPP00092,E0119,2025-12-31,
ACT000424,Email,Opportunity,OPP00092,E0119,2025-12-30,
ACT000425,Call,Opportunity,OPP00093,E0057,2025-09-26,18.0
ACT000426,Call,Opportunity,OPP00093,E0057,2025-09-29,21.0
ACT000427,Call,Opportunity,OPP00093,E0057,2025-09-10,30.0
ACT000428,Call,Opportunity,OPP00093,E0057,2025-09-10,30.0
ACT000429,Meeting,Opportunity,OPP00093,E0057,2025-09-02,36.0
ACT000430,Call,Opportunity,OPP00093,E0057,2025-09-30,21.0
ACT000431,Call,Opportunity,OPP00093,E0057,2025-09-25,15.0
ACT000432,Meeting,Opportunity,OPP00094,E0085,2025-05-20,41.0
ACT000433,Call,Opportunity,OPP00094,E0085,2025-05-27,25.0
ACT000434,Call,Opportunity,OPP00094,E0085,2025-05-25,40.0
ACT000435,Call,Opportunity,OPP00094,E0085,2025-05-03,40.0
ACT000436,Call,Opportunity,OPP00094,E0085,2025-05-08,37.0
ACT000437,Meeting,Opportunity,OPP00094,E0085,2025-05-12,6.0
ACT000438,Meeting,Opportunity,OPP00094,E0085,2025-05-01,23.0
ACT000439,Call,Opportunity,OPP00094,E0085,2025-05-26,35.0
ACT000440,Call,Opportunity,OPP00095,E0018,2024-07-21,30.0
ACT000441,Email,Opportunity,OPP00095,E0018,2024-08-22,
ACT000442,Call,Opportunity,OPP00095,E0018,2024-07-25,43.0
ACT000443,Task,Opportunity,OPP00096,E0099,2024-12-22,
ACT000444,Call,Opportunity,OPP00096,E0099,2024-12-27,15.0
ACT000445,Call,Opportunity,OPP00096,E0099,2025-01-02,31.0
ACT000446,Call,Opportunity,OPP00096,E0099,2025-01-06,17.0
ACT000447,Email,Opportunity,OPP00097,E0018,2025-04-14,
ACT000448,Meeting,Opportunity,OPP00097,E0018,2025-07-03,28.0
ACT000449,Email,Opportunity,OPP00097,E0018,2025-05-28,
ACT000450,Meeting,Opportunity,OPP00097,E0018,2025-07-05,12.0
ACT000451,Call,Opportunity,OPP00097,E0018,2025-07-14,43.0
ACT000452,Call,Opportunity,OPP00098,E0119,2024-08-06,22.0
ACT000453,Call,Opportunity,OPP00098,E0119,2024-08-01,8.0
ACT000454,Call,Opportunity,OPP00098,E0119,2024-09-20,32.0
ACT000455,Call,Opportunity,OPP00098,E0119,2024-09-21,23.0
ACT000456,Call,Opportunity,OPP00099,E0057,2025-09-14,14.0
ACT000457,Email,Opportunity,OPP00099,E0057,2025-07-05,
ACT000458,Email,Opportunity,OPP00099,E0057,2025-10-26,
ACT000459,Call,Opportunity,OPP00099,E0057,2025-06-08,14.0
ACT000460,Email,Opportunity,OPP00099,E0057,2025-06-29,
ACT000461,Email,Opportunity,OPP00100,E0163,2024-08-27,
ACT000462,Call,Opportunity,OPP00100,E0163,2024-08-16,8.0
ACT000463,Email,Opportunity,OPP00100,E0163,2024-08-25,
ACT000464,Call,Opportunity,OPP00100,E0163,2024-08-23,19.0
ACT000465,Call,Opportunity,OPP00100,E0163,2024-08-20,9.0
ACT000466,Call,Opportunity,OPP00100,E0163,2024-08-23,25.0
ACT000467,Call,Opportunity,OPP00100,E0163,2024-08-23,30.0
ACT000468,Task,Opportunity,OPP00100,E0163,2024-08-25,
ACT000469,Call,Opportunity,OPP00101,E0085,2024-07-03,25.0
ACT000470,Call,Opportunity,OPP00101,E0085,2024-06-21,7.0
ACT000471,Email,Opportunity,OPP00102,E0052,2025-03-25,
ACT000472,Call,Opportunity,OPP00102,E0052,2025-03-14,30.0
ACT000473,Call,Opportunity,OPP00102,E0052,2025-04-14,23.0
ACT000474,Email,Opportunity,OPP00102,E0052,2025-05-11,
ACT000475,Meeting,Opportunity,OPP00102,E0052,2025-03-13,38.0
ACT000476,Email,Opportunity,OPP00103,E0032,2025-02-05,
ACT000477,Email,Opportunity,OPP00103,E0032,2025-02-04,
ACT000478,Call,Opportunity,OPP00103,E0032,2025-02-07,25.0
ACT000479,Call,Opportunity,OPP00103,E0032,2025-02-17,33.0
ACT000480,Call,Opportunity,OPP00103,E0032,2025-01-29,15.0
ACT000481,Meeting,Opportunity,OPP00104,E0161,2026-01-23,13.0
ACT000482,Meeting,Opportunity,OPP00104,E0161,2026-01-20,9.0
ACT000483,Call,Opportunity,OPP00104,E0161,2026-01-25,33.0
ACT000484,Task,Opportunity,OPP00104,E0161,2026-01-08,
ACT000485,Call,Opportunity,OPP00104,E0161,2026-01-22,28.0
ACT000486,Task,Opportunity,OPP00105,E0096,2025-12-11,
ACT000487,Call,Opportunity,OPP00105,E0096,2025-08-24,26.0
ACT000488,Call,Opportunity,OPP00105,E0096,2025-09-30,21.0
ACT000489,Task,Opportunity,OPP00105,E0096,2025-10-02,
ACT000490,Task,Opportunity,OPP00105,E0096,2025-09-15,
ACT000491,Email,Opportunity,OPP00106,E0009,2025-05-07,
ACT000492,Email,Opportunity,OPP00106,E0009,2025-05-29,
ACT000493,Task,Opportunity,OPP00106,E0009,2025-05-16,
ACT000494,Email,Opportunity,OPP00106,E0009,2025-05-13,
ACT000495,Call,Opportunity,OPP00106,E0009,2025-06-16,34.0
ACT000496,Call,Opportunity,OPP00107,E0057,2024-06-11,44.0
ACT000497,Email,Opportunity,OPP00107,E0057,2024-06-20,
ACT000498,Email,Opportunity,OPP00107,E0057,2024-06-16,
ACT000499,Email,Opportunity,OPP00107,E0057,2024-06-22,
ACT000500,Call,Opportunity,OPP00108,E0148,2025-08-20,34.0
ACT000501,Email,Opportunity,OPP00108,E0148,2025-09-03,
ACT000502,Meeting,Opportunity,OPP00108,E0148,2025-08-08,33.0
ACT000503,Call,Opportunity,OPP00108,E0148,2025-08-22,12.0
ACT000504,Task,Opportunity,OPP00108,E0148,2025-08-24,
ACT000505,Call,Opportunity,OPP00108,E0148,2025-08-25,8.0
ACT000506,Meeting,Opportunity,OPP00108,E0148,2025-08-23,32.0
ACT000507,Email,Opportunity,OPP00108,E0148,2025-08-24,
ACT000508,Call,Opportunity,OPP00109,E0032,2025-01-14,11.0
ACT000509,Call,Opportunity,OPP00109,E0032,2025-01-16,42.0
ACT000510,Call,Opportunity,OPP00109,E0032,2025-02-16,39.0
ACT000511,Email,Opportunity,OPP00109,E0032,2025-02-04,
ACT000512,Call,Opportunity,OPP00109,E0032,2025-02-21,6.0
ACT000513,Call,Opportunity,OPP00110,E0059,2024-07-26,25.0
ACT000514,Call,Opportunity,OPP00110,E0059,2024-08-10,41.0
ACT000515,Call,Opportunity,OPP00110,E0059,2024-07-23,29.0
ACT000516,Email,Opportunity,OPP00110,E0059,2024-07-25,
ACT000517,Call,Opportunity,OPP00110,E0059,2024-08-19,20.0
ACT000518,Meeting,Opportunity,OPP00110,E0059,2024-07-24,9.0
ACT000519,Call,Opportunity,OPP00110,E0059,2024-08-09,43.0
ACT000520,Call,Opportunity,OPP00111,E0099,2025-04-22,7.0
ACT000521,Call,Opportunity,OPP00111,E0099,2025-05-18,11.0
ACT000522,Email,Opportunity,OPP00112,E0028,2025-09-24,
ACT000523,Meeting,Opportunity,OPP00112,E0028,2025-10-19,14.0
ACT000524,Call,Opportunity,OPP00112,E0028,2025-10-10,37.0
ACT000525,Email,Opportunity,OPP00113,E0119,2024-05-27,
ACT000526,Email,Opportunity,OPP00113,E0119,2024-05-17,
ACT000527,Email,Opportunity,OPP00113,E0119,2024-05-21,
ACT000528,Task,Opportunity,OPP00113,E0119,2024-05-28,
ACT000529,Email,Opportunity,OPP00113,E0119,2024-05-30,
ACT000530,Task,Opportunity,OPP00113,E0119,2024-06-12,
ACT000531,Email,Opportunity,OPP00113,E0119,2024-05-20,
ACT000532,Task,Opportunity,OPP00114,E0096,2025-07-24,
ACT000533,Call,Opportunity,OPP00114,E0096,2025-07-25,23.0
ACT000534,Meeting,Opportunity,OPP00114,E0096,2025-07-11,23.0
ACT000535,Email,Opportunity,OPP00115,E0085,2025-04-06,
ACT000536,Call,Opportunity,OPP00115,E0085,2025-08-18,30.0
ACT000537,Email,Opportunity,OPP00115,E0085,2025-04-05,
ACT000538,Call,Opportunity,OPP00115,E0085,2025-04-19,42.0
ACT000539,Email,Opportunity,OPP00116,E0085,2024-10-09,
ACT000540,Call,Opportunity,OPP00116,E0085,2024-09-27,42.0
ACT000541,Email,Opportunity,OPP00116,E0085,2024-10-02,
ACT000542,Call,Opportunity,OPP00116,E0085,2024-09-23,20.0
ACT000543,Meeting,Opportunity,OPP00117,E0028,2025-04-23,38.0
ACT000544,Call,Opportunity,OPP00117,E0028,2025-05-04,42.0
ACT000545,Email,Opportunity,OPP00117,E0028,2025-04-18,
ACT000546,Call,Opportunity,OPP00117,E0028,2025-04-29,9.0
ACT000547,Call,Opportunity,OPP00117,E0028,2025-04-16,36.0
ACT000548,Email,Opportunity,OPP00117,E0028,2025-05-04,
ACT000549,Call,Opportunity,OPP00117,E0028,2025-05-08,20.0
ACT000550,Call,Opportunity,OPP00117,E0028,2025-04-26,11.0
ACT000551,Task,Opportunity,OPP00118,E0057,2025-01-09,
ACT000552,Email,Opportunity,OPP00118,E0057,2025-01-07,
ACT000553,Email,Opportunity,OPP00118,E0057,2024-12-30,
ACT000554,Call,Opportunity,OPP00118,E0057,2025-01-05,20.0
ACT000555,Email,Opportunity,OPP00118,E0057,2024-12-24,
ACT000556,Call,Opportunity,OPP00118,E0057,2025-01-03,19.0
ACT000557,Email,Opportunity,OPP00119,E0089,2024-12-29,
ACT000558,Meeting,Opportunity,OPP00119,E0089,2025-01-27,5.0
ACT000559,Email,Opportunity,OPP00119,E0089,2025-01-06,
ACT000560,Meeting,Opportunity,OPP00120,E0032,2024-03-11,13.0
ACT000561,Call,Opportunity,OPP00120,E0032,2024-01-30,43.0
ACT000562,Email,Opportunity,OPP00120,E0032,2024-02-01,
ACT000563,Email,Opportunity,OPP00121,E0028,2025-08-23,
ACT000564,Call,Opportunity,OPP00121,E0028,2025-08-25,8.0
ACT000565,Email,Opportunity,OPP00121,E0028,2025-08-31,
ACT000566,Task,Opportunity,OPP00121,E0028,2025-09-08,
ACT000567,Email,Opportunity,OPP00121,E0028,2025-09-01,
ACT000568,Email,Opportunity,OPP00122,E0096,2024-08-27,
ACT000569,Call,Opportunity,OPP00122,E0096,2024-08-26,35.0
ACT000570,Email,Opportunity,OPP00123,E0122,2025-03-05,
ACT000571,Meeting,Opportunity,OPP00123,E0122,2025-02-25,30.0
ACT000572,Email,Opportunity,OPP00123,E0122,2025-03-07,
ACT000573,Meeting,Opportunity,OPP00123,E0122,2025-02-08,16.0
ACT000574,Task,Opportunity,OPP00123,E0122,2025-03-02,
ACT000575,Meeting,Opportunity,OPP00123,E0122,2025-03-03,29.0
ACT000576,Email,Opportunity,OPP00124,E0163,2024-04-18,
ACT000577,Call,Opportunity,OPP00124,E0163,2024-03-22,19.0
ACT000578,Task,Opportunity,OPP00124,E0163,2024-03-11,
ACT000579,Task,Opportunity,OPP00124,E0163,2024-03-14,
ACT000580,Task,Opportunity,OPP00125,E0172,2025-09-07,
ACT000581,Call,Opportunity,OPP00125,E0172,2025-09-18,34.0
ACT000582,Meeting,Opportunity,OPP00126,E0126,2025-05-31,31.0
ACT000583,Meeting,Opportunity,OPP00126,E0126,2025-06-17,42.0
ACT000584,Email,Opportunity,OPP00126,E0126,2025-06-14,
ACT000585,Meeting,Opportunity,OPP00126,E0126,2025-06-24,35.0
ACT000586,Email,Opportunity,OPP00127,E0085,2024-05-06,
ACT000587,Call,Opportunity,OPP00127,E0085,2024-05-28,21.0
ACT000588,Call,Opportunity,OPP00127,E0085,2024-06-01,6.0
ACT000589,Meeting,Opportunity,OPP00127,E0085,2024-06-08,41.0
ACT000590,Call,Opportunity,OPP00127,E0085,2024-06-19,19.0
ACT000591,Meeting,Opportunity,OPP00127,E0085,2024-05-26,16.0
ACT000592,Email,Opportunity,OPP00127,E0085,2024-05-21,
ACT000593,Call,Opportunity,OPP00128,E0148,2025-10-14,34.0
ACT000594,Email,Opportunity,OPP00128,E0148,2025-10-23,
ACT000595,Email,Opportunity,OPP00128,E0148,2025-10-06,
ACT000596,Call,Opportunity,OPP00128,E0148,2025-10-27,20.0
ACT000597,Email,Opportunity,OPP00128,E0148,2025-10-18,
ACT000598,Email,Opportunity,OPP00128,E0148,2025-09-30,
ACT000599,Call,Opportunity,OPP00129,E0014,2025-12-23,34.0
ACT000600,Meeting,Opportunity,OPP00129,E0014,2025-12-17,20.0
ACT000601,Call,Opportunity,OPP00129,E0014,2025-12-17,18.0
ACT000602,Email,Opportunity,OPP00129,E0014,2025-11-27,
ACT000603,Email,Opportunity,OPP00129,E0014,2025-11-25,
ACT000604,Call,Opportunity,OPP00130,E0089,2025-02-20,18.0
ACT000605,Task,Opportunity,OPP00130,E0089,2025-02-15,
ACT000606,Call,Opportunity,OPP00131,E0096,2024-08-07,7.0
ACT000607,Call,Opportunity,OPP00131,E0096,2024-08-09,36.0
ACT000608,Call,Opportunity,OPP00132,E0148,2025-03-19,38.0
ACT000609,Email,Opportunity,OPP00132,E0148,2025-03-23,
ACT000610,Call,Opportunity,OPP00133,E0009,2025-09-21,28.0
ACT000611,Task,Opportunity,OPP00133,E0009,2025-09-27,
ACT000612,Email,Opportunity,OPP00133,E0009,2025-09-19,
ACT000613,Email,Opportunity,OPP00133,E0009,2025-09-14,
ACT000614,Call,Opportunity,OPP00133,E0009,2025-08-25,30.0
ACT000615,Call,Opportunity,OPP00133,E0009,2025-09-19,17.0
ACT000616,Email,Opportunity,OPP00134,E0163,2025-06-16,
ACT000617,Call,Opportunity,OPP00134,E0163,2025-06-06,35.0
ACT000618,Email,Opportunity,OPP00134,E0163,2025-06-08,
ACT000619,Call,Opportunity,OPP00134,E0163,2025-05-24,29.0
ACT000620,Call,Opportunity,OPP00134,E0163,2025-05-25,6.0
ACT000621,Task,Opportunity,OPP00135,E0089,2025-01-07,
ACT000622,Call,Opportunity,OPP00135,E0089,2025-01-01,21.0
ACT000623,Call,Opportunity,OPP00135,E0089,2024-12-21,9.0
ACT000624,Call,Opportunity,OPP00135,E0089,2025-01-01,10.0
ACT000625,Call,Opportunity,OPP00135,E0089,2025-01-02,44.0
ACT000626,Email,Opportunity,OPP00135,E0089,2024-12-28,
ACT000627,Meeting,Opportunity,OPP00136,E0028,2025-05-07,27.0
ACT000628,Email,Opportunity,OPP00136,E0028,2025-05-08,
ACT000629,Email,Opportunity,OPP00136,E0028,2025-09-14,
ACT000630,Call,Opportunity,OPP00136,E0028,2025-07-05,37.0
ACT000631,Meeting,Opportunity,OPP00137,E0173,2024-12-07,24.0
ACT000632,Email,Opportunity,OPP00137,E0173,2025-01-09,
ACT000633,Task,Opportunity,OPP00137,E0173,2025-01-04,
ACT000634,Email,Opportunity,OPP00137,E0173,2024-09-18,
ACT000635,Call,Opportunity,OPP00137,E0173,2025-01-08,8.0
ACT000636,Call,Opportunity,OPP00137,E0173,2024-09-19,40.0
ACT000637,Call,Opportunity,OPP00137,E0173,2024-10-14,12.0
ACT000638,Email,Opportunity,OPP00137,E0173,2024-09-16,
ACT000639,Meeting,Opportunity,OPP00138,E0028,2025-01-05,44.0
ACT000640,Task,Opportunity,OPP00138,E0028,2025-01-18,
ACT000641,Meeting,Opportunity,OPP00138,E0028,2024-12-27,27.0
ACT000642,Task,Opportunity,OPP00139,E0119,2025-05-20,
ACT000643,Call,Opportunity,OPP00139,E0119,2025-05-22,6.0
ACT000644,Email,Opportunity,OPP00139,E0119,2025-05-02,
ACT000645,Email,Opportunity,OPP00139,E0119,2025-05-01,
ACT000646,Meeting,Opportunity,OPP00139,E0119,2025-05-24,34.0
ACT000647,Meeting,Opportunity,OPP00139,E0119,2025-05-30,13.0
ACT000648,Email,Opportunity,OPP00139,E0119,2025-06-06,
ACT000649,Email,Opportunity,OPP00139,E0119,2025-05-10,
ACT000650,Call,Opportunity,OPP00140,E0028,2024-07-01,6.0
ACT000651,Meeting,Opportunity,OPP00140,E0028,2024-07-02,18.0
ACT000652,Meeting,Opportunity,OPP00140,E0028,2024-05-18,23.0
ACT000653,Meeting,Opportunity,OPP00140,E0028,2024-06-29,10.0
ACT000654,Call,Opportunity,OPP00140,E0028,2024-07-06,23.0
ACT000655,Call,Opportunity,OPP00141,E0028,2024-04-02,20.0
ACT000656,Task,Opportunity,OPP00141,E0028,2024-06-07,
ACT000657,Email,Opportunity,OPP00142,E0119,2024-03-13,
ACT000658,Call,Opportunity,OPP00142,E0119,2024-03-18,28.0
ACT000659,Call,Opportunity,OPP00142,E0119,2024-03-02,35.0
ACT000660,Email,Opportunity,OPP00142,E0119,2024-03-08,
ACT000661,Call,Opportunity,OPP00142,E0119,2024-03-23,12.0
ACT000662,Task,Opportunity,OPP00143,E0009,2025-09-16,
ACT000663,Email,Opportunity,OPP00143,E0009,2025-09-20,
ACT000664,Call,Opportunity,OPP00144,E0119,2025-11-21,35.0
ACT000665,Call,Opportunity,OPP00144,E0119,2025-11-20,41.0
ACT000666,Email,Opportunity,OPP00144,E0119,2025-11-11,
ACT000667,Call,Opportunity,OPP00144,E0119,2025-11-18,23.0
ACT000668,Task,Opportunity,OPP00144,E0119,2025-11-19,
ACT000669,Call,Opportunity,OPP00144,E0119,2025-11-13,32.0
ACT000670,Call,Opportunity,OPP00144,E0119,2025-11-09,31.0
ACT000671,Email,Opportunity,OPP00144,E0119,2025-11-09,
ACT000672,Call,Opportunity,OPP00145,E0148,2024-10-09,34.0
ACT000673,Call,Opportunity,OPP00145,E0148,2024-11-05,12.0
ACT000674,Call,Opportunity,OPP00145,E0148,2024-11-09,32.0
ACT000675,Email,Opportunity,OPP00145,E0148,2024-10-20,
ACT000676,Task,Opportunity,OPP00146,E0052,2025-05-12,
ACT000677,Email,Opportunity,OPP00146,E0052,2025-03-01,
ACT000678,Call,Opportunity,OPP00146,E0052,2025-05-30,22.0
ACT000679,Call,Opportunity,OPP00146,E0052,2025-05-26,13.0
ACT000680,Call,Opportunity,OPP00146,E0052,2025-01-14,29.0
ACT000681,Meeting,Opportunity,OPP00146,E0052,2025-04-12,14.0
ACT000682,Call,Opportunity,OPP00146,E0052,2025-04-07,14.0
ACT000683,Call,Opportunity,OPP00147,E0173,2025-11-08,16.0
ACT000684,Email,Opportunity,OPP00147,E0173,2025-11-11,
ACT000685,Email,Opportunity,OPP00147,E0173,2025-10-13,
ACT000686,Email,Opportunity,OPP00147,E0173,2025-10-12,
ACT000687,Meeting,Opportunity,OPP00147,E0173,2025-10-12,35.0
ACT000688,Call,Opportunity,OPP00147,E0173,2025-10-08,15.0
ACT000689,Call,Opportunity,OPP00147,E0173,2025-11-05,39.0
ACT000690,Task,Opportunity,OPP00148,E0122,2025-03-06,
ACT000691,Email,Opportunity,OPP00148,E0122,2025-03-09,
ACT000692,Email,Opportunity,OPP00149,E0100,2024-09-23,
ACT000693,Email,Opportunity,OPP00149,E0100,2025-01-15,
ACT000694,Call,Opportunity,OPP00149,E0100,2024-10-31,29.0
ACT000695,Call,Opportunity,OPP00149,E0100,2024-09-28,35.0
ACT000696,Call,Opportunity,OPP00150,E0089,2024-04-29,20.0
ACT000697,Email,Opportunity,OPP00150,E0089,2024-05-01,
ACT000698,Meeting,Opportunity,OPP00150,E0089,2024-05-05,31.0
ACT000699,Task,Opportunity,OPP00150,E0089,2024-05-08,
ACT000700,Task,Opportunity,OPP00150,E0089,2024-05-11,
ACT000701,Call,Opportunity,OPP00150,E0089,2024-05-11,30.0
ACT000702,Call,Opportunity,OPP00150,E0089,2024-05-04,36.0
ACT000703,Email,Opportunity,OPP00150,E0089,2024-05-03,
ACT000704,Email,Opportunity,OPP00151,E0172,2025-09-12,
ACT000705,Call,Opportunity,OPP00151,E0172,2025-06-04,9.0
ACT000706,Email,Opportunity,OPP00151,E0172,2025-06-10,
ACT000707,Task,Opportunity,OPP00151,E0172,2025-06-07,
ACT000708,Email,Opportunity,OPP00151,E0172,2025-07-01,
ACT000709,Email,Opportunity,OPP00152,E0126,2025-04-06,
ACT000710,Meeting,Opportunity,OPP00152,E0126,2025-04-18,21.0
ACT000711,Task,Opportunity,OPP00152,E0126,2025-04-18,
ACT000712,Email,Opportunity,OPP00152,E0126,2025-04-06,
ACT000713,Call,Opportunity,OPP00152,E0126,2025-05-10,25.0
ACT000714,Call,Opportunity,OPP00152,E0126,2025-04-18,10.0
ACT000715,Email,Opportunity,OPP00152,E0126,2025-04-21,
ACT000716,Meeting,Opportunity,OPP00152,E0126,2025-05-02,18.0
ACT000717,Email,Opportunity,OPP00153,E0028,2025-08-22,
ACT000718,Task,Opportunity,OPP00153,E0028,2025-08-25,
ACT000719,Email,Opportunity,OPP00153,E0028,2025-08-10,
ACT000720,Email,Opportunity,OPP00153,E0028,2025-08-10,
ACT000721,Email,Opportunity,OPP00153,E0028,2025-08-12,
ACT000722,Call,Opportunity,OPP00154,E0009,2024-02-11,26.0
ACT000723,Call,Opportunity,OPP00154,E0009,2024-02-04,13.0
ACT000724,Call,Opportunity,OPP00154,E0009,2024-02-07,29.0
ACT000725,Email,Opportunity,OPP00154,E0009,2024-02-12,
ACT000726,Email,Opportunity,OPP00154,E0009,2024-03-14,
ACT000727,Call,Opportunity,OPP00154,E0009,2024-02-07,7.0
ACT000728,Call,Opportunity,OPP00154,E0009,2024-02-17,12.0
ACT000729,Email,Opportunity,OPP00154,E0009,2024-02-26,
ACT000730,Email,Opportunity,OPP00155,E0089,2025-05-04,
ACT000731,Call,Opportunity,OPP00155,E0089,2025-05-12,27.0
ACT000732,Email,Opportunity,OPP00155,E0089,2025-05-05,
ACT000733,Call,Opportunity,OPP00155,E0089,2025-05-04,6.0
ACT000734,Call,Opportunity,OPP00156,E0018,2025-05-17,41.0
ACT000735,Call,Opportunity,OPP00156,E0018,2025-05-20,36.0
ACT000736,Meeting,Opportunity,OPP00156,E0018,2025-05-20,37.0
ACT000737,Call,Opportunity,OPP00156,E0018,2025-05-06,37.0
ACT000738,Call,Opportunity,OPP00156,E0018,2025-05-08,19.0
ACT000739,Email,Opportunity,OPP00156,E0018,2025-04-25,
ACT000740,Email,Opportunity,OPP00156,E0018,2025-05-19,
ACT000741,Email,Opportunity,OPP00156,E0018,2025-05-12,
ACT000742,Call,Opportunity,OPP00157,E0126,2024-04-21,18.0
ACT000743,Call,Opportunity,OPP00157,E0126,2024-09-24,23.0
ACT000744,Call,Opportunity,OPP00157,E0126,2024-07-17,43.0
ACT000745,Call,Opportunity,OPP00157,E0126,2024-06-17,32.0
ACT000746,Email,Opportunity,OPP00157,E0126,2024-04-07,
ACT000747,Meeting,Opportunity,OPP00157,E0126,2024-08-20,30.0
ACT000748,Meeting,Opportunity,OPP00157,E0126,2024-04-30,33.0
ACT000749,Call,Opportunity,OPP00158,E0057,2024-08-16,18.0
ACT000750,Call,Opportunity,OPP00158,E0057,2024-08-16,34.0
ACT000751,Meeting,Opportunity,OPP00158,E0057,2024-08-26,40.0
ACT000752,Call,Opportunity,OPP00158,E0057,2024-08-20,24.0
ACT000753,Email,Opportunity,OPP00158,E0057,2024-08-03,
ACT000754,Meeting,Opportunity,OPP00159,E0172,2024-07-04,19.0
ACT000755,Call,Opportunity,OPP00159,E0172,2024-07-07,38.0
ACT000756,Email,Opportunity,OPP00159,E0172,2024-06-29,
ACT000757,Email,Opportunity,OPP00159,E0172,2024-06-15,
ACT000758,Email,Opportunity,OPP00159,E0172,2024-06-24,
ACT000759,Email,Opportunity,OPP00160,E0089,2025-08-22,
ACT000760,Call,Opportunity,OPP00160,E0089,2025-09-11,12.0
ACT000761,Call,Opportunity,OPP00160,E0089,2025-09-01,24.0
ACT000762,Email,Opportunity,OPP00161,E0059,2025-04-20,
ACT000763,Call,Opportunity,OPP00161,E0059,2025-04-12,23.0
ACT000764,Email,Opportunity,OPP00161,E0059,2025-04-30,
ACT000765,Email,Opportunity,OPP00162,E0032,2024-08-06,
ACT000766,Meeting,Opportunity,OPP00162,E0032,2024-08-15,23.0
ACT000767,Call,Opportunity,OPP00163,E0163,2025-06-13,14.0
ACT000768,Email,Opportunity,OPP00163,E0163,2025-06-20,
ACT000769,Meeting,Opportunity,OPP00163,E0163,2025-06-16,20.0
ACT000770,Call,Opportunity,OPP00163,E0163,2025-06-15,27.0
ACT000771,Email,Opportunity,OPP00163,E0163,2025-06-11,
ACT000772,Call,Opportunity,OPP00163,E0163,2025-06-16,24.0
ACT000773,Call,Opportunity,OPP00164,E0119,2025-01-11,20.0
ACT000774,Call,Opportunity,OPP00164,E0119,2025-03-01,19.0
ACT000775,Meeting,Opportunity,OPP00164,E0119,2025-01-30,13.0
ACT000776,Email,Opportunity,OPP00164,E0119,2025-01-17,
ACT000777,Email,Opportunity,OPP00164,E0119,2025-01-16,
ACT000778,Email,Opportunity,OPP00164,E0119,2025-02-18,
ACT000779,Call,Opportunity,OPP00164,E0119,2025-01-16,29.0
ACT000780,Email,Opportunity,OPP00164,E0119,2025-02-05,
ACT000781,Call,Opportunity,OPP00165,E0126,2024-10-09,8.0
ACT000782,Call,Opportunity,OPP00165,E0126,2024-10-03,35.0
ACT000783,Email,Opportunity,OPP00165,E0126,2024-11-12,
ACT000784,Email,Opportunity,OPP00165,E0126,2024-11-08,
ACT000785,Email,Opportunity,OPP00165,E0126,2024-10-03,
ACT000786,Email,Opportunity,OPP00165,E0126,2024-10-22,
ACT000787,Email,Opportunity,OPP00165,E0126,2024-09-28,
ACT000788,Meeting,Opportunity,OPP00166,E0100,2024-08-18,32.0
ACT000789,Call,Opportunity,OPP00166,E0100,2024-09-22,28.0
ACT000790,Call,Opportunity,OPP00166,E0100,2024-09-08,18.0
ACT000791,Email,Opportunity,OPP00166,E0100,2024-08-01,
ACT000792,Meeting,Opportunity,OPP00167,E0122,2024-08-24,15.0
ACT000793,Meeting,Opportunity,OPP00167,E0122,2024-07-31,29.0
ACT000794,Email,Opportunity,OPP00167,E0122,2024-08-18,
ACT000795,Meeting,Opportunity,OPP00167,E0122,2024-08-24,22.0
ACT000796,Call,Opportunity,OPP00167,E0122,2024-08-03,39.0
ACT000797,Email,Opportunity,OPP00167,E0122,2024-08-09,
ACT000798,Call,Opportunity,OPP00167,E0122,2024-07-29,18.0
ACT000799,Call,Opportunity,OPP00167,E0122,2024-08-02,12.0
ACT000800,Call,Opportunity,OPP00168,E0099,2024-12-06,6.0
ACT000801,Call,Opportunity,OPP00168,E0099,2024-11-21,24.0
ACT000802,Call,Opportunity,OPP00168,E0099,2024-12-14,28.0
ACT000803,Email,Opportunity,OPP00168,E0099,2025-01-03,
ACT000804,Meeting,Opportunity,OPP00168,E0099,2024-11-06,40.0
ACT000805,Email,Opportunity,OPP00168,E0099,2024-11-07,
ACT000806,Call,Opportunity,OPP00168,E0099,2024-11-08,39.0
ACT000807,Call,Opportunity,OPP00169,E0161,2025-06-19,30.0
ACT000808,Call,Opportunity,OPP00169,E0161,2025-06-05,33.0
ACT000809,Call,Opportunity,OPP00169,E0161,2025-06-02,31.0
ACT000810,Email,Opportunity,OPP00169,E0161,2025-06-10,
ACT000811,Meeting,Opportunity,OPP00169,E0161,2025-06-17,24.0
ACT000812,Call,Opportunity,OPP00169,E0161,2025-05-30,7.0
ACT000813,Call,Opportunity,OPP00169,E0161,2025-05-30,31.0
ACT000814,Call,Opportunity,OPP00169,E0161,2025-06-07,7.0
ACT000815,Email,Opportunity,OPP00170,E0173,2025-01-11,
ACT000816,Call,Opportunity,OPP00170,E0173,2025-01-13,24.0
ACT000817,Call,Opportunity,OPP00170,E0173,2025-01-10,23.0
ACT000818,Email,Opportunity,OPP00170,E0173,2025-01-16,
ACT000819,Call,Opportunity,OPP00171,E0089,2025-03-14,28.0
ACT000820,Call,Opportunity,OPP00171,E0089,2025-02-09,34.0
ACT000821,Meeting,Opportunity,OPP00171,E0089,2025-02-05,39.0
ACT000822,Call,Opportunity,OPP00171,E0089,2024-11-30,36.0
ACT000823,Meeting,Opportunity,OPP00172,E0085,2024-08-05,7.0
ACT000824,Email,Opportunity,OPP00172,E0085,2024-08-02,
ACT000825,Call,Opportunity,OPP00172,E0085,2024-08-11,5.0
ACT000826,Meeting,Opportunity,OPP00172,E0085,2024-08-17,36.0
ACT000827,Task,Opportunity,OPP00172,E0085,2024-08-06,
ACT000828,Email,Opportunity,OPP00172,E0085,2024-08-12,
ACT000829,Email,Opportunity,OPP00172,E0085,2024-08-07,
ACT000830,Meeting,Opportunity,OPP00172,E0085,2024-08-17,28.0
ACT000831,Call,Opportunity,OPP00173,E0085,2024-12-07,16.0
ACT000832,Call,Opportunity,OPP00173,E0085,2024-09-30,9.0
ACT000833,Call,Opportunity,OPP00173,E0085,2025-01-21,40.0
ACT000834,Email,Opportunity,OPP00174,E0018,2024-02-21,
ACT000835,Email,Opportunity,OPP00174,E0018,2024-02-21,
ACT000836,Call,Opportunity,OPP00174,E0018,2024-02-24,34.0
ACT000837,Email,Opportunity,OPP00174,E0018,2024-03-12,
ACT000838,Email,Opportunity,OPP00174,E0018,2024-03-14,
ACT000839,Task,Opportunity,OPP00175,E0161,2024-08-30,
ACT000840,Call,Opportunity,OPP00175,E0161,2024-08-31,15.0
ACT000841,Call,Opportunity,OPP00175,E0161,2024-09-08,32.0
ACT000842,Task,Opportunity,OPP00175,E0161,2024-09-02,
ACT000843,Call,Opportunity,OPP00175,E0161,2024-08-27,44.0
ACT000844,Call,Opportunity,OPP00175,E0161,2024-08-24,14.0
ACT000845,Call,Opportunity,OPP00175,E0161,2024-08-31,15.0
ACT000846,Call,Opportunity,OPP00175,E0161,2024-08-27,41.0
ACT000847,Email,Opportunity,OPP00176,E0014,2024-09-25,
ACT000848,Email,Opportunity,OPP00176,E0014,2024-12-01,
ACT000849,Email,Opportunity,OPP00176,E0014,2024-09-25,
ACT000850,Task,Opportunity,OPP00177,E0119,2024-07-25,
ACT000851,Meeting,Opportunity,OPP00177,E0119,2024-07-31,10.0
ACT000852,Call,Opportunity,OPP00177,E0119,2024-07-26,19.0
ACT000853,Call,Opportunity,OPP00177,E0119,2024-08-02,35.0
ACT000854,Call,Opportunity,OPP00177,E0119,2024-07-04,34.0
ACT000855,Email,Opportunity,OPP00177,E0119,2024-07-06,
ACT000856,Task,Opportunity,OPP00177,E0119,2024-08-05,
ACT000857,Email,Opportunity,OPP00178,E0119,2025-11-11,
ACT000858,Call,Opportunity,OPP00178,E0119,2025-11-28,10.0
ACT000859,Call,Opportunity,OPP00178,E0119,2025-11-19,44.0
ACT000860,Call,Opportunity,OPP00178,E0119,2025-11-27,27.0
ACT000861,Call,Opportunity,OPP00178,E0119,2025-12-01,23.0
ACT000862,Email,Opportunity,OPP00179,E0100,2025-03-19,
ACT000863,Email,Opportunity,OPP00179,E0100,2025-03-12,
ACT000864,Email,Opportunity,OPP00179,E0100,2025-03-20,
ACT000865,Email,Opportunity,OPP00179,E0100,2025-05-03,
ACT000866,Email,Opportunity,OPP00179,E0100,2025-04-02,
ACT000867,Meeting,Opportunity,OPP00179,E0100,2025-03-29,17.0
ACT000868,Email,Opportunity,OPP00179,E0100,2025-04-21,
ACT000869,Email,Opportunity,OPP00180,E0096,2024-04-23,
ACT000870,Email,Opportunity,OPP00180,E0096,2024-05-27,
ACT000871,Meeting,Opportunity,OPP00180,E0096,2024-05-25,16.0
ACT000872,Meeting,Opportunity,OPP00180,E0096,2024-05-04,38.0
ACT000873,Email,Opportunity,OPP00180,E0096,2024-06-10,
ACT000874,Call,Opportunity,OPP00181,E0122,2025-11-08,19.0
ACT000875,Email,Opportunity,OPP00181,E0122,2025-10-24,
ACT000876,Call,Opportunity,OPP00181,E0122,2025-10-11,32.0
ACT000877,Task,Opportunity,OPP00182,E0122,2025-02-14,
ACT000878,Meeting,Opportunity,OPP00182,E0122,2025-01-31,39.0
ACT000879,Task,Opportunity,OPP00182,E0122,2025-01-08,
ACT000880,Email,Opportunity,OPP00182,E0122,2025-01-14,
ACT000881,Call,Opportunity,OPP00182,E0122,2025-03-03,16.0
ACT000882,Email,Opportunity,OPP00182,E0122,2025-03-07,
ACT000883,Task,Opportunity,OPP00182,E0122,2025-03-19,
ACT000884,Meeting,Opportunity,OPP00183,E0172,2025-09-16,24.0
ACT000885,Call,Opportunity,OPP00183,E0172,2025-08-20,22.0
ACT000886,Meeting,Opportunity,OPP00183,E0172,2025-08-27,25.0
ACT000887,Call,Opportunity,OPP00183,E0172,2025-09-15,14.0
ACT000888,Call,Opportunity,OPP00183,E0172,2025-09-02,43.0
ACT000889,Call,Opportunity,OPP00183,E0172,2025-09-23,32.0
ACT000890,Call,Opportunity,OPP00183,E0172,2025-08-20,29.0
ACT000891,Call,Opportunity,OPP00184,E0014,2025-10-02,9.0
ACT000892,Call,Opportunity,OPP00184,E0014,2025-10-08,9.0
ACT000893,Meeting,Opportunity,OPP00184,E0014,2025-10-29,42.0
ACT000894,Meeting,Opportunity,OPP00184,E0014,2025-09-19,41.0
ACT000895,Call,Opportunity,OPP00185,E0100,2024-05-21,44.0
ACT000896,Email,Opportunity,OPP00185,E0100,2024-05-30,
ACT000897,Email,Opportunity,OPP00185,E0100,2024-06-21,
ACT000898,Call,Opportunity,OPP00185,E0100,2024-06-24,14.0
ACT000899,Meeting,Opportunity,OPP00185,E0100,2024-06-30,15.0
ACT000900,Email,Opportunity,OPP00185,E0100,2024-06-12,
ACT000901,Email,Opportunity,OPP00185,E0100,2024-06-11,
ACT000902,Call,Opportunity,OPP00186,E0163,2024-10-18,42.0
ACT000903,Email,Opportunity,OPP00186,E0163,2024-10-25,
ACT000904,Call,Opportunity,OPP00186,E0163,2024-10-14,34.0
ACT000905,Meeting,Opportunity,OPP00186,E0163,2024-10-18,11.0
ACT000906,Email,Opportunity,OPP00186,E0163,2024-10-25,
ACT000907,Call,Opportunity,OPP00187,E0085,2024-07-26,8.0
ACT000908,Email,Opportunity,OPP00187,E0085,2024-07-28,
ACT000909,Call,Opportunity,OPP00188,E0100,2025-01-12,13.0
ACT000910,Email,Opportunity,OPP00188,E0100,2025-01-19,
ACT000911,Call,Opportunity,OPP00188,E0100,2025-01-15,38.0
ACT000912,Call,Opportunity,OPP00188,E0100,2025-01-17,37.0
ACT000913,Call,Opportunity,OPP00188,E0100,2025-01-12,17.0
ACT000914,Email,Opportunity,OPP00188,E0100,2025-01-10,
ACT000915,Email,Opportunity,OPP00188,E0100,2024-12-29,
ACT000916,Email,Opportunity,OPP00188,E0100,2025-01-07,
ACT000917,Email,Opportunity,OPP00189,E0172,2025-11-19,
ACT000918,Call,Opportunity,OPP00189,E0172,2025-11-17,15.0
ACT000919,Call,Opportunity,OPP00189,E0172,2025-11-07,34.0
ACT000920,Task,Opportunity,OPP00189,E0172,2025-11-30,
ACT000921,Call,Opportunity,OPP00189,E0172,2025-11-29,18.0
ACT000922,Email,Opportunity,OPP00189,E0172,2025-11-24,
ACT000923,Call,Opportunity,OPP00189,E0172,2025-11-21,31.0
ACT000924,Call,Opportunity,OPP00190,E0100,2025-03-05,15.0
ACT000925,Call,Opportunity,OPP00190,E0100,2025-03-24,27.0
ACT000926,Task,Opportunity,OPP00190,E0100,2025-03-24,
ACT000927,Call,Opportunity,OPP00190,E0100,2025-04-03,23.0
ACT000928,Email,Opportunity,OPP00190,E0100,2025-03-10,
ACT000929,Email,Opportunity,OPP00190,E0100,2025-03-22,
ACT000930,Email,Opportunity,OPP00191,E0009,2024-03-06,
ACT000931,Email,Opportunity,OPP00191,E0009,2024-03-23,
ACT000932,Call,Opportunity,OPP00191,E0009,2024-04-07,9.0
ACT000933,Task,Opportunity,OPP00192,E0126,2025-09-26,
ACT000934,Email,Opportunity,OPP00192,E0126,2025-11-10,
ACT000935,Email,Opportunity,OPP00192,E0126,2025-12-06,
ACT000936,Email,Opportunity,OPP00192,E0126,2025-09-03,
ACT000937,Email,Opportunity,OPP00192,E0126,2025-09-10,
ACT000938,Email,Opportunity,OPP00193,E0148,2025-04-10,
ACT000939,Email,Opportunity,OPP00193,E0148,2025-02-01,
ACT000940,Task,Opportunity,OPP00193,E0148,2025-02-11,
ACT000941,Call,Opportunity,OPP00193,E0148,2025-03-03,20.0
ACT000942,Task,Opportunity,OPP00193,E0148,2025-02-22,
ACT000943,Meeting,Opportunity,OPP00193,E0148,2025-04-12,15.0
ACT000944,Call,Opportunity,OPP00193,E0148,2025-02-21,5.0
ACT000945,Email,Opportunity,OPP00194,E0126,2025-09-30,
ACT000946,Email,Opportunity,OPP00194,E0126,2025-09-20,
ACT000947,Meeting,Opportunity,OPP00194,E0126,2025-10-09,7.0
ACT000948,Call,Opportunity,OPP00194,E0126,2025-10-11,30.0
ACT000949,Email,Opportunity,OPP00194,E0126,2025-09-19,
ACT000950,Email,Opportunity,OPP00194,E0126,2025-08-31,
ACT000951,Email,Opportunity,OPP00194,E0126,2025-10-05,
ACT000952,Call,Opportunity,OPP00195,E0163,2024-11-27,13.0
ACT000953,Meeting,Opportunity,OPP00195,E0163,2024-10-29,38.0
ACT000954,Meeting,Opportunity,OPP00195,E0163,2024-11-13,21.0
ACT000955,Email,Opportunity,OPP00195,E0163,2024-12-04,
ACT000956,Call,Opportunity,OPP00195,E0163,2024-11-30,18.0
ACT000957,Call,Opportunity,OPP00195,E0163,2024-11-22,26.0
ACT000958,Task,Opportunity,OPP00195,E0163,2024-11-20,
ACT000959,Email,Opportunity,OPP00195,E0163,2024-11-12,
ACT000960,Email,Opportunity,OPP00196,E0172,2024-07-29,
ACT000961,Call,Opportunity,OPP00196,E0172,2024-08-02,38.0
ACT000962,Call,Opportunity,OPP00197,E0100,2025-03-09,44.0
ACT000963,Task,Opportunity,OPP00197,E0100,2025-03-02,
ACT000964,Task,Opportunity,OPP00197,E0100,2025-02-24,
ACT000965,Email,Opportunity,OPP00197,E0100,2025-03-11,
ACT000966,Email,Opportunity,OPP00197,E0100,2025-02-24,
ACT000967,Meeting,Opportunity,OPP00198,E0089,2024-10-03,41.0
ACT000968,Email,Opportunity,OPP00198,E0089,2024-09-01,
ACT000969,Email,Opportunity,OPP00198,E0089,2024-09-12,
ACT000970,Call,Opportunity,OPP00198,E0089,2024-09-23,23.0
ACT000971,Email,Opportunity,OPP00198,E0089,2024-09-04,
ACT000972,Meeting,Opportunity,OPP00199,E0052,2024-07-17,29.0
ACT000973,Email,Opportunity,OPP00199,E0052,2024-06-17,
ACT000974,Task,Opportunity,OPP00200,E0052,2025-10-09,
ACT000975,Call,Opportunity,OPP00200,E0052,2025-09-25,26.0
ACT000976,Email,Opportunity,OPP00200,E0052,2025-10-14,
ACT000977,Email,Opportunity,OPP00200,E0052,2025-10-15,
ACT000978,Call,Opportunity,OPP00201,E0089,2024-11-02,7.0
ACT000979,Email,Opportunity,OPP00201,E0089,2024-10-18,
ACT000980,Email,Opportunity,OPP00201,E0089,2024-10-17,
ACT000981,Call,Opportunity,OPP00202,E0059,2024-10-12,40.0
ACT000982,Email,Opportunity,OPP00202,E0059,2024-09-19,
ACT000983,Call,Opportunity,OPP00202,E0059,2024-08-09,30.0
ACT000984,Email,Opportunity,OPP00203,E0122,2024-03-17,
ACT000985,Call,Opportunity,OPP00203,E0122,2024-02-22,43.0
ACT000986,Call,Opportunity,OPP00203,E0122,2024-03-02,5.0
ACT000987,Call,Opportunity,OPP00203,E0122,2024-02-22,19.0
ACT000988,Call,Opportunity,OPP00203,E0122,2024-04-07,35.0
ACT000989,Email,Opportunity,OPP00203,E0122,2024-03-14,
ACT000990,Task,Opportunity,OPP00203,E0122,2024-03-14,
ACT000991,Meeting,Opportunity,OPP00203,E0122,2024-05-04,26.0
ACT000992,Meeting,Opportunity,OPP00204,E0014,2025-11-11,5.0
ACT000993,Task,Opportunity,OPP00204,E0014,2025-10-16,
ACT000994,Call,Opportunity,OPP00204,E0014,2025-10-30,21.0
ACT000995,Email,Opportunity,OPP00205,E0096,2024-11-21,
ACT000996,Call,Opportunity,OPP00205,E0096,2024-12-03,16.0
ACT000997,Email,Opportunity,OPP00205,E0096,2024-12-17,
ACT000998,Email,Opportunity,OPP00205,E0096,2024-11-29,
ACT000999,Email,Opportunity,OPP00205,E0096,2024-12-10,
ACT001000,Call,Opportunity,OPP00206,E0099,2024-11-23,25.0
ACT001001,Call,Opportunity,OPP00206,E0099,2024-06-24,27.0
ACT001002,Task,Opportunity,OPP00206,E0099,2024-10-10,
ACT001003,Call,Opportunity,OPP00206,E0099,2024-09-18,22.0
ACT001004,Call,Opportunity,OPP00206,E0099,2024-06-19,36.0
ACT001005,Call,Opportunity,OPP00206,E0099,2024-08-20,26.0
ACT001006,Call,Opportunity,OPP00206,E0099,2024-08-12,7.0
ACT001007,Meeting,Opportunity,OPP00207,E0014,2025-07-31,19.0
ACT001008,Email,Opportunity,OPP00207,E0014,2025-08-05,
ACT001009,Call,Opportunity,OPP00207,E0014,2025-07-22,8.0
ACT001010,Call,Opportunity,OPP00207,E0014,2025-07-26,38.0
ACT001011,Call,Opportunity,OPP00207,E0014,2025-08-20,17.0
ACT001012,Email,Opportunity,OPP00207,E0014,2025-08-08,
ACT001013,Email,Opportunity,OPP00207,E0014,2025-08-11,
ACT001014,Meeting,Opportunity,OPP00208,E0161,2025-10-17,13.0
ACT001015,Email,Opportunity,OPP00208,E0161,2025-10-01,
ACT001016,Call,Opportunity,OPP00208,E0161,2025-10-30,43.0
ACT001017,Call,Opportunity,OPP00208,E0161,2025-10-03,25.0
ACT001018,Email,Opportunity,OPP00208,E0161,2025-10-05,
ACT001019,Call,Opportunity,OPP00208,E0161,2025-09-30,28.0
ACT001020,Call,Opportunity,OPP00208,E0161,2025-10-14,9.0
ACT001021,Meeting,Opportunity,OPP00208,E0161,2025-10-16,40.0
ACT001022,Email,Opportunity,OPP00209,E0122,2025-04-28,
ACT001023,Call,Opportunity,OPP00209,E0122,2025-04-22,6.0
ACT001024,Email,Opportunity,OPP00210,E0163,2025-04-06,
ACT001025,Email,Opportunity,OPP00210,E0163,2025-03-12,
ACT001026,Call,Opportunity,OPP00210,E0163,2025-03-10,40.0
ACT001027,Call,Opportunity,OPP00210,E0163,2025-04-02,35.0
ACT001028,Meeting,Opportunity,OPP00210,E0163,2025-03-23,35.0
ACT001029,Call,Opportunity,OPP00210,E0163,2025-03-07,40.0
ACT001030,Meeting,Opportunity,OPP00210,E0163,2025-03-13,29.0
ACT001031,Task,Opportunity,OPP00211,E0096,2024-05-15,
ACT001032,Call,Opportunity,OPP00211,E0096,2024-04-19,32.0
ACT001033,Call,Opportunity,OPP00211,E0096,2024-05-04,7.0
ACT001034,Email,Opportunity,OPP00211,E0096,2024-05-09,
ACT001035,Call,Opportunity,OPP00211,E0096,2024-05-04,41.0
ACT001036,Call,Opportunity,OPP00212,E0009,2024-03-11,9.0
ACT001037,Call,Opportunity,OPP00212,E0009,2024-03-30,20.0
ACT001038,Email,Opportunity,OPP00212,E0009,2024-03-29,
ACT001039,Meeting,Opportunity,OPP00212,E0009,2024-03-27,32.0
ACT001040,Call,Opportunity,OPP00213,E0085,2024-11-17,27.0
ACT001041,Email,Opportunity,OPP00213,E0085,2024-11-08,
ACT001042,Meeting,Opportunity,OPP00214,E0028,2025-08-23,15.0
ACT001043,Meeting,Opportunity,OPP00214,E0028,2025-08-17,18.0
ACT001044,Call,Opportunity,OPP00214,E0028,2025-08-04,32.0
ACT001045,Call,Opportunity,OPP00214,E0028,2025-08-15,18.0
ACT001046,Email,Opportunity,OPP00214,E0028,2025-08-24,
ACT001047,Call,Opportunity,OPP00214,E0028,2025-08-19,34.0
ACT001048,Call,Opportunity,OPP00215,E0057,2025-03-24,28.0
ACT001049,Email,Opportunity,OPP00215,E0057,2025-03-24,
ACT001050,Call,Opportunity,OPP00215,E0057,2025-04-03,44.0
ACT001051,Task,Opportunity,OPP00215,E0057,2025-03-13,
ACT001052,Email,Opportunity,OPP00215,E0057,2025-03-16,
ACT001053,Email,Opportunity,OPP00215,E0057,2025-03-15,
ACT001054,Email,Opportunity,OPP00216,E0173,2025-02-14,
ACT001055,Call,Opportunity,OPP00216,E0173,2025-03-02,22.0
ACT001056,Call,Opportunity,OPP00216,E0173,2025-02-18,38.0
ACT001057,Meeting,Opportunity,OPP00216,E0173,2025-02-18,8.0
ACT001058,Meeting,Opportunity,OPP00216,E0173,2025-02-21,42.0
ACT001059,Call,Opportunity,OPP00216,E0173,2025-02-15,39.0
ACT001060,Call,Opportunity,OPP00216,E0173,2025-02-18,30.0
ACT001061,Call,Opportunity,OPP00216,E0173,2025-03-08,42.0
ACT001062,Call,Opportunity,OPP00217,E0009,2025-10-11,30.0
ACT001063,Meeting,Opportunity,OPP00217,E0009,2025-10-23,28.0
ACT001064,Call,Opportunity,OPP00217,E0009,2025-10-31,26.0
ACT001065,Call,Opportunity,OPP00217,E0009,2025-10-15,7.0
ACT001066,Call,Opportunity,OPP00218,E0089,2024-09-01,30.0
ACT001067,Call,Opportunity,OPP00218,E0089,2024-09-01,19.0
ACT001068,Meeting,Opportunity,OPP00218,E0089,2024-09-07,26.0
ACT001069,Email,Opportunity,OPP00218,E0089,2024-09-17,
ACT001070,Meeting,Opportunity,OPP00218,E0089,2024-09-10,23.0
ACT001071,Call,Opportunity,OPP00219,E0085,2024-05-03,5.0
ACT001072,Call,Opportunity,OPP00219,E0085,2024-04-06,12.0
ACT001073,Task,Opportunity,OPP00219,E0085,2024-05-10,
ACT001074,Call,Opportunity,OPP00219,E0085,2024-04-14,41.0
ACT001075,Call,Opportunity,OPP00219,E0085,2024-04-04,22.0
ACT001076,Email,Opportunity,OPP00219,E0085,2024-05-13,
ACT001077,Call,Opportunity,OPP00219,E0085,2024-05-05,12.0
ACT001078,Email,Opportunity,OPP00219,E0085,2024-05-01,
ACT001079,Call,Opportunity,OPP00220,E0161,2024-06-07,22.0
ACT001080,Email,Opportunity,OPP00220,E0161,2024-05-29,
ACT001081,Call,Opportunity,OPP00221,E0122,2024-08-23,23.0
ACT001082,Call,Opportunity,OPP00221,E0122,2024-07-16,22.0
ACT001083,Call,Opportunity,OPP00221,E0122,2024-07-11,22.0
ACT001084,Meeting,Opportunity,OPP00221,E0122,2024-06-02,9.0
ACT001085,Email,Opportunity,OPP00221,E0122,2024-09-12,
ACT001086,Task,Opportunity,OPP00221,E0122,2024-09-03,
ACT001087,Email,Opportunity,OPP00222,E0173,2025-11-12,
ACT001088,Email,Opportunity,OPP00222,E0173,2025-11-06,
ACT001089,Email,Opportunity,OPP00222,E0173,2025-11-03,
ACT001090,Email,Opportunity,OPP00222,E0173,2025-10-17,
ACT001091,Task,Opportunity,OPP00222,E0173,2025-10-20,
ACT001092,Call,Opportunity,OPP00222,E0173,2025-11-14,12.0
ACT001093,Email,Opportunity,OPP00222,E0173,2025-11-07,
ACT001094,Email,Opportunity,OPP00222,E0173,2025-10-23,
ACT001095,Call,Opportunity,OPP00223,E0057,2024-10-02,35.0
ACT001096,Call,Opportunity,OPP00223,E0057,2024-09-26,24.0
ACT001097,Call,Opportunity,OPP00223,E0057,2024-09-30,38.0
ACT001098,Task,Opportunity,OPP00224,E0122,2024-07-17,
ACT001099,Email,Opportunity,OPP00224,E0122,2024-07-26,
ACT001100,Call,Opportunity,OPP00224,E0122,2024-06-15,19.0
ACT001101,Call,Opportunity,OPP00225,E0122,2024-10-02,29.0
ACT001102,Call,Opportunity,OPP00225,E0122,2024-09-12,30.0
ACT001103,Call,Opportunity,OPP00226,E0009,2024-07-15,6.0
ACT001104,Meeting,Opportunity,OPP00226,E0009,2024-08-14,27.0
ACT001105,Call,Opportunity,OPP00226,E0009,2024-07-15,15.0
ACT001106,Meeting,Opportunity,OPP00226,E0009,2024-07-24,38.0
ACT001107,Email,Opportunity,OPP00226,E0009,2024-07-30,
ACT001108,Call,Opportunity,OPP00226,E0009,2024-08-11,30.0
ACT001109,Call,Opportunity,OPP00226,E0009,2024-08-06,42.0
ACT001110,Call,Opportunity,OPP00227,E0089,2025-11-05,21.0
ACT001111,Call,Opportunity,OPP00227,E0089,2025-11-10,31.0
ACT001112,Meeting,Opportunity,OPP00227,E0089,2025-11-04,33.0
ACT001113,Task,Opportunity,OPP00228,E0057,2025-11-22,
ACT001114,Meeting,Opportunity,OPP00228,E0057,2025-11-02,9.0
ACT001115,Email,Opportunity,OPP00228,E0057,2025-11-15,
ACT001116,Call,Opportunity,OPP00228,E0057,2025-11-08,22.0
ACT001117,Email,Opportunity,OPP00228,E0057,2025-10-20,
ACT001118,Call,Opportunity,OPP00228,E0057,2025-10-17,9.0
ACT001119,Email,Opportunity,OPP00228,E0057,2025-11-11,
ACT001120,Call,Opportunity,OPP00229,E0172,2025-12-29,33.0
ACT001121,Call,Opportunity,OPP00229,E0172,2025-12-04,36.0
ACT001122,Call,Opportunity,OPP00229,E0172,2025-12-19,7.0
ACT001123,Email,Opportunity,OPP00229,E0172,2025-12-01,
ACT001124,Meeting,Opportunity,OPP00229,E0172,2025-12-04,29.0
ACT001125,Email,Opportunity,OPP00229,E0172,2025-12-10,
ACT001126,Meeting,Opportunity,OPP00230,E0173,2024-04-19,39.0
ACT001127,Call,Opportunity,OPP00230,E0173,2024-03-11,38.0
ACT001128,Email,Opportunity,OPP00230,E0173,2024-03-08,
ACT001129,Task,Opportunity,OPP00230,E0173,2024-04-14,
ACT001130,Email,Opportunity,OPP00230,E0173,2024-03-27,
ACT001131,Email,Opportunity,OPP00230,E0173,2024-04-10,
ACT001132,Email,Opportunity,OPP00230,E0173,2024-04-02,
ACT001133,Email,Opportunity,OPP00230,E0173,2024-03-04,
ACT001134,Email,Opportunity,OPP00231,E0096,2025-10-25,
ACT001135,Call,Opportunity,OPP00231,E0096,2025-11-02,16.0
ACT001136,Call,Opportunity,OPP00231,E0096,2025-11-05,12.0
ACT001137,Email,Opportunity,OPP00232,E0148,2024-05-15,
ACT001138,Call,Opportunity,OPP00232,E0148,2024-03-14,22.0
ACT001139,Email,Opportunity,OPP00232,E0148,2024-03-28,
ACT001140,Meeting,Opportunity,OPP00232,E0148,2024-05-01,35.0
ACT001141,Meeting,Opportunity,OPP00233,E0028,2024-06-22,16.0
ACT001142,Call,Opportunity,OPP00233,E0028,2024-06-17,12.0
ACT001143,Meeting,Opportunity,OPP00233,E0028,2024-05-31,21.0
ACT001144,Email,Opportunity,OPP00233,E0028,2024-07-17,
ACT001145,Email,Opportunity,OPP00234,E0148,2024-06-30,
ACT001146,Call,Opportunity,OPP00234,E0148,2024-06-02,21.0
ACT001147,Meeting,Opportunity,OPP00234,E0148,2024-05-24,7.0
ACT001148,Meeting,Opportunity,OPP00235,E0100,2024-07-22,40.0
ACT001149,Call,Opportunity,OPP00235,E0100,2024-08-03,35.0
ACT001150,Email,Opportunity,OPP00235,E0100,2024-08-01,
ACT001151,Task,Opportunity,OPP00235,E0100,2024-08-11,
ACT001152,Call,Opportunity,OPP00235,E0100,2024-07-21,33.0
ACT001153,Meeting,Opportunity,OPP00235,E0100,2024-07-27,5.0
ACT001154,Email,Opportunity,OPP00236,E0126,2025-07-19,
ACT001155,Meeting,Opportunity,OPP00236,E0126,2025-08-14,23.0
ACT001156,Call,Opportunity,OPP00236,E0126,2025-08-12,24.0
ACT001157,Email,Opportunity,OPP00237,E0173,2025-03-07,
ACT001158,Meeting,Opportunity,OPP00237,E0173,2025-02-26,17.0
ACT001159,Meeting,Opportunity,OPP00237,E0173,2025-02-24,17.0
ACT001160,Meeting,Opportunity,OPP00237,E0173,2025-02-20,23.0
ACT001161,Call,Opportunity,OPP00237,E0173,2025-03-10,12.0
ACT001162,Email,Opportunity,OPP00237,E0173,2025-02-10,
ACT001163,Call,Opportunity,OPP00237,E0173,2025-02-20,22.0
ACT001164,Email,Opportunity,OPP00238,E0100,2024-12-09,
ACT001165,Email,Opportunity,OPP00238,E0100,2024-12-08,
ACT001166,Call,Opportunity,OPP00239,E0057,2025-10-22,15.0
ACT001167,Email,Opportunity,OPP00239,E0057,2025-11-09,
ACT001168,Meeting,Opportunity,OPP00239,E0057,2025-10-31,25.0
ACT001169,Task,Opportunity,OPP00240,E0057,2024-08-05,
ACT001170,Call,Opportunity,OPP00240,E0057,2024-08-15,30.0
ACT001171,Call,Opportunity,OPP00240,E0057,2024-08-01,5.0
ACT001172,Call,Opportunity,OPP00240,E0057,2024-08-14,39.0
ACT001173,Call,Opportunity,OPP00240,E0057,2024-08-09,37.0
ACT001174,Call,Opportunity,OPP00241,E0161,2025-06-08,41.0
ACT001175,Email,Opportunity,OPP00241,E0161,2025-06-19,
ACT001176,Email,Opportunity,OPP00242,E0059,2025-05-15,
ACT001177,Meeting,Opportunity,OPP00242,E0059,2025-05-31,19.0
ACT001178,Call,Opportunity,OPP00242,E0059,2025-05-15,9.0
ACT001179,Email,Opportunity,OPP00242,E0059,2025-05-26,
ACT001180,Call,Opportunity,OPP00242,E0059,2025-05-07,41.0
ACT001181,Meeting,Opportunity,OPP00242,E0059,2025-05-23,18.0
ACT001182,Call,Opportunity,OPP00243,E0089,2024-11-15,33.0
ACT001183,Email,Opportunity,OPP00243,E0089,2024-12-05,
ACT001184,Email,Opportunity,OPP00243,E0089,2024-12-03,
ACT001185,Call,Opportunity,OPP00243,E0089,2024-11-15,20.0
ACT001186,Task,Opportunity,OPP00243,E0089,2024-11-13,
ACT001187,Meeting,Opportunity,OPP00243,E0089,2024-11-17,16.0
ACT001188,Call,Opportunity,OPP00243,E0089,2024-11-28,18.0
ACT001189,Email,Opportunity,OPP00244,E0173,2024-07-29,
ACT001190,Call,Opportunity,OPP00244,E0173,2024-07-15,17.0
ACT001191,Email,Opportunity,OPP00244,E0173,2024-07-24,
ACT001192,Call,Opportunity,OPP00244,E0173,2024-08-11,41.0
ACT001193,Call,Opportunity,OPP00245,E0057,2025-11-22,7.0
ACT001194,Meeting,Opportunity,OPP00245,E0057,2025-11-30,5.0
ACT001195,Email,Opportunity,OPP00245,E0057,2025-12-12,
ACT001196,Task,Opportunity,OPP00245,E0057,2025-11-17,
ACT001197,Email,Opportunity,OPP00245,E0057,2025-12-03,
ACT001198,Email,Opportunity,OPP00245,E0057,2025-12-12,
ACT001199,Email,Opportunity,OPP00246,E0014,2024-07-30,
ACT001200,Call,Opportunity,OPP00246,E0014,2024-12-23,16.0
ACT001201,Email,Opportunity,OPP00246,E0014,2024-12-11,
ACT001202,Meeting,Opportunity,OPP00246,E0014,2024-07-31,23.0
ACT001203,Email,Opportunity,OPP00246,E0014,2024-07-25,
ACT001204,Email,Opportunity,OPP00247,E0172,2025-12-13,
ACT001205,Task,Opportunity,OPP00247,E0172,2025-12-27,
ACT001206,Email,Opportunity,OPP00247,E0172,2025-12-26,
ACT001207,Call,Opportunity,OPP00247,E0172,2025-12-30,31.0
ACT001208,Meeting,Opportunity,OPP00247,E0172,2025-12-19,9.0
ACT001209,Call,Opportunity,OPP00247,E0172,2025-12-29,37.0
ACT001210,Meeting,Opportunity,OPP00247,E0172,2026-01-05,14.0
ACT001211,Email,Opportunity,OPP00248,E0014,2024-11-02,
ACT001212,Email,Opportunity,OPP00248,E0014,2024-11-05,
ACT001213,Call,Opportunity,OPP00249,E0173,2024-03-07,17.0
ACT001214,Call,Opportunity,OPP00249,E0173,2024-03-12,19.0
ACT001215,Call,Opportunity,OPP00249,E0173,2024-02-27,39.0
ACT001216,Email,Opportunity,OPP00249,E0173,2024-02-20,
ACT001217,Call,Opportunity,OPP00249,E0173,2024-03-12,6.0
ACT001218,Meeting,Opportunity,OPP00250,E0028,2024-07-15,14.0
ACT001219,Email,Opportunity,OPP00250,E0028,2024-03-24,
ACT001220,Email,Opportunity,OPP00250,E0028,2024-07-18,
ACT001221,Call,Opportunity,OPP00251,E0099,2025-02-01,33.0
ACT001222,Call,Opportunity,OPP00251,E0099,2024-11-14,28.0
ACT001223,Email,Opportunity,OPP00251,E0099,2025-01-17,
ACT001224,Call,Opportunity,OPP00251,E0099,2025-01-08,30.0
ACT001225,Email,Opportunity,OPP00251,E0099,2024-11-09,
ACT001226,Email,Opportunity,OPP00251,E0099,2025-01-04,
ACT001227,Email,Opportunity,OPP00252,E0085,2024-11-10,
ACT001228,Call,Opportunity,OPP00252,E0085,2024-09-27,33.0
ACT001229,Email,Opportunity,OPP00253,E0018,2025-06-23,
ACT001230,Call,Opportunity,OPP00253,E0018,2025-05-03,13.0
ACT001231,Email,Opportunity,OPP00254,E0014,2024-07-19,
ACT001232,Call,Opportunity,OPP00254,E0014,2024-11-13,8.0
ACT001233,Call,Opportunity,OPP00254,E0014,2024-08-28,25.0
ACT001234,Task,Opportunity,OPP00254,E0014,2024-08-04,
ACT001235,Email,Opportunity,OPP00254,E0014,2024-10-12,
ACT001236,Call,Opportunity,OPP00254,E0014,2024-10-09,28.0
ACT001237,Email,Opportunity,OPP00254,E0014,2024-10-22,
ACT001238,Meeting,Opportunity,OPP00254,E0014,2024-10-31,31.0
ACT001239,Call,Opportunity,OPP00255,E0014,2024-07-07,26.0
ACT001240,Email,Opportunity,OPP00255,E0014,2024-08-03,
ACT001241,Call,Opportunity,OPP00256,E0173,2025-03-26,7.0
ACT001242,Call,Opportunity,OPP00256,E0173,2025-03-04,44.0
ACT001243,Email,Opportunity,OPP00256,E0173,2025-03-17,
ACT001244,Email,Opportunity,OPP00257,E0122,2025-05-19,
ACT001245,Call,Opportunity,OPP00257,E0122,2025-02-08,40.0
ACT001246,Call,Opportunity,OPP00258,E0173,2025-10-23,12.0
ACT001247,Email,Opportunity,OPP00258,E0173,2025-10-24,
ACT001248,Email,Opportunity,OPP00258,E0173,2025-11-22,
ACT001249,Call,Opportunity,OPP00258,E0173,2025-10-20,41.0
ACT001250,Call,Opportunity,OPP00258,E0173,2025-11-16,8.0
ACT001251,Meeting,Opportunity,OPP00258,E0173,2025-11-12,13.0
ACT001252,Call,Opportunity,OPP00259,E0057,2025-12-03,39.0
ACT001253,Meeting,Opportunity,OPP00259,E0057,2025-10-21,25.0
ACT001254,Call,Opportunity,OPP00259,E0057,2025-11-08,21.0
ACT001255,Call,Opportunity,OPP00259,E0057,2025-10-31,8.0
ACT001256,Call,Opportunity,OPP00260,E0161,2024-12-04,44.0
ACT001257,Email,Opportunity,OPP00260,E0161,2025-03-03,
ACT001258,Email,Opportunity,OPP00260,E0161,2024-11-27,
ACT001259,Task,Opportunity,OPP00260,E0161,2025-03-02,
ACT001260,Call,Opportunity,OPP00260,E0161,2025-02-27,20.0
ACT001261,Email,Opportunity,OPP00261,E0119,2024-02-16,
ACT001262,Email,Opportunity,OPP00261,E0119,2024-02-04,
ACT001263,Meeting,Opportunity,OPP00261,E0119,2024-02-02,32.0
ACT001264,Call,Opportunity,OPP00261,E0119,2024-01-18,21.0
ACT001265,Email,Opportunity,OPP00262,E0059,2024-09-16,
ACT001266,Email,Opportunity,OPP00262,E0059,2024-09-21,
ACT001267,Meeting,Opportunity,OPP00262,E0059,2024-09-23,6.0
ACT001268,Call,Opportunity,OPP00262,E0059,2024-09-16,34.0
ACT001269,Meeting,Opportunity,OPP00262,E0059,2024-09-06,24.0
ACT001270,Meeting,Opportunity,OPP00262,E0059,2024-09-14,34.0
ACT001271,Call,Opportunity,OPP00262,E0059,2024-09-13,34.0
ACT001272,Meeting,Opportunity,OPP00262,E0059,2024-09-07,14.0
ACT001273,Email,Opportunity,OPP00263,E0099,2025-01-18,
ACT001274,Task,Opportunity,OPP00263,E0099,2025-01-21,
ACT001275,Email,Opportunity,OPP00263,E0099,2025-01-29,
ACT001276,Email,Opportunity,OPP00264,E0119,2024-06-07,
ACT001277,Call,Opportunity,OPP00264,E0119,2024-04-11,23.0
ACT001278,Call,Opportunity,OPP00264,E0119,2024-07-25,24.0
ACT001279,Email,Opportunity,OPP00264,E0119,2024-04-17,
ACT001280,Email,Opportunity,OPP00264,E0119,2024-07-07,
ACT001281,Email,Opportunity,OPP00264,E0119,2024-07-01,
ACT001282,Meeting,Opportunity,OPP00264,E0119,2024-07-30,39.0
ACT001283,Email,Opportunity,OPP00265,E0052,2025-07-14,
ACT001284,Call,Opportunity,OPP00265,E0052,2025-07-11,33.0
ACT001285,Email,Opportunity,OPP00265,E0052,2025-07-10,
ACT001286,Meeting,Opportunity,OPP00265,E0052,2025-07-11,8.0
ACT001287,Call,Opportunity,OPP00266,E0028,2025-03-24,30.0
ACT001288,Call,Opportunity,OPP00266,E0028,2025-03-21,34.0
ACT001289,Call,Opportunity,OPP00266,E0028,2025-03-18,24.0
ACT001290,Call,Opportunity,OPP00266,E0028,2025-03-21,23.0
ACT001291,Meeting,Opportunity,OPP00266,E0028,2025-03-03,33.0
ACT001292,Call,Opportunity,OPP00266,E0028,2025-03-12,36.0
ACT001293,Task,Opportunity,OPP00267,E0122,2024-12-28,
ACT001294,Call,Opportunity,OPP00267,E0122,2024-12-28,10.0
ACT001295,Meeting,Opportunity,OPP00267,E0122,2024-12-30,8.0
ACT001296,Call,Opportunity,OPP00267,E0122,2025-01-03,20.0
ACT001297,Email,Opportunity,OPP00267,E0122,2025-01-14,
ACT001298,Task,Opportunity,OPP00267,E0122,2025-01-01,
ACT001299,Meeting,Opportunity,OPP00267,E0122,2024-12-30,10.0
ACT001300,Email,Opportunity,OPP00268,E0009,2025-05-22,
ACT001301,Meeting,Opportunity,OPP00268,E0009,2025-05-26,37.0
ACT001302,Email,Opportunity,OPP00268,E0009,2025-06-04,
ACT001303,Call,Opportunity,OPP00268,E0009,2025-05-29,26.0
ACT001304,Call,Opportunity,OPP00268,E0009,2025-05-19,27.0
ACT001305,Task,Opportunity,OPP00269,E0173,2025-01-13,
ACT001306,Call,Opportunity,OPP00269,E0173,2025-01-25,27.0
ACT001307,Email,Opportunity,OPP00269,E0173,2025-01-27,
ACT001308,Call,Opportunity,OPP00269,E0173,2024-12-26,31.0
ACT001309,Meeting,Opportunity,OPP00269,E0173,2024-11-27,22.0
ACT001310,Meeting,Opportunity,OPP00269,E0173,2024-10-25,24.0
ACT001311,Meeting,Opportunity,OPP00269,E0173,2024-12-14,36.0
ACT001312,Email,Opportunity,OPP00270,E0100,2025-12-19,
ACT001313,Email,Opportunity,OPP00270,E0100,2025-12-15,
ACT001314,Call,Opportunity,OPP00270,E0100,2025-12-16,30.0
ACT001315,Call,Opportunity,OPP00270,E0100,2025-12-06,5.0
ACT001316,Call,Opportunity,OPP00270,E0100,2025-12-13,12.0
ACT001317,Meeting,Opportunity,OPP00270,E0100,2025-12-12,28.0
ACT001318,Email,Opportunity,OPP00270,E0100,2025-12-06,
ACT001319,Call,Opportunity,OPP00271,E0148,2024-02-14,40.0
ACT001320,Call,Opportunity,OPP00271,E0148,2024-04-27,21.0
ACT001321,Email,Opportunity,OPP00271,E0148,2024-03-03,
ACT001322,Call,Opportunity,OPP00271,E0148,2024-02-17,44.0
ACT001323,Email,Opportunity,OPP00271,E0148,2024-04-12,
ACT001324,Meeting,Opportunity,OPP00271,E0148,2024-01-30,8.0
ACT001325,Email,Opportunity,OPP00271,E0148,2024-02-24,
ACT001326,Call,Opportunity,OPP00272,E0014,2025-03-07,20.0
ACT001327,Email,Opportunity,OPP00272,E0014,2025-03-17,
ACT001328,Meeting,Opportunity,OPP00272,E0014,2025-03-21,9.0
ACT001329,Call,Opportunity,OPP00273,E0028,2025-10-10,29.0
ACT001330,Email,Opportunity,OPP00273,E0028,2025-10-06,
ACT001331,Email,Opportunity,OPP00273,E0028,2025-10-08,
ACT001332,Meeting,Opportunity,OPP00273,E0028,2025-10-02,42.0
ACT001333,Email,Opportunity,OPP00273,E0028,2025-09-22,
ACT001334,Task,Opportunity,OPP00274,E0161,2025-03-19,
ACT001335,Meeting,Opportunity,OPP00274,E0161,2025-03-01,10.0
ACT001336,Call,Opportunity,OPP00274,E0161,2025-06-24,30.0
ACT001337,Task,Opportunity,OPP00274,E0161,2025-04-01,
ACT001338,Call,Opportunity,OPP00274,E0161,2025-04-09,23.0
ACT001339,Call,Opportunity,OPP00274,E0161,2025-03-30,34.0
ACT001340,Call,Opportunity,OPP00274,E0161,2025-03-18,6.0
ACT001341,Call,Opportunity,OPP00275,E0119,2024-06-13,33.0
ACT001342,Meeting,Opportunity,OPP00275,E0119,2024-06-13,43.0
ACT001343,Call,Opportunity,OPP00275,E0119,2024-06-24,20.0
ACT001344,Email,Opportunity,OPP00275,E0119,2024-05-28,
ACT001345,Task,Opportunity,OPP00275,E0119,2024-06-05,
ACT001346,Call,Opportunity,OPP00275,E0119,2024-06-08,35.0
ACT001347,Email,Opportunity,OPP00276,E0148,2024-11-13,
ACT001348,Email,Opportunity,OPP00276,E0148,2024-11-01,
ACT001349,Call,Opportunity,OPP00276,E0148,2024-11-23,43.0
ACT001350,Call,Opportunity,OPP00276,E0148,2024-11-08,35.0
ACT001351,Call,Opportunity,OPP00276,E0148,2024-11-05,29.0
ACT001352,Email,Opportunity,OPP00276,E0148,2024-11-19,
ACT001353,Email,Opportunity,OPP00276,E0148,2024-11-16,
ACT001354,Call,Opportunity,OPP00277,E0126,2024-11-30,27.0
ACT001355,Email,Opportunity,OPP00277,E0126,2024-12-07,
ACT001356,Meeting,Opportunity,OPP00277,E0126,2024-11-09,38.0
ACT001357,Call,Opportunity,OPP00277,E0126,2024-11-07,14.0
ACT001358,Meeting,Opportunity,OPP00277,E0126,2024-12-01,30.0
ACT001359,Call,Opportunity,OPP00277,E0126,2024-11-21,18.0
ACT001360,Email,Opportunity,OPP00277,E0126,2024-10-30,
ACT001361,Task,Opportunity,OPP00278,E0161,2024-09-18,
ACT001362,Task,Opportunity,OPP00278,E0161,2024-10-14,
ACT001363,Call,Opportunity,OPP00278,E0161,2024-09-30,12.0
ACT001364,Meeting,Opportunity,OPP00278,E0161,2024-10-11,42.0
ACT001365,Call,Opportunity,OPP00278,E0161,2024-10-14,22.0
ACT001366,Email,Opportunity,OPP00279,E0096,2024-11-26,
ACT001367,Meeting,Opportunity,OPP00279,E0096,2024-12-13,17.0
ACT001368,Call,Opportunity,OPP00279,E0096,2024-12-14,44.0
ACT001369,Meeting,Opportunity,OPP00279,E0096,2024-12-14,43.0
ACT001370,Email,Opportunity,OPP00279,E0096,2024-12-18,
ACT001371,Meeting,Opportunity,OPP00280,E0085,2024-07-10,20.0
ACT001372,Meeting,Opportunity,OPP00280,E0085,2024-06-11,12.0
ACT001373,Email,Opportunity,OPP00280,E0085,2024-07-05,
ACT001374,Call,Opportunity,OPP00280,E0085,2024-06-16,29.0
ACT001375,Email,Opportunity,OPP00281,E0089,2025-02-15,
ACT001376,Call,Opportunity,OPP00281,E0089,2025-02-16,10.0
ACT001377,Call,Opportunity,OPP00281,E0089,2025-02-04,28.0
ACT001378,Email,Opportunity,OPP00281,E0089,2025-02-05,
ACT001379,Task,Opportunity,OPP00281,E0089,2025-02-12,
ACT001380,Email,Opportunity,OPP00281,E0089,2025-02-05,
ACT001381,Email,Opportunity,OPP00282,E0028,2024-06-05,
ACT001382,Email,Opportunity,OPP00282,E0028,2024-06-21,
ACT001383,Meeting,Opportunity,OPP00282,E0028,2024-08-03,19.0
ACT001384,Task,Opportunity,OPP00282,E0028,2024-04-21,
ACT001385,Call,Opportunity,OPP00282,E0028,2024-05-25,33.0
ACT001386,Email,Opportunity,OPP00282,E0028,2024-04-28,
ACT001387,Call,Opportunity,OPP00283,E0032,2025-02-04,43.0
ACT001388,Email,Opportunity,OPP00283,E0032,2025-03-07,
ACT001389,Email,Opportunity,OPP00284,E0085,2024-07-10,
ACT001390,Call,Opportunity,OPP00284,E0085,2024-07-20,35.0
ACT001391,Email,Opportunity,OPP00284,E0085,2024-07-13,
ACT001392,Email,Opportunity,OPP00284,E0085,2024-08-08,
ACT001393,Task,Opportunity,OPP00284,E0085,2024-08-14,
ACT001394,Call,Opportunity,OPP00285,E0085,2025-11-22,36.0
ACT001395,Call,Opportunity,OPP00285,E0085,2025-10-29,33.0
ACT001396,Task,Opportunity,OPP00285,E0085,2025-11-05,
ACT001397,Meeting,Opportunity,OPP00285,E0085,2025-11-01,43.0
ACT001398,Call,Opportunity,OPP00286,E0052,2024-12-19,11.0
ACT001399,Email,Opportunity,OPP00286,E0052,2024-12-02,
ACT001400,Call,Opportunity,OPP00286,E0052,2024-12-04,35.0
ACT001401,Email,Opportunity,OPP00287,E0085,2024-03-20,
ACT001402,Call,Opportunity,OPP00287,E0085,2024-05-25,25.0
ACT001403,Call,Opportunity,OPP00287,E0085,2024-05-01,26.0
ACT001404,Call,Opportunity,OPP00287,E0085,2024-03-01,30.0
ACT001405,Meeting,Opportunity,OPP00288,E0085,2024-04-30,25.0
ACT001406,Call,Opportunity,OPP00288,E0085,2024-06-10,29.0
ACT001407,Task,Opportunity,OPP00288,E0085,2024-06-09,
ACT001408,Meeting,Opportunity,OPP00288,E0085,2024-06-12,18.0
ACT001409,Call,Opportunity,OPP00289,E0014,2025-01-19,15.0
ACT001410,Meeting,Opportunity,OPP00289,E0014,2025-05-27,44.0
ACT001411,Email,Opportunity,OPP00289,E0014,2025-03-26,
ACT001412,Meeting,Opportunity,OPP00289,E0014,2025-04-12,37.0
ACT001413,Email,Opportunity,OPP00289,E0014,2025-02-23,
ACT001414,Meeting,Opportunity,OPP00289,E0014,2025-02-15,16.0
ACT001415,Call,Opportunity,OPP00289,E0014,2025-01-29,15.0
ACT001416,Meeting,Opportunity,OPP00290,E0161,2024-12-27,41.0
ACT001417,Task,Opportunity,OPP00290,E0161,2024-12-11,
ACT001418,Email,Opportunity,OPP00290,E0161,2024-12-28,
ACT001419,Task,Opportunity,OPP00290,E0161,2024-12-14,
ACT001420,Meeting,Opportunity,OPP00290,E0161,2024-12-31,10.0
ACT001421,Call,Opportunity,OPP00291,E0163,2025-02-27,9.0
ACT001422,Meeting,Opportunity,OPP00291,E0163,2025-03-15,11.0
ACT001423,Email,Opportunity,OPP00291,E0163,2025-04-27,
ACT001424,Call,Opportunity,OPP00291,E0163,2025-01-18,33.0
ACT001425,Call,Opportunity,OPP00291,E0163,2025-03-11,35.0
ACT001426,Task,Opportunity,OPP00292,E0099,2024-02-19,
ACT001427,Call,Opportunity,OPP00292,E0099,2024-02-17,34.0
ACT001428,Email,Opportunity,OPP00293,E0009,2025-05-07,
ACT001429,Task,Opportunity,OPP00293,E0009,2025-05-06,
ACT001430,Email,Opportunity,OPP00294,E0172,2024-12-12,
ACT001431,Call,Opportunity,OPP00294,E0172,2024-12-06,21.0
ACT001432,Call,Opportunity,OPP00294,E0172,2024-12-16,24.0
ACT001433,Email,Opportunity,OPP00294,E0172,2024-11-30,
ACT001434,Task,Opportunity,OPP00294,E0172,2025-01-05,
ACT001435,Task,Opportunity,OPP00295,E0085,2025-03-28,
ACT001436,Call,Opportunity,OPP00295,E0085,2025-03-23,31.0
ACT001437,Call,Opportunity,OPP00295,E0085,2025-03-09,6.0
ACT001438,Meeting,Opportunity,OPP00295,E0085,2025-03-14,12.0
ACT001439,Meeting,Opportunity,OPP00295,E0085,2025-03-10,27.0
ACT001440,Email,Opportunity,OPP00295,E0085,2025-02-21,
ACT001441,Call,Opportunity,OPP00295,E0085,2025-04-12,11.0
ACT001442,Email,Opportunity,OPP00295,E0085,2025-04-10,
ACT001443,Email,Opportunity,OPP00296,E0018,2024-10-19,
ACT001444,Email,Opportunity,OPP00296,E0018,2024-10-15,
ACT001445,Meeting,Opportunity,OPP00296,E0018,2024-10-05,28.0
ACT001446,Call,Opportunity,OPP00296,E0018,2024-11-08,16.0
ACT001447,Call,Opportunity,OPP00296,E0018,2024-10-27,44.0
ACT001448,Email,Opportunity,OPP00297,E0096,2024-07-02,
ACT001449,Task,Opportunity,OPP00297,E0096,2024-05-24,
ACT001450,Meeting,Opportunity,OPP00297,E0096,2024-05-22,39.0
ACT001451,Call,Opportunity,OPP00297,E0096,2024-05-21,34.0
ACT001452,Call,Opportunity,OPP00298,E0014,2025-06-23,30.0
ACT001453,Email,Opportunity,OPP00298,E0014,2025-06-19,
ACT001454,Call,Opportunity,OPP00299,E0099,2025-12-03,41.0
ACT001455,Email,Opportunity,OPP00299,E0099,2025-12-09,
ACT001456,Task,Opportunity,OPP00299,E0099,2025-12-07,
ACT001457,Email,Opportunity,OPP00299,E0099,2025-12-06,
ACT001458,Meeting,Opportunity,OPP00299,E0099,2025-12-04,5.0
ACT001459,Email,Opportunity,OPP00299,E0099,2025-12-04,
ACT001460,Email,Opportunity,OPP00299,E0099,2025-12-06,
ACT001461,Meeting,Opportunity,OPP00299,E0099,2025-12-03,6.0
ACT001462,Email,Opportunity,OPP00300,E0122,2025-09-15,
ACT001463,Call,Opportunity,OPP00300,E0122,2025-07-30,41.0
ACT001464,Call,Opportunity,OPP00300,E0122,2025-06-21,36.0
ACT001465,Call,Opportunity,OPP00300,E0122,2025-08-23,13.0
ACT001466,Call,Opportunity,OPP00300,E0122,2025-09-24,9.0
ACT001467,Call,Opportunity,OPP00300,E0122,2025-05-30,35.0
ACT001468,Email,Opportunity,OPP00301,E0172,2025-07-01,
ACT001469,Meeting,Opportunity,OPP00301,E0172,2025-05-24,33.0
ACT001470,Email,Opportunity,OPP00301,E0172,2025-06-17,
ACT001471,Email,Opportunity,OPP00301,E0172,2025-07-15,
ACT001472,Call,Opportunity,OPP00301,E0172,2025-07-18,35.0
ACT001473,Call,Opportunity,OPP00301,E0172,2025-07-17,22.0
ACT001474,Call,Opportunity,OPP00301,E0172,2025-03-18,32.0
ACT001475,Email,Opportunity,OPP00302,E0089,2025-08-05,
ACT001476,Meeting,Opportunity,OPP00302,E0089,2025-09-01,11.0
ACT001477,Email,Opportunity,OPP00302,E0089,2025-08-03,
ACT001478,Email,Opportunity,OPP00302,E0089,2025-07-25,
ACT001479,Call,Opportunity,OPP00302,E0089,2025-08-05,44.0
ACT001480,Email,Opportunity,OPP00302,E0089,2025-08-19,
ACT001481,Call,Opportunity,OPP00302,E0089,2025-08-06,15.0
ACT001482,Task,Opportunity,OPP00303,E0163,2025-04-09,
ACT001483,Call,Opportunity,OPP00303,E0163,2025-04-27,16.0
ACT001484,Call,Opportunity,OPP00303,E0163,2025-03-22,19.0
ACT001485,Call,Opportunity,OPP00304,E0052,2025-12-05,10.0
ACT001486,Meeting,Opportunity,OPP00304,E0052,2025-12-10,27.0
ACT001487,Task,Opportunity,OPP00304,E0052,2025-12-10,
ACT001488,Meeting,Opportunity,OPP00304,E0052,2025-12-06,21.0
ACT001489,Email,Opportunity,OPP00304,E0052,2025-12-17,
ACT001490,Email,Opportunity,OPP00304,E0052,2025-12-12,
ACT001491,Task,Opportunity,OPP00305,E0057,2025-12-09,
ACT001492,Email,Opportunity,OPP00305,E0057,2025-12-20,
ACT001493,Meeting,Opportunity,OPP00306,E0032,2024-12-06,14.0
ACT001494,Meeting,Opportunity,OPP00306,E0032,2024-12-03,6.0
ACT001495,Call,Opportunity,OPP00306,E0032,2024-11-08,6.0
ACT001496,Email,Opportunity,OPP00306,E0032,2024-11-23,
ACT001497,Task,Opportunity,OPP00306,E0032,2024-11-29,
ACT001498,Task,Opportunity,OPP00306,E0032,2024-11-11,
ACT001499,Call,Opportunity,OPP00306,E0032,2024-11-16,10.0
ACT001500,Call,Opportunity,OPP00306,E0032,2024-11-15,36.0
ACT001501,Email,Opportunity,OPP00307,E0099,2024-10-07,
ACT001502,Meeting,Opportunity,OPP00307,E0099,2024-08-14,18.0
ACT001503,Call,Opportunity,OPP00307,E0099,2024-10-30,36.0
ACT001504,Meeting,Opportunity,OPP00307,E0099,2024-08-30,25.0
ACT001505,Call,Opportunity,OPP00307,E0099,2024-11-07,22.0
ACT001506,Email,Opportunity,OPP00307,E0099,2024-12-17,
ACT001507,Call,Opportunity,OPP00307,E0099,2024-11-29,44.0
ACT001508,Email,Opportunity,OPP00307,E0099,2024-10-05,
ACT001509,Call,Opportunity,OPP00308,E0126,2025-06-26,13.0
ACT001510,Meeting,Opportunity,OPP00308,E0126,2025-06-07,43.0
ACT001511,Call,Opportunity,OPP00308,E0126,2025-06-25,38.0
ACT001512,Call,Opportunity,OPP00308,E0126,2025-06-05,20.0
ACT001513,Email,Opportunity,OPP00308,E0126,2025-06-26,
ACT001514,Task,Opportunity,OPP00309,E0089,2024-09-03,
ACT001515,Call,Opportunity,OPP00309,E0089,2024-09-23,35.0
ACT001516,Email,Opportunity,OPP00309,E0089,2024-09-16,
ACT001517,Email,Opportunity,OPP00309,E0089,2024-09-27,
ACT001518,Email,Opportunity,OPP00309,E0089,2024-09-22,
ACT001519,Email,Opportunity,OPP00309,E0089,2024-09-19,
ACT001520,Email,Opportunity,OPP00309,E0089,2024-09-28,
ACT001521,Call,Opportunity,OPP00310,E0028,2025-02-01,30.0
ACT001522,Meeting,Opportunity,OPP00310,E0028,2025-03-06,26.0
ACT001523,Call,Opportunity,OPP00310,E0028,2025-03-08,15.0
ACT001524,Task,Opportunity,OPP00310,E0028,2025-03-09,
ACT001525,Call,Opportunity,OPP00310,E0028,2025-02-28,15.0
ACT001526,Meeting,Opportunity,OPP00310,E0028,2025-02-14,37.0
ACT001527,Email,Opportunity,OPP00311,E0161,2025-09-26,
ACT001528,Task,Opportunity,OPP00311,E0161,2025-09-09,
ACT001529,Email,Opportunity,OPP00311,E0161,2025-08-12,
ACT001530,Call,Opportunity,OPP00311,E0161,2025-10-22,11.0
ACT001531,Call,Opportunity,OPP00311,E0161,2025-11-16,40.0
ACT001532,Call,Opportunity,OPP00311,E0161,2025-11-12,10.0
ACT001533,Call,Opportunity,OPP00312,E0173,2024-05-20,8.0
ACT001534,Email,Opportunity,OPP00312,E0173,2024-05-18,
ACT001535,Call,Opportunity,OPP00312,E0173,2024-05-13,12.0
ACT001536,Email,Opportunity,OPP00312,E0173,2024-06-10,
ACT001537,Call,Opportunity,OPP00312,E0173,2024-06-19,13.0
ACT001538,Call,Opportunity,OPP00312,E0173,2024-06-24,14.0
ACT001539,Email,Opportunity,OPP00312,E0173,2024-06-19,
ACT001540,Email,Opportunity,OPP00312,E0173,2024-06-07,
ACT001541,Email,Opportunity,OPP00313,E0173,2024-03-30,
ACT001542,Email,Opportunity,OPP00313,E0173,2024-02-26,
ACT001543,Task,Opportunity,OPP00313,E0173,2024-04-20,
ACT001544,Call,Opportunity,OPP00313,E0173,2024-04-21,42.0
ACT001545,Email,Opportunity,OPP00313,E0173,2024-04-08,
ACT001546,Meeting,Opportunity,OPP00314,E0052,2024-03-13,33.0
ACT001547,Email,Opportunity,OPP00314,E0052,2024-02-26,
ACT001548,Call,Opportunity,OPP00314,E0052,2024-03-15,27.0
ACT001549,Meeting,Opportunity,OPP00314,E0052,2024-04-07,41.0
ACT001550,Meeting,Opportunity,OPP00314,E0052,2024-03-21,40.0
ACT001551,Meeting,Opportunity,OPP00314,E0052,2024-04-02,43.0
ACT001552,Call,Opportunity,OPP00315,E0032,2024-03-11,31.0
ACT001553,Call,Opportunity,OPP00315,E0032,2024-03-10,9.0
ACT001554,Call,Opportunity,OPP00316,E0059,2024-07-31,42.0
ACT001555,Call,Opportunity,OPP00316,E0059,2024-08-22,7.0
ACT001556,Meeting,Opportunity,OPP00316,E0059,2024-08-16,36.0
ACT001557,Meeting,Opportunity,OPP00316,E0059,2024-08-03,39.0
ACT001558,Task,Opportunity,OPP00317,E0119,2024-10-04,
ACT001559,Call,Opportunity,OPP00317,E0119,2024-10-10,15.0
ACT001560,Call,Opportunity,OPP00317,E0119,2024-10-04,31.0
ACT001561,Email,Opportunity,OPP00317,E0119,2024-10-26,
ACT001562,Call,Opportunity,OPP00317,E0119,2024-10-06,38.0
ACT001563,Task,Opportunity,OPP00317,E0119,2024-10-20,
ACT001564,Task,Opportunity,OPP00318,E0096,2025-07-12,
ACT001565,Call,Opportunity,OPP00318,E0096,2025-06-06,11.0
ACT001566,Meeting,Opportunity,OPP00318,E0096,2025-05-19,44.0
ACT001567,Meeting,Opportunity,OPP00319,E0059,2025-09-19,5.0
ACT001568,Task,Opportunity,OPP00319,E0059,2025-09-16,
ACT001569,Email,Opportunity,OPP00319,E0059,2025-09-16,
ACT001570,Email,Opportunity,OPP00319,E0059,2025-09-30,
ACT001571,Call,Opportunity,OPP00320,E0119,2024-04-22,34.0
ACT001572,Call,Opportunity,OPP00320,E0119,2024-05-05,10.0
ACT001573,Email,Opportunity,OPP00320,E0119,2024-05-01,
ACT001574,Email,Opportunity,OPP00320,E0119,2024-04-28,
ACT001575,Email,Opportunity,OPP00320,E0119,2024-05-07,
ACT001576,Call,Opportunity,OPP00320,E0119,2024-05-08,17.0
ACT001577,Meeting,Opportunity,OPP00320,E0119,2024-04-30,12.0
ACT001578,Email,Opportunity,OPP00320,E0119,2024-04-27,
ACT001579,Call,Opportunity,OPP00321,E0052,2024-05-08,23.0
ACT001580,Meeting,Opportunity,OPP00321,E0052,2024-06-01,25.0
ACT001581,Call,Opportunity,OPP00321,E0052,2024-02-09,30.0
ACT001582,Email,Opportunity,OPP00321,E0052,2024-05-01,
ACT001583,Email,Opportunity,OPP00322,E0028,2025-07-08,
ACT001584,Meeting,Opportunity,OPP00322,E0028,2025-07-02,32.0
ACT001585,Call,Opportunity,OPP00323,E0014,2025-03-30,20.0
ACT001586,Call,Opportunity,OPP00323,E0014,2025-04-08,43.0
ACT001587,Call,Opportunity,OPP00323,E0014,2025-03-21,44.0
ACT001588,Email,Opportunity,OPP00323,E0014,2025-03-12,
ACT001589,Email,Opportunity,OPP00324,E0028,2025-08-24,
ACT001590,Meeting,Opportunity,OPP00324,E0028,2025-08-12,24.0
ACT001591,Meeting,Opportunity,OPP00324,E0028,2025-08-17,21.0
ACT001592,Call,Opportunity,OPP00324,E0028,2025-08-17,42.0
ACT001593,Call,Opportunity,OPP00324,E0028,2025-08-19,24.0
ACT001594,Email,Opportunity,OPP00324,E0028,2025-08-15,
ACT001595,Call,Opportunity,OPP00324,E0028,2025-08-17,22.0
ACT001596,Call,Opportunity,OPP00324,E0028,2025-08-26,32.0
ACT001597,Meeting,Opportunity,OPP00325,E0059,2024-11-04,42.0
ACT001598,Email,Opportunity,OPP00325,E0059,2024-10-12,
ACT001599,Call,Opportunity,OPP00325,E0059,2024-10-20,7.0
ACT001600,Email,Opportunity,OPP00325,E0059,2024-10-24,
ACT001601,Call,Opportunity,OPP00325,E0059,2024-10-20,12.0
ACT001602,Email,Opportunity,OPP00325,E0059,2024-10-22,
ACT001603,Call,Opportunity,OPP00325,E0059,2024-10-11,30.0
ACT001604,Email,Opportunity,OPP00326,E0089,2025-07-04,
ACT001605,Meeting,Opportunity,OPP00326,E0089,2025-08-26,34.0
ACT001606,Call,Opportunity,OPP00326,E0089,2025-08-13,42.0
ACT001607,Call,Opportunity,OPP00326,E0089,2025-07-11,24.0
ACT001608,Email,Opportunity,OPP00326,E0089,2025-07-18,
ACT001609,Call,Opportunity,OPP00326,E0089,2025-08-23,14.0
ACT001610,Call,Opportunity,OPP00326,E0089,2025-08-31,23.0
ACT001611,Call,Opportunity,OPP00326,E0089,2025-07-18,6.0
ACT001612,Email,Opportunity,OPP00327,E0057,2025-01-13,
ACT001613,Task,Opportunity,OPP00327,E0057,2024-09-27,
ACT001614,Email,Opportunity,OPP00327,E0057,2024-11-18,
ACT001615,Task,Opportunity,OPP00327,E0057,2025-01-20,
ACT001616,Task,Opportunity,OPP00327,E0057,2025-01-25,
ACT001617,Task,Opportunity,OPP00328,E0148,2024-08-20,
ACT001618,Call,Opportunity,OPP00328,E0148,2024-09-18,20.0
ACT001619,Task,Opportunity,OPP00328,E0148,2024-08-16,
ACT001620,Email,Opportunity,OPP00328,E0148,2024-09-12,
ACT001621,Email,Opportunity,OPP00328,E0148,2024-07-10,
ACT001622,Call,Opportunity,OPP00328,E0148,2024-07-30,22.0
ACT001623,Call,Opportunity,OPP00328,E0148,2024-06-02,8.0
ACT001624,Email,Opportunity,OPP00329,E0100,2025-09-04,
ACT001625,Call,Opportunity,OPP00329,E0100,2025-08-28,12.0
ACT001626,Meeting,Opportunity,OPP00330,E0119,2024-04-25,33.0
ACT001627,Call,Opportunity,OPP00330,E0119,2024-05-08,13.0
ACT001628,Call,Opportunity,OPP00330,E0119,2024-04-12,15.0
ACT001629,Email,Opportunity,OPP00330,E0119,2024-04-27,
ACT001630,Task,Opportunity,OPP00330,E0119,2024-04-15,
ACT001631,Meeting,Opportunity,OPP00330,E0119,2024-04-30,7.0
ACT001632,Call,Opportunity,OPP00330,E0119,2024-04-15,9.0
ACT001633,Meeting,Opportunity,OPP00331,E0163,2025-09-22,20.0
ACT001634,Meeting,Opportunity,OPP00331,E0163,2025-10-18,41.0
ACT001635,Meeting,Opportunity,OPP00331,E0163,2025-09-22,14.0
ACT001636,Call,Opportunity,OPP00332,E0014,2025-05-04,30.0
ACT001637,Email,Opportunity,OPP00332,E0014,2025-04-26,
ACT001638,Call,Opportunity,OPP00332,E0014,2025-04-28,12.0
ACT001639,Call,Opportunity,OPP00332,E0014,2025-06-04,31.0
ACT001640,Call,Opportunity,OPP00332,E0014,2025-06-06,34.0
ACT001641,Email,Opportunity,OPP00332,E0014,2025-05-13,
ACT001642,Email,Opportunity,OPP00332,E0014,2025-05-08,
ACT001643,Meeting,Opportunity,OPP00333,E0161,2024-08-27,31.0
ACT001644,Call,Opportunity,OPP00333,E0161,2024-08-11,8.0
ACT001645,Email,Opportunity,OPP00334,E0119,2025-11-19,
ACT001646,Email,Opportunity,OPP00334,E0119,2025-11-08,
ACT001647,Email,Opportunity,OPP00335,E0119,2024-06-10,
ACT001648,Email,Opportunity,OPP00335,E0119,2024-06-19,
ACT001649,Call,Opportunity,OPP00335,E0119,2024-06-15,40.0
ACT001650,Email,Opportunity,OPP00335,E0119,2024-06-11,
ACT001651,Meeting,Opportunity,OPP00335,E0119,2024-06-19,34.0
ACT001652,Call,Opportunity,OPP00335,E0119,2024-06-23,17.0
ACT001653,Email,Opportunity,OPP00336,E0052,2024-02-26,
ACT001654,Call,Opportunity,OPP00336,E0052,2024-02-19,21.0
ACT001655,Email,Opportunity,OPP00336,E0052,2024-02-23,
ACT001656,Meeting,Opportunity,OPP00337,E0173,2024-07-31,34.0
ACT001657,Task,Opportunity,OPP00337,E0173,2024-07-09,
ACT001658,Meeting,Opportunity,OPP00337,E0173,2024-08-03,8.0
ACT001659,Call,Opportunity,OPP00337,E0173,2024-06-20,44.0
ACT001660,Email,Opportunity,OPP00337,E0173,2024-07-06,
ACT001661,Email,Opportunity,OPP00337,E0173,2024-06-24,
ACT001662,Call,Opportunity,OPP00337,E0173,2024-07-22,20.0
ACT001663,Meeting,Opportunity,OPP00337,E0173,2024-06-17,29.0
ACT001664,Email,Opportunity,OPP00338,E0122,2025-11-28,
ACT001665,Task,Opportunity,OPP00338,E0122,2025-10-16,
ACT001666,Call,Opportunity,OPP00338,E0122,2025-11-12,22.0
ACT001667,Meeting,Opportunity,OPP00338,E0122,2025-11-26,26.0
ACT001668,Email,Opportunity,OPP00338,E0122,2025-10-30,
ACT001669,Meeting,Opportunity,OPP00338,E0122,2025-10-09,19.0
ACT001670,Email,Opportunity,OPP00338,E0122,2025-10-31,
ACT001671,Email,Opportunity,OPP00338,E0122,2025-09-22,
ACT001672,Call,Opportunity,OPP00339,E0009,2024-09-05,38.0
ACT001673,Email,Opportunity,OPP00339,E0009,2024-08-07,
ACT001674,Call,Opportunity,OPP00339,E0009,2024-10-09,35.0
ACT001675,Email,Opportunity,OPP00340,E0119,2024-02-19,
ACT001676,Call,Opportunity,OPP00340,E0119,2024-02-25,22.0
ACT001677,Email,Opportunity,OPP00340,E0119,2024-03-09,
ACT001678,Email,Opportunity,OPP00340,E0119,2024-02-23,
ACT001679,Call,Opportunity,OPP00340,E0119,2024-03-01,16.0
ACT001680,Meeting,Opportunity,OPP00340,E0119,2024-02-20,39.0
ACT001681,Meeting,Opportunity,OPP00340,E0119,2024-02-20,34.0
ACT001682,Call,Opportunity,OPP00341,E0052,2025-09-02,7.0
ACT001683,Call,Opportunity,OPP00341,E0052,2025-08-25,30.0
ACT001684,Task,Opportunity,OPP00341,E0052,2025-09-07,
ACT001685,Email,Opportunity,OPP00341,E0052,2025-09-01,
ACT001686,Call,Opportunity,OPP00342,E0028,2024-09-29,38.0
ACT001687,Email,Opportunity,OPP00342,E0028,2024-10-04,
ACT001688,Call,Opportunity,OPP00342,E0028,2024-10-03,20.0
ACT001689,Email,Opportunity,OPP00342,E0028,2024-10-02,
ACT001690,Task,Opportunity,OPP00343,E0172,2025-09-18,
ACT001691,Email,Opportunity,OPP00343,E0172,2025-08-29,
ACT001692,Email,Opportunity,OPP00343,E0172,2025-09-14,
ACT001693,Email,Opportunity,OPP00343,E0172,2025-09-13,
ACT001694,Meeting,Opportunity,OPP00343,E0172,2025-09-06,5.0
ACT001695,Email,Opportunity,OPP00344,E0172,2024-11-15,
ACT001696,Email,Opportunity,OPP00344,E0172,2024-11-26,
ACT001697,Email,Opportunity,OPP00344,E0172,2024-11-26,
ACT001698,Call,Opportunity,OPP00344,E0172,2024-11-21,5.0
ACT001699,Task,Opportunity,OPP00345,E0059,2025-06-22,
ACT001700,Email,Opportunity,OPP00345,E0059,2025-06-24,
ACT001701,Meeting,Opportunity,OPP00345,E0059,2025-07-17,5.0
ACT001702,Call,Opportunity,OPP00345,E0059,2025-08-04,41.0
ACT001703,Email,Opportunity,OPP00345,E0059,2025-08-03,
ACT001704,Email,Opportunity,OPP00345,E0059,2025-07-17,
ACT001705,Call,Opportunity,OPP00345,E0059,2025-07-21,19.0
ACT001706,Email,Opportunity,OPP00346,E0018,2025-03-05,
ACT001707,Call,Opportunity,OPP00346,E0018,2025-03-14,34.0
ACT001708,Email,Opportunity,OPP00346,E0018,2025-03-06,
ACT001709,Call,Opportunity,OPP00346,E0018,2025-03-15,20.0
ACT001710,Email,Opportunity,OPP00346,E0018,2025-03-14,
ACT001711,Call,Opportunity,OPP00346,E0018,2025-03-03,14.0
ACT001712,Meeting,Opportunity,OPP00347,E0057,2024-09-01,7.0
ACT001713,Meeting,Opportunity,OPP00347,E0057,2024-09-09,30.0
ACT001714,Call,Opportunity,OPP00347,E0057,2024-10-15,21.0
ACT001715,Email,Opportunity,OPP00347,E0057,2024-09-22,
ACT001716,Call,Opportunity,OPP00347,E0057,2024-08-31,6.0
ACT001717,Meeting,Opportunity,OPP00347,E0057,2024-08-31,16.0
ACT001718,Meeting,Opportunity,OPP00348,E0009,2026-01-02,30.0
ACT001719,Email,Opportunity,OPP00348,E0009,2026-01-15,
ACT001720,Email,Opportunity,OPP00348,E0009,2025-12-28,
ACT001721,Email,Opportunity,OPP00349,E0099,2025-07-30,
ACT001722,Call,Opportunity,OPP00349,E0099,2025-05-09,22.0
ACT001723,Meeting,Opportunity,OPP00349,E0099,2025-05-15,22.0
ACT001724,Call,Opportunity,OPP00349,E0099,2025-07-11,32.0
ACT001725,Task,Opportunity,OPP00349,E0099,2025-07-21,
ACT001726,Task,Opportunity,OPP00349,E0099,2025-07-25,
ACT001727,Call,Opportunity,OPP00350,E0100,2026-01-06,9.0
ACT001728,Email,Opportunity,OPP00350,E0100,2026-01-18,
ACT001729,Email,Opportunity,OPP00350,E0100,2026-01-03,
ACT001730,Call,Opportunity,OPP00350,E0100,2026-01-09,38.0
ACT001731,Call,Opportunity,OPP00351,E0014,2024-02-17,13.0
ACT001732,Call,Opportunity,OPP00351,E0014,2024-02-12,27.0
ACT001733,Email,Opportunity,OPP00351,E0014,2024-03-20,
ACT001734,Meeting,Opportunity,OPP00351,E0014,2024-03-13,30.0
ACT001735,Email,Opportunity,OPP00351,E0014,2024-02-21,
ACT001736,Task,Opportunity,OPP00351,E0014,2024-03-12,
ACT001737,Meeting,Opportunity,OPP00351,E0014,2024-03-19,31.0
ACT001738,Call,Opportunity,OPP00352,E0085,2024-05-05,6.0
ACT001739,Meeting,Opportunity,OPP00352,E0085,2024-05-03,35.0
ACT001740,Call,Opportunity,OPP00352,E0085,2024-05-08,11.0
ACT001741,Meeting,Opportunity,OPP00352,E0085,2024-05-17,19.0
ACT001742,Call,Opportunity,OPP00352,E0085,2024-05-04,27.0
ACT001743,Call,Opportunity,OPP00352,E0085,2024-05-15,14.0
ACT001744,Call,Opportunity,OPP00352,E0085,2024-05-03,23.0
ACT001745,Email,Opportunity,OPP00353,E0059,2025-12-18,
ACT001746,Email,Opportunity,OPP00353,E0059,2025-12-22,
ACT001747,Email,Opportunity,OPP00353,E0059,2025-12-22,
ACT001748,Email,Opportunity,OPP00354,E0059,2025-11-15,
ACT001749,Email,Opportunity,OPP00354,E0059,2025-11-29,
ACT001750,Email,Opportunity,OPP00354,E0059,2025-12-20,
ACT001751,Email,Opportunity,OPP00354,E0059,2025-11-09,
ACT001752,Task,Opportunity,OPP00354,E0059,2025-11-29,
ACT001753,Email,Opportunity,OPP00354,E0059,2025-12-03,
ACT001754,Email,Opportunity,OPP00354,E0059,2025-12-02,
ACT001755,Task,Opportunity,OPP00354,E0059,2025-12-06,
ACT001756,Email,Opportunity,OPP00355,E0122,2025-08-13,
ACT001757,Call,Opportunity,OPP00355,E0122,2025-07-17,24.0
ACT001758,Task,Opportunity,OPP00355,E0122,2025-07-17,
ACT001759,Task,Opportunity,OPP00355,E0122,2025-08-10,
ACT001760,Call,Opportunity,OPP00355,E0122,2025-07-07,30.0
ACT001761,Email,Opportunity,OPP00355,E0122,2025-07-19,
ACT001762,Task,Opportunity,OPP00355,E0122,2025-07-12,
ACT001763,Task,Opportunity,OPP00355,E0122,2025-07-31,
ACT001764,Email,Opportunity,OPP00356,E0148,2024-08-11,
ACT001765,Task,Opportunity,OPP00356,E0148,2024-07-27,
ACT001766,Call,Opportunity,OPP00356,E0148,2024-08-11,12.0
ACT001767,Call,Opportunity,OPP00356,E0148,2024-08-20,11.0
ACT001768,Email,Opportunity,OPP00356,E0148,2024-08-14,
ACT001769,Call,Opportunity,OPP00356,E0148,2024-08-07,27.0
ACT001770,Call,Opportunity,OPP00357,E0085,2024-09-03,5.0
ACT001771,Call,Opportunity,OPP00357,E0085,2024-08-28,32.0
ACT001772,Call,Opportunity,OPP00357,E0085,2024-08-30,35.0
ACT001773,Call,Opportunity,OPP00357,E0085,2024-09-01,14.0
ACT001774,Call,Opportunity,OPP00357,E0085,2024-08-31,9.0
ACT001775,Email,Opportunity,OPP00357,E0085,2024-09-01,
ACT001776,Call,Opportunity,OPP00357,E0085,2024-08-01,31.0
ACT001777,Task,Opportunity,OPP00357,E0085,2024-07-29,
ACT001778,Task,Opportunity,OPP00358,E0099,2025-06-30,
ACT001779,Task,Opportunity,OPP00358,E0099,2025-06-19,
ACT001780,Call,Opportunity,OPP00358,E0099,2025-06-25,24.0
ACT001781,Email,Opportunity,OPP00359,E0009,2024-05-27,
ACT001782,Meeting,Opportunity,OPP00359,E0009,2024-06-18,38.0
ACT001783,Call,Opportunity,OPP00359,E0009,2024-06-12,13.0
ACT001784,Email,Opportunity,OPP00359,E0009,2024-05-23,
ACT001785,Call,Opportunity,OPP00360,E0172,2025-08-26,18.0
ACT001786,Call,Opportunity,OPP00360,E0172,2025-06-07,15.0
ACT001787,Call,Opportunity,OPP00360,E0172,2025-09-05,41.0
ACT001788,Email,Opportunity,OPP00360,E0172,2025-07-12,
ACT001789,Call,Opportunity,OPP00361,E0085,2024-08-31,11.0
ACT001790,Meeting,Opportunity,OPP00361,E0085,2024-08-31,38.0
ACT001791,Call,Opportunity,OPP00362,E0148,2025-10-04,41.0
ACT001792,Meeting,Opportunity,OPP00362,E0148,2025-09-12,6.0
ACT001793,Email,Opportunity,OPP00362,E0148,2025-09-11,
ACT001794,Call,Opportunity,OPP00363,E0018,2025-10-23,5.0
ACT001795,Task,Opportunity,OPP00363,E0018,2025-10-20,
ACT001796,Email,Opportunity,OPP00363,E0018,2025-10-14,
ACT001797,Call,Opportunity,OPP00363,E0018,2025-10-16,40.0
ACT001798,Email,Opportunity,OPP00363,E0018,2025-11-19,
ACT001799,Call,Opportunity,OPP00363,E0018,2025-10-22,37.0
ACT001800,Meeting,Opportunity,OPP00363,E0018,2025-10-26,32.0
ACT001801,Task,Opportunity,OPP00364,E0059,2026-01-08,
ACT001802,Email,Opportunity,OPP00364,E0059,2026-01-02,
ACT001803,Email,Opportunity,OPP00365,E0009,2024-08-18,
ACT001804,Call,Opportunity,OPP00365,E0009,2024-11-23,41.0
ACT001805,Call,Opportunity,OPP00365,E0009,2024-09-09,9.0
ACT001806,Email,Opportunity,OPP00365,E0009,2024-10-19,
ACT001807,Email,Opportunity,OPP00366,E0059,2024-05-05,
ACT001808,Email,Opportunity,OPP00366,E0059,2024-05-11,
ACT001809,Call,Opportunity,OPP00366,E0059,2024-04-26,41.0
ACT001810,Email,Opportunity,OPP00366,E0059,2024-05-01,
ACT001811,Email,Opportunity,OPP00366,E0059,2024-05-10,
ACT001812,Email,Opportunity,OPP00366,E0059,2024-05-11,
ACT001813,Call,Opportunity,OPP00366,E0059,2024-04-29,8.0
ACT001814,Call,Opportunity,OPP00366,E0059,2024-05-13,21.0
ACT001815,Call,Opportunity,OPP00367,E0119,2025-03-29,28.0
ACT001816,Email,Opportunity,OPP00367,E0119,2025-03-11,
ACT001817,Email,Opportunity,OPP00367,E0119,2025-03-26,
ACT001818,Task,Opportunity,OPP00367,E0119,2025-04-15,
ACT001819,Meeting,Opportunity,OPP00367,E0119,2025-03-24,9.0
ACT001820,Email,Opportunity,OPP00367,E0119,2025-03-22,
ACT001821,Email,Opportunity,OPP00368,E0028,2025-12-07,
ACT001822,Email,Opportunity,OPP00368,E0028,2025-12-21,
ACT001823,Call,Opportunity,OPP00368,E0028,2025-12-21,21.0
ACT001824,Task,Opportunity,OPP00368,E0028,2025-12-09,
ACT001825,Task,Opportunity,OPP00368,E0028,2025-12-23,
ACT001826,Call,Opportunity,OPP00368,E0028,2025-12-10,13.0
ACT001827,Call,Opportunity,OPP00368,E0028,2025-11-29,13.0
ACT001828,Email,Opportunity,OPP00369,E0057,2024-12-06,
ACT001829,Email,Opportunity,OPP00369,E0057,2024-10-22,
ACT001830,Meeting,Opportunity,OPP00369,E0057,2024-12-06,7.0
ACT001831,Call,Opportunity,OPP00369,E0057,2024-10-23,41.0
ACT001832,Email,Opportunity,OPP00369,E0057,2024-11-11,
ACT001833,Meeting,Opportunity,OPP00369,E0057,2024-12-06,20.0
ACT001834,Email,Opportunity,OPP00370,E0052,2024-03-17,
ACT001835,Task,Opportunity,OPP00370,E0052,2024-03-05,
ACT001836,Call,Opportunity,OPP00370,E0052,2024-03-14,25.0
ACT001837,Meeting,Opportunity,OPP00370,E0052,2024-03-08,28.0
ACT001838,Email,Opportunity,OPP00370,E0052,2024-03-22,
ACT001839,Call,Opportunity,OPP00371,E0018,2025-02-21,32.0
ACT001840,Meeting,Opportunity,OPP00371,E0018,2025-02-22,28.0
ACT001841,Task,Opportunity,OPP00371,E0018,2025-02-28,
ACT001842,Meeting,Opportunity,OPP00371,E0018,2025-02-24,18.0
ACT001843,Call,Opportunity,OPP00371,E0018,2025-03-03,9.0
ACT001844,Call,Opportunity,OPP00371,E0018,2025-02-23,31.0
ACT001845,Task,Opportunity,OPP00371,E0018,2025-03-03,
ACT001846,Task,Opportunity,OPP00372,E0014,2025-10-13,
ACT001847,Task,Opportunity,OPP00372,E0014,2025-10-11,
ACT001848,Call,Opportunity,OPP00372,E0014,2025-09-20,16.0
ACT001849,Call,Opportunity,OPP00373,E0099,2025-06-24,32.0
ACT001850,Call,Opportunity,OPP00373,E0099,2025-08-06,36.0
ACT001851,Email,Opportunity,OPP00374,E0161,2025-05-19,
ACT001852,Meeting,Opportunity,OPP00374,E0161,2025-06-03,12.0
ACT001853,Call,Opportunity,OPP00374,E0161,2025-06-12,24.0
ACT001854,Meeting,Opportunity,OPP00375,E0085,2024-07-25,10.0
ACT001855,Email,Opportunity,OPP00375,E0085,2024-07-21,
ACT001856,Call,Opportunity,OPP00375,E0085,2024-06-24,13.0
ACT001857,Meeting,Opportunity,OPP00375,E0085,2024-07-11,42.0
ACT001858,Call,Opportunity,OPP00376,E0122,2025-07-27,32.0
ACT001859,Task,Opportunity,OPP00376,E0122,2025-05-27,
ACT001860,Call,Opportunity,OPP00376,E0122,2025-07-06,38.0
ACT001861,Email,Opportunity,OPP00376,E0122,2025-07-19,
ACT001862,Task,Opportunity,OPP00377,E0089,2025-12-11,
ACT001863,Task,Opportunity,OPP00377,E0089,2025-12-08,
ACT001864,Meeting,Opportunity,OPP00377,E0089,2025-12-04,9.0
ACT001865,Email,Opportunity,OPP00377,E0089,2025-12-08,
ACT001866,Email,Opportunity,OPP00377,E0089,2025-11-25,
ACT001867,Call,Opportunity,OPP00378,E0052,2024-10-17,12.0
ACT001868,Email,Opportunity,OPP00378,E0052,2024-10-12,
ACT001869,Call,Opportunity,OPP00378,E0052,2024-10-25,12.0
ACT001870,Email,Opportunity,OPP00378,E0052,2024-11-01,
ACT001871,Email,Opportunity,OPP00378,E0052,2024-10-30,
ACT001872,Call,Opportunity,OPP00379,E0096,2025-03-05,21.0
ACT001873,Email,Opportunity,OPP00379,E0096,2025-03-22,
ACT001874,Call,Opportunity,OPP00380,E0100,2025-12-01,16.0
ACT001875,Task,Opportunity,OPP00380,E0100,2025-12-05,
ACT001876,Call,Opportunity,OPP00380,E0100,2025-11-20,39.0
ACT001877,Task,Opportunity,OPP00380,E0100,2025-12-03,
ACT001878,Task,Opportunity,OPP00381,E0163,2025-07-02,
ACT001879,Task,Opportunity,OPP00381,E0163,2025-06-16,
ACT001880,Email,Opportunity,OPP00381,E0163,2025-06-24,
ACT001881,Call,Opportunity,OPP00381,E0163,2025-07-04,40.0
ACT001882,Email,Opportunity,OPP00381,E0163,2025-06-30,
ACT001883,Email,Opportunity,OPP00381,E0163,2025-06-24,
ACT001884,Email,Opportunity,OPP00381,E0163,2025-07-03,
ACT001885,Email,Opportunity,OPP00381,E0163,2025-06-29,
ACT001886,Call,Opportunity,OPP00382,E0161,2025-09-29,39.0
ACT001887,Call,Opportunity,OPP00382,E0161,2025-09-30,39.0
ACT001888,Email,Opportunity,OPP00382,E0161,2025-10-09,
ACT001889,Call,Opportunity,OPP00382,E0161,2025-09-19,26.0
ACT001890,Task,Opportunity,OPP00382,E0161,2025-10-12,
ACT001891,Call,Opportunity,OPP00382,E0161,2025-09-30,35.0
ACT001892,Task,Opportunity,OPP00382,E0161,2025-10-09,
ACT001893,Email,Opportunity,OPP00383,E0172,2026-01-03,
ACT001894,Call,Opportunity,OPP00383,E0172,2026-01-13,40.0
ACT001895,Email,Opportunity,OPP00383,E0172,2026-01-14,
ACT001896,Meeting,Opportunity,OPP00384,E0057,2025-02-25,14.0
ACT001897,Call,Opportunity,OPP00384,E0057,2025-03-02,7.0
ACT001898,Call,Opportunity,OPP00384,E0057,2025-02-17,14.0
ACT001899,Call,Opportunity,OPP00384,E0057,2025-02-27,11.0
ACT001900,Email,Opportunity,OPP00384,E0057,2025-02-28,
ACT001901,Email,Opportunity,OPP00384,E0057,2025-02-25,
ACT001902,Call,Opportunity,OPP00384,E0057,2025-03-07,6.0
ACT001903,Email,Opportunity,OPP00385,E0119,2025-02-19,
ACT001904,Meeting,Opportunity,OPP00385,E0119,2025-02-26,40.0
ACT001905,Meeting,Opportunity,OPP00385,E0119,2025-03-10,39.0
ACT001906,Email,Opportunity,OPP00385,E0119,2025-05-22,
ACT001907,Email,Opportunity,OPP00386,E0018,2025-11-26,
ACT001908,Call,Opportunity,OPP00386,E0018,2025-12-06,14.0
ACT001909,Email,Opportunity,OPP00386,E0018,2025-12-20,
ACT001910,Email,Opportunity,OPP00386,E0018,2025-12-21,
ACT001911,Meeting,Opportunity,OPP00386,E0018,2025-11-26,5.0
ACT001912,Call,Opportunity,OPP00386,E0018,2025-12-06,42.0
ACT001913,Email,Opportunity,OPP00387,E0122,2025-10-23,
ACT001914,Call,Opportunity,OPP00387,E0122,2025-10-26,19.0
ACT001915,Call,Opportunity,OPP00387,E0122,2025-10-25,39.0
ACT001916,Meeting,Opportunity,OPP00387,E0122,2025-11-02,23.0
ACT001917,Task,Opportunity,OPP00387,E0122,2025-10-28,
ACT001918,Meeting,Opportunity,OPP00387,E0122,2025-10-23,34.0
ACT001919,Email,Opportunity,OPP00387,E0122,2025-11-03,
ACT001920,Call,Opportunity,OPP00387,E0122,2025-10-31,9.0
ACT001921,Call,Opportunity,OPP00388,E0009,2025-11-06,35.0
ACT001922,Call,Opportunity,OPP00388,E0009,2025-10-15,36.0
ACT001923,Email,Opportunity,OPP00388,E0009,2025-10-10,
ACT001924,Email,Opportunity,OPP00388,E0009,2025-10-01,
ACT001925,Email,Opportunity,OPP00388,E0009,2025-09-28,
ACT001926,Email,Opportunity,OPP00389,E0059,2024-05-14,
ACT001927,Call,Opportunity,OPP00389,E0059,2024-05-30,24.0
ACT001928,Meeting,Opportunity,OPP00389,E0059,2024-05-28,22.0
ACT001929,Call,Opportunity,OPP00389,E0059,2024-05-28,33.0
ACT001930,Task,Opportunity,OPP00389,E0059,2024-06-04,
ACT001931,Call,Opportunity,OPP00389,E0059,2024-06-03,32.0
ACT001932,Call,Opportunity,OPP00389,E0059,2024-05-28,29.0
ACT001933,Call,Opportunity,OPP00390,E0173,2025-11-02,6.0
ACT001934,Meeting,Opportunity,OPP00390,E0173,2025-07-09,9.0
ACT001935,Task,Opportunity,OPP00390,E0173,2025-08-14,
ACT001936,Meeting,Opportunity,OPP00390,E0173,2025-09-22,20.0
ACT001937,Meeting,Opportunity,OPP00390,E0173,2025-10-08,37.0
ACT001938,Email,Opportunity,OPP00390,E0173,2025-08-01,
ACT001939,Meeting,Opportunity,OPP00390,E0173,2025-11-08,43.0
ACT001940,Email,Opportunity,OPP00391,E0126,2024-08-25,
ACT001941,Email,Opportunity,OPP00391,E0126,2024-09-02,
ACT001942,Call,Opportunity,OPP00391,E0126,2024-09-16,35.0
ACT001943,Email,Opportunity,OPP00392,E0057,2024-06-14,
ACT001944,Call,Opportunity,OPP00392,E0057,2024-06-14,26.0
ACT001945,Task,Opportunity,OPP00392,E0057,2024-06-11,
ACT001946,Call,Opportunity,OPP00392,E0057,2024-05-25,35.0
ACT001947,Email,Opportunity,OPP00392,E0057,2024-05-30,
ACT001948,Email,Opportunity,OPP00392,E0057,2024-05-21,
ACT001949,Email,Opportunity,OPP00392,E0057,2024-06-11,
ACT001950,Call,Opportunity,OPP00392,E0057,2024-06-03,28.0
ACT001951,Call,Opportunity,OPP00393,E0119,2025-03-22,5.0
ACT001952,Email,Opportunity,OPP00393,E0119,2025-03-01,
ACT001953,Call,Opportunity,OPP00393,E0119,2025-03-07,44.0
ACT001954,Call,Opportunity,OPP00393,E0119,2025-03-08,27.0
ACT001955,Call,Opportunity,OPP00393,E0119,2025-03-19,25.0
ACT001956,Meeting,Opportunity,OPP00394,E0100,2024-05-15,38.0
ACT001957,Call,Opportunity,OPP00394,E0100,2024-05-09,37.0
ACT001958,Call,Opportunity,OPP00394,E0100,2024-04-27,30.0
ACT001959,Call,Opportunity,OPP00394,E0100,2024-04-19,34.0
ACT001960,Call,Opportunity,OPP00394,E0100,2024-06-06,6.0
ACT001961,Call,Opportunity,OPP00394,E0100,2024-06-09,30.0
ACT001962,Call,Opportunity,OPP00394,E0100,2024-04-20,23.0
ACT001963,Email,Opportunity,OPP00395,E0009,2024-08-22,
ACT001964,Call,Opportunity,OPP00395,E0009,2024-09-09,37.0
ACT001965,Task,Opportunity,OPP00395,E0009,2024-08-27,
ACT001966,Email,Opportunity,OPP00396,E0009,2025-10-29,
ACT001967,Email,Opportunity,OPP00396,E0009,2025-10-09,
ACT001968,Task,Opportunity,OPP00396,E0009,2025-10-25,
ACT001969,Email,Opportunity,OPP00396,E0009,2025-10-17,
ACT001970,Call,Opportunity,OPP00396,E0009,2025-10-13,39.0
ACT001971,Call,Opportunity,OPP00396,E0009,2025-11-04,9.0
ACT001972,Meeting,Opportunity,OPP00397,E0122,2025-11-12,40.0
ACT001973,Call,Opportunity,OPP00397,E0122,2025-12-17,33.0
ACT001974,Task,Opportunity,OPP00397,E0122,2025-10-21,
ACT001975,Call,Opportunity,OPP00397,E0122,2025-09-27,43.0
ACT001976,Email,Opportunity,OPP00398,E0009,2025-05-02,
ACT001977,Task,Opportunity,OPP00398,E0009,2025-06-10,
ACT001978,Call,Opportunity,OPP00398,E0009,2025-06-05,38.0
ACT001979,Call,Opportunity,OPP00398,E0009,2025-06-01,27.0
ACT001980,Meeting,Opportunity,OPP00398,E0009,2025-04-30,19.0
ACT001981,Email,Opportunity,OPP00398,E0009,2025-05-02,
ACT001982,Email,Opportunity,OPP00399,E0126,2024-06-11,
ACT001983,Call,Opportunity,OPP00399,E0126,2024-06-13,30.0
ACT001984,Email,Opportunity,OPP00399,E0126,2024-06-24,
ACT001985,Email,Opportunity,OPP00399,E0126,2024-06-02,
ACT001986,Call,Opportunity,OPP00400,E0089,2024-07-12,15.0
ACT001987,Call,Opportunity,OPP00400,E0089,2024-07-05,15.0
ACT001988,Call,Opportunity,OPP00400,E0089,2024-07-20,21.0
ACT001989,Meeting,Opportunity,OPP00401,E0099,2025-12-15,26.0
ACT001990,Email,Opportunity,OPP00401,E0099,2025-11-27,
ACT001991,Call,Opportunity,OPP00401,E0099,2025-12-13,29.0
ACT001992,Call,Opportunity,OPP00401,E0099,2025-11-28,39.0
ACT001993,Call,Opportunity,OPP00401,E0099,2025-12-07,41.0
ACT001994,Email,Opportunity,OPP00401,E0099,2025-11-28,
ACT001995,Meeting,Opportunity,OPP00401,E0099,2025-11-29,11.0
ACT001996,Email,Opportunity,OPP00402,E0173,2025-12-12,
ACT001997,Email,Opportunity,OPP00402,E0173,2025-12-21,
ACT001998,Call,Opportunity,OPP00402,E0173,2026-01-08,16.0
ACT001999,Call,Opportunity,OPP00402,E0173,2025-12-29,20.0
ACT002000,Task,Opportunity,OPP00402,E0173,2025-12-16,
ACT002001,Call,Opportunity,OPP00402,E0173,2025-12-19,8.0
ACT002002,Meeting,Opportunity,OPP00403,E0100,2025-11-19,22.0
ACT002003,Meeting,Opportunity,OPP00403,E0100,2025-12-09,31.0
ACT002004,Email,Opportunity,OPP00403,E0100,2025-12-14,
ACT002005,Email,Opportunity,OPP00404,E0014,2025-08-08,
ACT002006,Call,Opportunity,OPP00404,E0014,2025-08-06,18.0
ACT002007,Call,Opportunity,OPP00404,E0014,2025-08-14,18.0
ACT002008,Meeting,Opportunity,OPP00404,E0014,2025-08-01,17.0
ACT002009,Email,Opportunity,OPP00404,E0014,2025-07-28,
ACT002010,Call,Opportunity,OPP00404,E0014,2025-08-21,39.0
ACT002011,Email,Opportunity,OPP00405,E0059,2024-12-31,
ACT002012,Email,Opportunity,OPP00405,E0059,2024-12-31,
ACT002013,Task,Opportunity,OPP00405,E0059,2024-12-25,
ACT002014,Call,Opportunity,OPP00405,E0059,2024-12-18,26.0
ACT002015,Email,Opportunity,OPP00405,E0059,2024-12-26,
ACT002016,Call,Opportunity,OPP00406,E0096,2025-06-09,9.0
ACT002017,Call,Opportunity,OPP00406,E0096,2025-07-19,19.0
ACT002018,Call,Opportunity,OPP00406,E0096,2025-07-27,39.0
ACT002019,Call,Opportunity,OPP00406,E0096,2025-08-03,35.0
ACT002020,Meeting,Opportunity,OPP00406,E0096,2025-07-22,24.0
ACT002021,Email,Opportunity,OPP00407,E0032,2024-12-21,
ACT002022,Email,Opportunity,OPP00407,E0032,2024-12-17,
ACT002023,Task,Opportunity,OPP00407,E0032,2024-12-15,
ACT002024,Email,Opportunity,OPP00407,E0032,2024-12-23,
ACT002025,Email,Opportunity,OPP00407,E0032,2024-12-26,
ACT002026,Email,Opportunity,OPP00407,E0032,2024-12-15,
ACT002027,Email,Opportunity,OPP00407,E0032,2024-12-11,
ACT002028,Task,Opportunity,OPP00407,E0032,2024-12-21,
ACT002029,Email,Opportunity,OPP00408,E0059,2024-09-02,
ACT002030,Call,Opportunity,OPP00408,E0059,2024-08-24,34.0
ACT002031,Email,Opportunity,OPP00408,E0059,2024-08-29,
ACT002032,Meeting,Opportunity,OPP00408,E0059,2024-08-23,23.0
ACT002033,Email,Opportunity,OPP00408,E0059,2024-09-06,
ACT002034,Call,Opportunity,OPP00408,E0059,2024-07-26,25.0
ACT002035,Call,Opportunity,OPP00408,E0059,2024-08-22,5.0
ACT002036,Call,Opportunity,OPP00408,E0059,2024-08-20,26.0
ACT002037,Email,Opportunity,OPP00409,E0028,2025-06-10,
ACT002038,Call,Opportunity,OPP00409,E0028,2025-05-07,5.0
ACT002039,Email,Opportunity,OPP00409,E0028,2025-06-23,
ACT002040,Email,Opportunity,OPP00409,E0028,2025-05-18,
ACT002041,Meeting,Opportunity,OPP00409,E0028,2025-05-15,26.0
ACT002042,Meeting,Opportunity,OPP00409,E0028,2025-06-01,32.0
ACT002043,Call,Opportunity,OPP00410,E0009,2025-06-15,32.0
ACT002044,Email,Opportunity,OPP00410,E0009,2025-06-01,
ACT002045,Call,Opportunity,OPP00410,E0009,2025-06-02,43.0
ACT002046,Email,Opportunity,OPP00410,E0009,2025-06-03,
ACT002047,Call,Opportunity,OPP00410,E0009,2025-07-15,39.0
ACT002048,Call,Opportunity,OPP00411,E0009,2024-04-12,14.0
ACT002049,Meeting,Opportunity,OPP00411,E0009,2024-05-28,5.0
ACT002050,Email,Opportunity,OPP00412,E0148,2025-07-12,
ACT002051,Call,Opportunity,OPP00412,E0148,2025-07-05,10.0
ACT002052,Call,Opportunity,OPP00412,E0148,2025-08-08,37.0
ACT002053,Call,Opportunity,OPP00412,E0148,2025-07-04,36.0
ACT002054,Task,Opportunity,OPP00412,E0148,2025-05-24,
ACT002055,Call,Opportunity,OPP00412,E0148,2025-07-19,6.0
ACT002056,Call,Opportunity,OPP00412,E0148,2025-06-01,27.0
ACT002057,Task,Opportunity,OPP00413,E0173,2025-12-22,
ACT002058,Call,Opportunity,OPP00413,E0173,2025-12-19,36.0
ACT002059,Call,Opportunity,OPP00413,E0173,2025-11-25,40.0
ACT002060,Call,Opportunity,OPP00413,E0173,2025-12-07,15.0
ACT002061,Email,Opportunity,OPP00413,E0173,2025-12-16,
ACT002062,Meeting,Opportunity,OPP00413,E0173,2025-11-26,41.0
ACT002063,Email,Opportunity,OPP00413,E0173,2025-12-20,
ACT002064,Meeting,Opportunity,OPP00413,E0173,2025-11-29,20.0
ACT002065,Email,Opportunity,OPP00414,E0126,2025-10-04,
ACT002066,Call,Opportunity,OPP00414,E0126,2025-10-25,23.0
ACT002067,Meeting,Opportunity,OPP00414,E0126,2025-09-25,28.0
ACT002068,Task,Opportunity,OPP00414,E0126,2025-10-08,
ACT002069,Email,Opportunity,OPP00414,E0126,2025-09-27,
ACT002070,Call,Opportunity,OPP00414,E0126,2025-10-29,27.0
ACT002071,Call,Opportunity,OPP00414,E0126,2025-10-14,33.0
ACT002072,Call,Opportunity,OPP00415,E0014,2024-12-24,9.0
ACT002073,Email,Opportunity,OPP00415,E0014,2024-11-24,
ACT002074,Call,Opportunity,OPP00415,E0014,2024-11-12,24.0
ACT002075,Call,Opportunity,OPP00415,E0014,2024-11-26,34.0
ACT002076,Meeting,Opportunity,OPP00415,E0014,2024-11-20,15.0
ACT002077,Call,Opportunity,OPP00416,E0028,2024-06-09,41.0
ACT002078,Meeting,Opportunity,OPP00416,E0028,2024-06-13,32.0
ACT002079,Email,Opportunity,OPP00416,E0028,2024-06-13,
ACT002080,Task,Opportunity,OPP00417,E0100,2025-08-26,
ACT002081,Meeting,Opportunity,OPP00417,E0100,2025-09-15,35.0
ACT002082,Meeting,Opportunity,OPP00417,E0100,2025-09-24,24.0
ACT002083,Email,Opportunity,OPP00418,E0085,2025-03-05,
ACT002084,Call,Opportunity,OPP00418,E0085,2025-03-06,35.0
ACT002085,Email,Opportunity,OPP00418,E0085,2025-03-15,
ACT002086,Call,Opportunity,OPP00418,E0085,2025-03-05,26.0
ACT002087,Call,Opportunity,OPP00418,E0085,2025-03-22,40.0
ACT002088,Call,Opportunity,OPP00419,E0122,2024-06-12,19.0
ACT002089,Email,Opportunity,OPP00419,E0122,2024-06-04,
ACT002090,Call,Opportunity,OPP00419,E0122,2024-06-07,17.0
ACT002091,Meeting,Opportunity,OPP00420,E0057,2024-04-20,36.0
ACT002092,Call,Opportunity,OPP00420,E0057,2024-03-12,7.0
ACT002093,Email,Opportunity,OPP00420,E0057,2024-04-09,
ACT002094,Call,Opportunity,OPP00420,E0057,2024-04-06,34.0
ACT002095,Email,Opportunity,OPP00421,E0018,2024-04-26,
ACT002096,Email,Opportunity,OPP00421,E0018,2024-04-26,
ACT002097,Task,Opportunity,OPP00421,E0018,2024-05-12,
ACT002098,Email,Opportunity,OPP00421,E0018,2024-04-24,
ACT002099,Email,Opportunity,OPP00422,E0009,2025-06-13,
ACT002100,Meeting,Opportunity,OPP00422,E0009,2025-06-16,22.0
ACT002101,Call,Opportunity,OPP00422,E0009,2025-06-17,7.0
ACT002102,Call,Opportunity,OPP00422,E0009,2025-06-18,39.0
ACT002103,Task,Opportunity,OPP00422,E0009,2025-06-30,
ACT002104,Meeting,Opportunity,OPP00423,E0126,2025-05-27,13.0
ACT002105,Meeting,Opportunity,OPP00423,E0126,2025-05-18,27.0
ACT002106,Call,Opportunity,OPP00423,E0126,2025-05-18,40.0
ACT002107,Email,Opportunity,OPP00423,E0126,2025-06-11,
ACT002108,Meeting,Opportunity,OPP00423,E0126,2025-06-12,39.0
ACT002109,Call,Opportunity,OPP00423,E0126,2025-06-07,30.0
ACT002110,Call,Opportunity,OPP00423,E0126,2025-05-25,14.0
ACT002111,Call,Opportunity,OPP00423,E0126,2025-05-31,12.0
ACT002112,Task,Opportunity,OPP00424,E0089,2024-02-20,
ACT002113,Email,Opportunity,OPP00424,E0089,2024-01-31,
ACT002114,Meeting,Opportunity,OPP00424,E0089,2024-01-29,27.0
ACT002115,Email,Opportunity,OPP00424,E0089,2024-01-31,
ACT002116,Email,Opportunity,OPP00425,E0059,2025-10-12,
ACT002117,Email,Opportunity,OPP00425,E0059,2025-09-02,
ACT002118,Email,Opportunity,OPP00425,E0059,2025-09-05,
ACT002119,Call,Opportunity,OPP00425,E0059,2025-10-14,21.0
ACT002120,Call,Opportunity,OPP00425,E0059,2025-10-19,41.0
ACT002121,Email,Opportunity,OPP00426,E0059,2024-09-21,
ACT002122,Email,Opportunity,OPP00426,E0059,2024-09-23,
ACT002123,Email,Opportunity,OPP00426,E0059,2024-09-18,
ACT002124,Call,Opportunity,OPP00426,E0059,2024-09-09,34.0
ACT002125,Call,Opportunity,OPP00426,E0059,2024-09-06,42.0
ACT002126,Call,Opportunity,OPP00426,E0059,2024-09-28,41.0
ACT002127,Meeting,Opportunity,OPP00427,E0122,2024-07-05,16.0
ACT002128,Call,Opportunity,OPP00427,E0122,2024-07-13,27.0
ACT002129,Call,Opportunity,OPP00427,E0122,2024-06-20,33.0
ACT002130,Email,Opportunity,OPP00428,E0009,2024-02-02,
ACT002131,Email,Opportunity,OPP00428,E0009,2024-01-28,
ACT002132,Call,Opportunity,OPP00428,E0009,2024-02-02,40.0
ACT002133,Call,Opportunity,OPP00428,E0009,2024-02-25,19.0
ACT002134,Email,Opportunity,OPP00428,E0009,2024-02-14,
ACT002135,Task,Opportunity,OPP00428,E0009,2024-02-14,
ACT002136,Email,Opportunity,OPP00429,E0173,2025-08-19,
ACT002137,Call,Opportunity,OPP00429,E0173,2025-07-30,40.0
ACT002138,Email,Opportunity,OPP00430,E0163,2024-05-11,
ACT002139,Call,Opportunity,OPP00430,E0163,2024-05-22,14.0
ACT002140,Meeting,Opportunity,OPP00430,E0163,2024-06-19,22.0
ACT002141,Call,Opportunity,OPP00430,E0163,2024-07-03,30.0
ACT002142,Email,Opportunity,OPP00431,E0161,2025-07-01,
ACT002143,Meeting,Opportunity,OPP00431,E0161,2025-07-30,23.0
ACT002144,Call,Opportunity,OPP00431,E0161,2025-08-05,19.0
ACT002145,Email,Opportunity,OPP00431,E0161,2025-08-11,
ACT002146,Email,Opportunity,OPP00432,E0059,2025-08-09,
ACT002147,Call,Opportunity,OPP00432,E0059,2025-06-12,30.0
ACT002148,Call,Opportunity,OPP00433,E0096,2025-08-26,38.0
ACT002149,Meeting,Opportunity,OPP00433,E0096,2025-10-05,31.0
ACT002150,Call,Opportunity,OPP00433,E0096,2025-08-26,27.0
ACT002151,Task,Opportunity,OPP00434,E0148,2024-10-05,
ACT002152,Call,Opportunity,OPP00434,E0148,2024-09-21,33.0
ACT002153,Meeting,Opportunity,OPP00434,E0148,2024-08-25,9.0
ACT002154,Email,Opportunity,OPP00435,E0085,2024-06-17,
ACT002155,Call,Opportunity,OPP00435,E0085,2024-05-19,14.0
ACT002156,Call,Opportunity,OPP00436,E0163,2025-05-29,43.0
ACT002157,Call,Opportunity,OPP00436,E0163,2025-05-12,16.0
ACT002158,Email,Opportunity,OPP00436,E0163,2025-05-18,
ACT002159,Task,Opportunity,OPP00436,E0163,2025-05-25,
ACT002160,Call,Opportunity,OPP00436,E0163,2025-05-26,23.0
ACT002161,Meeting,Opportunity,OPP00436,E0163,2025-05-30,32.0
ACT002162,Email,Opportunity,OPP00436,E0163,2025-05-26,
ACT002163,Meeting,Opportunity,OPP00436,E0163,2025-05-27,5.0
ACT002164,Meeting,Opportunity,OPP00437,E0032,2025-06-28,43.0
ACT002165,Email,Opportunity,OPP00437,E0032,2025-06-16,
ACT002166,Task,Opportunity,OPP00438,E0119,2025-10-28,
ACT002167,Task,Opportunity,OPP00438,E0119,2025-10-11,
ACT002168,Call,Opportunity,OPP00438,E0119,2025-10-25,24.0
ACT002169,Email,Opportunity,OPP00438,E0119,2025-10-11,
ACT002170,Call,Opportunity,OPP00438,E0119,2025-10-13,11.0
ACT002171,Email,Opportunity,OPP00438,E0119,2025-09-17,
ACT002172,Email,Opportunity,OPP00438,E0119,2025-09-29,
ACT002173,Task,Opportunity,OPP00439,E0163,2025-09-02,
ACT002174,Email,Opportunity,OPP00439,E0163,2025-08-28,
ACT002175,Email,Opportunity,OPP00439,E0163,2025-08-19,
ACT002176,Meeting,Opportunity,OPP00440,E0052,2024-03-01,13.0
ACT002177,Email,Opportunity,OPP00440,E0052,2024-02-24,
ACT002178,Email,Opportunity,OPP00440,E0052,2024-02-22,
ACT002179,Task,Opportunity,OPP00440,E0052,2024-02-26,
ACT002180,Call,Opportunity,OPP00440,E0052,2024-02-13,41.0
ACT002181,Task,Opportunity,OPP00440,E0052,2024-02-17,
ACT002182,Email,Opportunity,OPP00441,E0018,2024-12-14,
ACT002183,Call,Opportunity,OPP00441,E0018,2024-12-25,33.0
ACT002184,Email,Opportunity,OPP00441,E0018,2025-01-23,
ACT002185,Email,Opportunity,OPP00441,E0018,2025-01-31,
ACT002186,Task,Opportunity,OPP00442,E0099,2024-03-24,
ACT002187,Email,Opportunity,OPP00442,E0099,2024-04-02,
ACT002188,Email,Opportunity,OPP00442,E0099,2024-04-13,
ACT002189,Email,Opportunity,OPP00442,E0099,2024-04-10,
ACT002190,Email,Opportunity,OPP00442,E0099,2024-04-19,
ACT002191,Call,Opportunity,OPP00442,E0099,2024-04-18,40.0
ACT002192,Call,Opportunity,OPP00443,E0009,2025-12-07,9.0
ACT002193,Call,Opportunity,OPP00443,E0009,2025-12-22,22.0
ACT002194,Call,Opportunity,OPP00443,E0009,2025-12-08,39.0
ACT002195,Meeting,Opportunity,OPP00443,E0009,2025-12-09,36.0
ACT002196,Email,Opportunity,OPP00443,E0009,2025-12-21,
ACT002197,Call,Opportunity,OPP00444,E0089,2025-08-10,35.0
ACT002198,Call,Opportunity,OPP00444,E0089,2025-05-27,29.0
ACT002199,Task,Opportunity,OPP00444,E0089,2025-05-01,
ACT002200,Email,Opportunity,OPP00444,E0089,2025-06-18,
ACT002201,Call,Opportunity,OPP00444,E0089,2025-07-06,19.0
ACT002202,Email,Opportunity,OPP00445,E0122,2025-11-05,
ACT002203,Call,Opportunity,OPP00445,E0122,2025-10-31,25.0
ACT002204,Email,Opportunity,OPP00445,E0122,2025-11-19,
ACT002205,Call,Opportunity,OPP00445,E0122,2025-11-18,13.0
ACT002206,Email,Opportunity,OPP00445,E0122,2025-11-16,
ACT002207,Call,Opportunity,OPP00446,E0173,2024-11-22,41.0
ACT002208,Email,Opportunity,OPP00446,E0173,2024-10-30,
ACT002209,Email,Opportunity,OPP00446,E0173,2024-10-30,
ACT002210,Call,Opportunity,OPP00446,E0173,2024-11-05,33.0
ACT002211,Call,Opportunity,OPP00446,E0173,2024-11-03,19.0
ACT002212,Task,Opportunity,OPP00446,E0173,2024-11-03,
ACT002213,Email,Opportunity,OPP00446,E0173,2024-11-26,
ACT002214,Meeting,Opportunity,OPP00447,E0009,2025-09-14,23.0
ACT002215,Call,Opportunity,OPP00447,E0009,2025-08-26,22.0
ACT002216,Email,Opportunity,OPP00447,E0009,2025-08-20,
ACT002217,Email,Opportunity,OPP00447,E0009,2025-08-30,
ACT002218,Email,Opportunity,OPP00447,E0009,2025-08-30,
ACT002219,Call,Opportunity,OPP00447,E0009,2025-09-11,8.0
ACT002220,Task,Opportunity,OPP00447,E0009,2025-09-17,
ACT002221,Email,Opportunity,OPP00447,E0009,2025-09-13,
ACT002222,Call,Opportunity,OPP00448,E0172,2024-11-28,39.0
ACT002223,Email,Opportunity,OPP00448,E0172,2024-12-03,
ACT002224,Call,Opportunity,OPP00448,E0172,2024-12-15,44.0
ACT002225,Email,Opportunity,OPP00448,E0172,2024-12-05,
ACT002226,Call,Opportunity,OPP00448,E0172,2024-11-29,40.0
ACT002227,Email,Opportunity,OPP00448,E0172,2024-12-13,
ACT002228,Call,Opportunity,OPP00448,E0172,2024-12-16,9.0
ACT002229,Task,Opportunity,OPP00448,E0172,2024-12-08,
ACT002230,Call,Opportunity,OPP00449,E0089,2024-01-16,38.0
ACT002231,Task,Opportunity,OPP00449,E0089,2024-01-27,
ACT002232,Meeting,Opportunity,OPP00449,E0089,2024-01-18,9.0
ACT002233,Email,Opportunity,OPP00449,E0089,2024-02-28,
ACT002234,Call,Opportunity,OPP00449,E0089,2024-02-12,24.0
ACT002235,Meeting,Opportunity,OPP00450,E0096,2024-02-05,11.0
ACT002236,Email,Opportunity,OPP00450,E0096,2024-02-10,
ACT002237,Email,Opportunity,OPP00450,E0096,2024-03-18,
ACT002238,Meeting,Opportunity,OPP00450,E0096,2024-03-08,11.0
ACT002239,Call,Opportunity,OPP00451,E0009,2024-06-12,38.0
ACT002240,Email,Opportunity,OPP00451,E0009,2024-06-01,
ACT002241,Call,Opportunity,OPP00451,E0009,2024-05-19,17.0
ACT002242,Call,Opportunity,OPP00451,E0009,2024-06-09,35.0
ACT002243,Task,Opportunity,OPP00452,E0096,2024-12-07,
ACT002244,Task,Opportunity,OPP00452,E0096,2024-12-18,
ACT002245,Call,Opportunity,OPP00452,E0096,2024-11-29,12.0
ACT002246,Email,Opportunity,OPP00452,E0096,2024-12-19,
ACT002247,Call,Opportunity,OPP00452,E0096,2024-12-06,15.0
ACT002248,Call,Opportunity,OPP00453,E0099,2025-03-03,10.0
ACT002249,Meeting,Opportunity,OPP00453,E0099,2025-01-15,8.0
ACT002250,Meeting,Opportunity,OPP00453,E0099,2025-03-05,43.0
ACT002251,Email,Opportunity,OPP00453,E0099,2025-02-28,
ACT002252,Email,Opportunity,OPP00454,E0126,2024-10-25,
ACT002253,Email,Opportunity,OPP00454,E0126,2024-10-15,
ACT002254,Task,Opportunity,OPP00454,E0126,2024-09-30,
ACT002255,Call,Opportunity,OPP00454,E0126,2024-10-03,38.0
ACT002256,Call,Opportunity,OPP00454,E0126,2024-09-15,40.0
ACT002257,Email,Opportunity,OPP00454,E0126,2024-09-25,
ACT002258,Call,Opportunity,OPP00454,E0126,2024-10-04,25.0
ACT002259,Meeting,Opportunity,OPP00455,E0014,2025-10-14,43.0
ACT002260,Call,Opportunity,OPP00455,E0014,2025-11-27,10.0
ACT002261,Email,Opportunity,OPP00455,E0014,2025-11-01,
ACT002262,Task,Opportunity,OPP00455,E0014,2025-10-17,
ACT002263,Call,Opportunity,OPP00455,E0014,2025-11-22,28.0
ACT002264,Email,Opportunity,OPP00455,E0014,2025-11-07,
ACT002265,Call,Opportunity,OPP00455,E0014,2025-11-22,44.0
ACT002266,Meeting,Opportunity,OPP00455,E0014,2025-10-14,28.0
ACT002267,Call,Opportunity,OPP00456,E0009,2024-04-25,21.0
ACT002268,Email,Opportunity,OPP00456,E0009,2024-05-12,
ACT002269,Meeting,Opportunity,OPP00456,E0009,2024-07-15,9.0
ACT002270,Call,Opportunity,OPP00456,E0009,2024-04-06,17.0
ACT002271,Email,Opportunity,OPP00456,E0009,2024-05-04,
ACT002272,Email,Opportunity,OPP00457,E0018,2025-05-21,
ACT002273,Email,Opportunity,OPP00457,E0018,2025-05-20,
ACT002274,Email,Opportunity,OPP00457,E0018,2025-05-20,
ACT002275,Meeting,Opportunity,OPP00458,E0172,2024-11-03,33.0
ACT002276,Call,Opportunity,OPP00458,E0172,2024-12-06,31.0
ACT002277,Call,Opportunity,OPP00458,E0172,2024-11-11,15.0
ACT002278,Call,Opportunity,OPP00458,E0172,2024-12-05,34.0
ACT002279,Call,Opportunity,OPP00458,E0172,2024-12-09,21.0
ACT002280,Call,Opportunity,OPP00459,E0028,2024-02-21,5.0
ACT002281,Email,Opportunity,OPP00459,E0028,2024-02-22,
ACT002282,Email,Opportunity,OPP00459,E0028,2024-02-06,
ACT002283,Email,Opportunity,OPP00459,E0028,2024-02-06,
ACT002284,Call,Opportunity,OPP00459,E0028,2024-02-12,24.0
ACT002285,Meeting,Opportunity,OPP00460,E0009,2025-02-18,35.0
ACT002286,Email,Opportunity,OPP00460,E0009,2025-03-22,
ACT002287,Call,Opportunity,OPP00460,E0009,2025-01-27,25.0
ACT002288,Email,Opportunity,OPP00461,E0126,2025-02-20,
ACT002289,Email,Opportunity,OPP00461,E0126,2025-02-21,
ACT002290,Email,Opportunity,OPP00461,E0126,2025-01-19,
ACT002291,Meeting,Opportunity,OPP00461,E0126,2025-02-23,33.0
ACT002292,Email,Opportunity,OPP00461,E0126,2025-01-13,
ACT002293,Call,Opportunity,OPP00461,E0126,2025-02-13,44.0
ACT002294,Meeting,Opportunity,OPP00461,E0126,2025-01-26,40.0
ACT002295,Task,Opportunity,OPP00461,E0126,2025-02-11,
ACT002296,Email,Opportunity,OPP00462,E0122,2024-12-05,
ACT002297,Meeting,Opportunity,OPP00462,E0122,2024-12-23,22.0
ACT002298,Email,Opportunity,OPP00462,E0122,2024-12-11,
ACT002299,Call,Opportunity,OPP00462,E0122,2024-11-16,34.0
ACT002300,Meeting,Opportunity,OPP00462,E0122,2024-11-10,29.0
ACT002301,Email,Opportunity,OPP00462,E0122,2024-11-10,
ACT002302,Email,Opportunity,OPP00462,E0122,2024-11-18,
ACT002303,Task,Opportunity,OPP00463,E0096,2024-07-29,
ACT002304,Task,Opportunity,OPP00463,E0096,2024-08-16,
ACT002305,Meeting,Opportunity,OPP00463,E0096,2024-09-05,32.0
ACT002306,Email,Opportunity,OPP00463,E0096,2024-07-17,
ACT002307,Task,Opportunity,OPP00463,E0096,2024-07-09,
ACT002308,Call,Opportunity,OPP00463,E0096,2024-07-30,8.0
ACT002309,Email,Opportunity,OPP00463,E0096,2024-08-11,
ACT002310,Email,Opportunity,OPP00463,E0096,2024-08-24,
ACT002311,Email,Opportunity,OPP00464,E0009,2025-05-07,
ACT002312,Email,Opportunity,OPP00464,E0009,2025-05-13,
ACT002313,Call,Opportunity,OPP00464,E0009,2025-05-03,35.0
ACT002314,Task,Opportunity,OPP00464,E0009,2025-05-16,
ACT002315,Email,Opportunity,OPP00464,E0009,2025-05-29,
ACT002316,Email,Opportunity,OPP00465,E0009,2025-01-24,
ACT002317,Email,Opportunity,OPP00465,E0009,2025-01-23,
ACT002318,Call,Opportunity,OPP00465,E0009,2024-12-15,36.0
ACT002319,Call,Opportunity,OPP00465,E0009,2025-01-15,5.0
ACT002320,Email,Opportunity,OPP00465,E0009,2024-12-17,
ACT002321,Call,Opportunity,OPP00465,E0009,2024-12-21,16.0
ACT002322,Call,Opportunity,OPP00465,E0009,2024-12-25,16.0
ACT002323,Email,Opportunity,OPP00466,E0161,2025-10-16,
ACT002324,Call,Opportunity,OPP00466,E0161,2025-10-24,35.0
ACT002325,Email,Opportunity,OPP00467,E0032,2024-02-29,
ACT002326,Call,Opportunity,OPP00467,E0032,2024-02-29,32.0
ACT002327,Email,Opportunity,OPP00467,E0032,2024-02-16,
ACT002328,Email,Opportunity,OPP00467,E0032,2024-03-09,
ACT002329,Task,Opportunity,OPP00467,E0032,2024-02-11,
ACT002330,Email,Opportunity,OPP00467,E0032,2024-02-15,
ACT002331,Call,Opportunity,OPP00468,E0089,2024-08-31,20.0
ACT002332,Call,Opportunity,OPP00468,E0089,2024-09-05,42.0
ACT002333,Call,Opportunity,OPP00468,E0089,2024-09-08,7.0
ACT002334,Task,Opportunity,OPP00468,E0089,2024-08-29,
ACT002335,Task,Opportunity,OPP00468,E0089,2024-08-30,
ACT002336,Task,Opportunity,OPP00468,E0089,2024-09-12,
ACT002337,Email,Opportunity,OPP00468,E0089,2024-09-17,
ACT002338,Email,Opportunity,OPP00468,E0089,2024-09-12,
ACT002339,Call,Opportunity,OPP00469,E0100,2024-10-06,30.0
ACT002340,Call,Opportunity,OPP00469,E0100,2024-09-23,41.0
ACT002341,Call,Opportunity,OPP00469,E0100,2024-10-05,23.0
ACT002342,Call,Opportunity,OPP00469,E0100,2024-10-05,17.0
ACT002343,Email,Opportunity,OPP00469,E0100,2024-10-08,
ACT002344,Call,Opportunity,OPP00470,E0122,2025-03-29,42.0
ACT002345,Email,Opportunity,OPP00470,E0122,2025-03-05,
ACT002346,Meeting,Opportunity,OPP00471,E0057,2024-07-04,21.0
ACT002347,Email,Opportunity,OPP00471,E0057,2024-07-20,
ACT002348,Call,Opportunity,OPP00471,E0057,2024-06-28,16.0
ACT002349,Call,Opportunity,OPP00471,E0057,2024-08-02,38.0
ACT002350,Email,Opportunity,OPP00471,E0057,2024-07-22,
ACT002351,Email,Opportunity,OPP00472,E0028,2025-03-26,
ACT002352,Task,Opportunity,OPP00472,E0028,2024-12-10,
ACT002353,Call,Opportunity,OPP00472,E0028,2025-04-16,11.0
ACT002354,Call,Opportunity,OPP00472,E0028,2025-02-28,24.0
ACT002355,Meeting,Opportunity,OPP00472,E0028,2025-03-11,6.0
ACT002356,Email,Opportunity,OPP00472,E0028,2025-04-10,
ACT002357,Task,Opportunity,OPP00473,E0148,2025-07-14,
ACT002358,Meeting,Opportunity,OPP00473,E0148,2025-07-05,38.0
ACT002359,Call,Opportunity,OPP00473,E0148,2025-07-21,5.0
ACT002360,Email,Opportunity,OPP00473,E0148,2025-07-02,
ACT002361,Call,Opportunity,OPP00473,E0148,2025-06-28,29.0
ACT002362,Meeting,Opportunity,OPP00473,E0148,2025-07-18,10.0
ACT002363,Email,Opportunity,OPP00473,E0148,2025-07-23,
ACT002364,Email,Opportunity,OPP00474,E0148,2026-01-05,
ACT002365,Call,Opportunity,OPP00474,E0148,2026-01-12,10.0
ACT002366,Task,Opportunity,OPP00474,E0148,2026-01-09,
ACT002367,Call,Opportunity,OPP00474,E0148,2026-01-15,14.0
ACT002368,Email,Opportunity,OPP00475,E0052,2024-05-23,
ACT002369,Call,Opportunity,OPP00475,E0052,2024-05-04,5.0
ACT002370,Meeting,Opportunity,OPP00475,E0052,2024-06-01,16.0
ACT002371,Meeting,Opportunity,OPP00475,E0052,2024-05-04,18.0
ACT002372,Call,Opportunity,OPP00475,E0052,2024-05-29,7.0
ACT002373,Email,Opportunity,OPP00475,E0052,2024-06-04,
ACT002374,Task,Opportunity,OPP00475,E0052,2024-05-03,
ACT002375,Call,Opportunity,OPP00475,E0052,2024-06-10,13.0
ACT002376,Email,Opportunity,OPP00476,E0057,2024-07-09,
ACT002377,Meeting,Opportunity,OPP00476,E0057,2024-05-16,12.0
ACT002378,Meeting,Opportunity,OPP00476,E0057,2024-06-04,12.0
ACT002379,Call,Opportunity,OPP00476,E0057,2024-05-20,8.0
ACT002380,Call,Opportunity,OPP00477,E0057,2024-11-16,42.0
ACT002381,Meeting,Opportunity,OPP00477,E0057,2024-11-25,30.0
ACT002382,Meeting,Opportunity,OPP00477,E0057,2024-11-11,33.0
ACT002383,Email,Opportunity,OPP00478,E0148,2024-10-25,
ACT002384,Email,Opportunity,OPP00478,E0148,2024-10-12,
ACT002385,Email,Opportunity,OPP00478,E0148,2024-10-27,
ACT002386,Meeting,Opportunity,OPP00478,E0148,2024-10-16,19.0
ACT002387,Call,Opportunity,OPP00478,E0148,2024-10-13,25.0
ACT002388,Meeting,Opportunity,OPP00479,E0028,2025-03-11,42.0
ACT002389,Call,Opportunity,OPP00479,E0028,2025-03-25,30.0
ACT002390,Email,Opportunity,OPP00479,E0028,2025-02-28,
ACT002391,Email,Opportunity,OPP00479,E0028,2025-03-10,
ACT002392,Email,Opportunity,OPP00479,E0028,2025-02-22,
ACT002393,Call,Opportunity,OPP00479,E0028,2025-04-15,23.0
ACT002394,Task,Opportunity,OPP00479,E0028,2025-04-09,
ACT002395,Call,Opportunity,OPP00480,E0148,2025-02-15,27.0
ACT002396,Call,Opportunity,OPP00480,E0148,2025-03-19,11.0
ACT002397,Meeting,Opportunity,OPP00480,E0148,2025-03-16,44.0
ACT002398,Email,Opportunity,OPP00480,E0148,2025-02-13,
ACT002399,Email,Opportunity,OPP00481,E0052,2025-03-25,
ACT002400,Email,Opportunity,OPP00481,E0052,2025-02-21,
ACT002401,Email,Opportunity,OPP00481,E0052,2025-03-07,
ACT002402,Call,Opportunity,OPP00481,E0052,2025-03-03,32.0
ACT002403,Meeting,Opportunity,OPP00482,E0028,2025-03-21,26.0
ACT002404,Email,Opportunity,OPP00482,E0028,2025-03-02,
ACT002405,Call,Opportunity,OPP00482,E0028,2025-03-07,29.0
ACT002406,Meeting,Opportunity,OPP00482,E0028,2025-03-27,9.0
ACT002407,Task,Opportunity,OPP00482,E0028,2025-03-26,
ACT002408,Email,Opportunity,OPP00483,E0028,2025-08-27,
ACT002409,Call,Opportunity,OPP00483,E0028,2025-08-03,37.0
ACT002410,Call,Opportunity,OPP00483,E0028,2025-09-14,12.0
ACT002411,Meeting,Opportunity,OPP00484,E0057,2024-12-18,15.0
ACT002412,Call,Opportunity,OPP00484,E0057,2024-09-23,41.0
ACT002413,Call,Opportunity,OPP00484,E0057,2024-12-10,14.0
ACT002414,Call,Opportunity,OPP00484,E0057,2024-10-08,18.0
ACT002415,Call,Opportunity,OPP00484,E0057,2024-10-10,25.0
ACT002416,Email,Opportunity,OPP00484,E0057,2024-12-09,
ACT002417,Task,Opportunity,OPP00485,E0100,2024-10-22,
ACT002418,Email,Opportunity,OPP00485,E0100,2024-10-28,
ACT002419,Email,Opportunity,OPP00485,E0100,2024-10-10,
ACT002420,Email,Opportunity,OPP00485,E0100,2024-10-23,
ACT002421,Email,Opportunity,OPP00485,E0100,2024-10-19,
ACT002422,Task,Opportunity,OPP00485,E0100,2024-10-22,
ACT002423,Email,Opportunity,OPP00485,E0100,2024-10-30,
ACT002424,Email,Opportunity,OPP00485,E0100,2024-10-24,
ACT002425,Task,Opportunity,OPP00486,E0089,2025-07-05,
ACT002426,Call,Opportunity,OPP00486,E0089,2025-07-13,40.0
ACT002427,Call,Opportunity,OPP00486,E0089,2025-06-25,32.0
ACT002428,Email,Opportunity,OPP00486,E0089,2025-07-02,
ACT002429,Call,Opportunity,OPP00486,E0089,2025-06-23,5.0
ACT002430,Email,Opportunity,OPP00486,E0089,2025-07-18,
ACT002431,Call,Opportunity,OPP00486,E0089,2025-06-18,24.0
ACT002432,Meeting,Opportunity,OPP00487,E0100,2024-05-07,41.0
ACT002433,Meeting,Opportunity,OPP00487,E0100,2024-04-20,40.0
ACT002434,Call,Opportunity,OPP00488,E0100,2025-12-13,31.0
ACT002435,Email,Opportunity,OPP00488,E0100,2025-12-10,
ACT002436,Email,Opportunity,OPP00488,E0100,2025-12-11,
ACT002437,Email,Opportunity,OPP00489,E0018,2024-07-14,
ACT002438,Email,Opportunity,OPP00489,E0018,2024-06-08,
ACT002439,Meeting,Opportunity,OPP00490,E0028,2025-07-29,16.0
ACT002440,Email,Opportunity,OPP00490,E0028,2025-07-29,
ACT002441,Email,Opportunity,OPP00490,E0028,2025-09-07,
ACT002442,Email,Opportunity,OPP00491,E0161,2024-07-20,
ACT002443,Email,Opportunity,OPP00491,E0161,2024-07-23,
ACT002444,Meeting,Opportunity,OPP00491,E0161,2024-07-16,16.0
ACT002445,Meeting,Opportunity,OPP00491,E0161,2024-07-27,36.0
ACT002446,Call,Opportunity,OPP00491,E0161,2024-07-22,43.0
ACT002447,Meeting,Opportunity,OPP00491,E0161,2024-07-31,21.0
ACT002448,Call,Opportunity,OPP00491,E0161,2024-08-04,28.0
ACT002449,Email,Opportunity,OPP00491,E0161,2024-07-10,
ACT002450,Email,Opportunity,OPP00492,E0052,2025-11-05,
ACT002451,Email,Opportunity,OPP00492,E0052,2025-11-17,
ACT002452,Email,Opportunity,OPP00492,E0052,2025-11-21,
ACT002453,Meeting,Opportunity,OPP00493,E0028,2025-08-08,30.0
ACT002454,Email,Opportunity,OPP00493,E0028,2025-07-31,
ACT002455,Meeting,Opportunity,OPP00494,E0172,2025-05-22,13.0
ACT002456,Email,Opportunity,OPP00494,E0172,2025-05-07,
ACT002457,Call,Opportunity,OPP00495,E0099,2025-04-22,12.0
ACT002458,Meeting,Opportunity,OPP00495,E0099,2025-03-03,9.0
ACT002459,Email,Opportunity,OPP00495,E0099,2025-02-17,
ACT002460,Call,Opportunity,OPP00495,E0099,2025-03-11,10.0
ACT002461,Call,Opportunity,OPP00495,E0099,2024-12-24,40.0
ACT002462,Call,Opportunity,OPP00495,E0099,2024-12-20,16.0
ACT002463,Email,Opportunity,OPP00495,E0099,2025-03-17,
ACT002464,Call,Opportunity,OPP00495,E0099,2024-12-30,31.0
ACT002465,Email,Opportunity,OPP00496,E0100,2025-09-10,
ACT002466,Call,Opportunity,OPP00496,E0100,2025-09-12,31.0
ACT002467,Email,Opportunity,OPP00496,E0100,2025-09-13,
ACT002468,Call,Opportunity,OPP00496,E0100,2025-09-10,14.0
ACT002469,Call,Opportunity,OPP00496,E0100,2025-09-09,38.0
ACT002470,Meeting,Opportunity,OPP00496,E0100,2025-09-19,23.0
ACT002471,Email,Opportunity,OPP00496,E0100,2025-09-07,
ACT002472,Call,Opportunity,OPP00496,E0100,2025-09-08,29.0
ACT002473,Call,Opportunity,OPP00497,E0057,2025-11-02,40.0
ACT002474,Email,Opportunity,OPP00497,E0057,2025-12-09,
ACT002475,Email,Opportunity,OPP00497,E0057,2025-10-11,
ACT002476,Meeting,Opportunity,OPP00497,E0057,2025-12-19,36.0
ACT002477,Call,Opportunity,OPP00497,E0057,2025-10-07,5.0
ACT002478,Call,Opportunity,OPP00497,E0057,2025-10-11,22.0
ACT002479,Call,Opportunity,OPP00498,E0148,2025-04-03,19.0
ACT002480,Call,Opportunity,OPP00498,E0148,2025-04-01,39.0
ACT002481,Call,Opportunity,OPP00498,E0148,2025-03-29,8.0
ACT002482,Task,Opportunity,OPP00498,E0148,2025-03-24,
ACT002483,Meeting,Opportunity,OPP00498,E0148,2025-04-05,16.0
ACT002484,Call,Opportunity,OPP00498,E0148,2025-03-23,31.0
ACT002485,Task,Opportunity,OPP00499,E0096,2025-03-14,
ACT002486,Meeting,Opportunity,OPP00499,E0096,2025-05-31,12.0
ACT002487,Email,Opportunity,OPP00499,E0096,2025-03-13,
ACT002488,Meeting,Opportunity,OPP00499,E0096,2025-03-22,44.0
ACT002489,Email,Opportunity,OPP00499,E0096,2025-04-13,
ACT002490,Email,Opportunity,OPP00499,E0096,2025-05-30,
ACT002491,Email,Opportunity,OPP00499,E0096,2025-05-04,
ACT002492,Email,Opportunity,OPP00500,E0119,2025-07-02,
ACT002493,Email,Opportunity,OPP00500,E0119,2025-05-23,
ACT002494,Call,Opportunity,OPP00500,E0119,2025-09-08,24.0
ACT002495,Email,Opportunity,OPP00501,E0122,2025-10-11,
ACT002496,Call,Opportunity,OPP00501,E0122,2025-10-02,9.0
ACT002497,Call,Opportunity,OPP00502,E0148,2025-03-14,43.0
ACT002498,Call,Opportunity,OPP00502,E0148,2025-03-06,36.0
ACT002499,Email,Opportunity,OPP00502,E0148,2025-03-14,
ACT002500,Call,Opportunity,OPP00502,E0148,2025-02-16,39.0
ACT002501,Call,Opportunity,OPP00502,E0148,2025-02-10,25.0
ACT002502,Email,Opportunity,OPP00502,E0148,2025-03-05,
ACT002503,Meeting,Opportunity,OPP00503,E0122,2024-02-14,23.0
ACT002504,Email,Opportunity,OPP00503,E0122,2024-02-27,
ACT002505,Task,Opportunity,OPP00503,E0122,2024-02-11,
ACT002506,Call,Opportunity,OPP00503,E0122,2024-02-22,40.0
ACT002507,Email,Opportunity,OPP00503,E0122,2024-02-28,
ACT002508,Call,Opportunity,OPP00503,E0122,2024-02-10,26.0
ACT002509,Email,Opportunity,OPP00503,E0122,2024-02-10,
ACT002510,Call,Opportunity,OPP00503,E0122,2024-01-30,20.0
ACT002511,Call,Opportunity,OPP00504,E0032,2024-07-01,10.0
ACT002512,Call,Opportunity,OPP00504,E0032,2024-07-13,31.0
ACT002513,Email,Opportunity,OPP00504,E0032,2024-06-15,
ACT002514,Meeting,Opportunity,OPP00504,E0032,2024-06-12,24.0
ACT002515,Meeting,Opportunity,OPP00504,E0032,2024-06-30,22.0
ACT002516,Call,Opportunity,OPP00504,E0032,2024-06-10,25.0
ACT002517,Email,Opportunity,OPP00504,E0032,2024-07-20,
ACT002518,Call,Opportunity,OPP00504,E0032,2024-06-20,25.0
ACT002519,Call,Opportunity,OPP00505,E0085,2025-11-28,38.0
ACT002520,Task,Opportunity,OPP00505,E0085,2025-11-22,
ACT002521,Meeting,Opportunity,OPP00505,E0085,2025-11-19,15.0
ACT002522,Call,Opportunity,OPP00505,E0085,2025-12-02,33.0
ACT002523,Email,Opportunity,OPP00506,E0163,2024-05-23,
ACT002524,Email,Opportunity,OPP00506,E0163,2024-05-02,
ACT002525,Call,Opportunity,OPP00506,E0163,2024-04-20,11.0
ACT002526,Email,Opportunity,OPP00506,E0163,2024-05-23,
ACT002527,Email,Opportunity,OPP00506,E0163,2024-05-23,
ACT002528,Email,Opportunity,OPP00506,E0163,2024-04-21,
ACT002529,Task,Opportunity,OPP00506,E0163,2024-04-20,
ACT002530,Call,Opportunity,OPP00506,E0163,2024-04-16,28.0
ACT002531,Call,Opportunity,OPP00507,E0163,2024-07-13,9.0
ACT002532,Email,Opportunity,OPP00507,E0163,2024-07-23,
ACT002533,Call,Opportunity,OPP00507,E0163,2024-06-29,7.0
ACT002534,Task,Opportunity,OPP00507,E0163,2024-07-06,
ACT002535,Call,Opportunity,OPP00507,E0163,2024-06-22,20.0
ACT002536,Email,Opportunity,OPP00508,E0059,2025-05-01,
ACT002537,Email,Opportunity,OPP00508,E0059,2025-05-09,
ACT002538,Meeting,Opportunity,OPP00509,E0085,2024-06-23,12.0
ACT002539,Call,Opportunity,OPP00509,E0085,2024-09-13,12.0
ACT002540,Meeting,Opportunity,OPP00509,E0085,2024-09-16,13.0
ACT002541,Email,Opportunity,OPP00509,E0085,2024-08-22,
ACT002542,Email,Opportunity,OPP00509,E0085,2024-11-06,
ACT002543,Email,Opportunity,OPP00509,E0085,2024-09-01,
ACT002544,Call,Opportunity,OPP00509,E0085,2024-09-17,12.0
ACT002545,Email,Opportunity,OPP00509,E0085,2024-10-30,
ACT002546,Meeting,Opportunity,OPP00510,E0014,2026-01-07,15.0
ACT002547,Call,Opportunity,OPP00510,E0014,2025-12-27,43.0
ACT002548,Call,Opportunity,OPP00510,E0014,2026-01-01,43.0
ACT002549,Email,Opportunity,OPP00510,E0014,2025-12-30,
ACT002550,Call,Opportunity,OPP00510,E0014,2026-01-02,44.0
ACT002551,Email,Opportunity,OPP00510,E0014,2025-12-30,
ACT002552,Task,Opportunity,OPP00510,E0014,2026-01-02,
ACT002553,Call,Opportunity,OPP00510,E0014,2026-01-06,12.0
ACT002554,Call,Opportunity,OPP00511,E0119,2025-11-01,16.0
ACT002555,Email,Opportunity,OPP00511,E0119,2025-11-06,
ACT002556,Call,Opportunity,OPP00511,E0119,2025-11-13,38.0
ACT002557,Call,Opportunity,OPP00511,E0119,2025-10-23,7.0
ACT002558,Email,Opportunity,OPP00512,E0163,2024-06-30,
ACT002559,Meeting,Opportunity,OPP00512,E0163,2024-07-13,18.0
ACT002560,Meeting,Opportunity,OPP00512,E0163,2024-07-07,14.0
ACT002561,Email,Opportunity,OPP00513,E0014,2024-08-19,
ACT002562,Call,Opportunity,OPP00513,E0014,2024-09-04,17.0
ACT002563,Call,Opportunity,OPP00513,E0014,2024-08-09,23.0
ACT002564,Call,Opportunity,OPP00513,E0014,2024-08-23,12.0
ACT002565,Meeting,Opportunity,OPP00514,E0163,2024-10-22,20.0
ACT002566,Meeting,Opportunity,OPP00514,E0163,2024-09-12,5.0
ACT002567,Call,Opportunity,OPP00514,E0163,2024-10-09,30.0
ACT002568,Call,Opportunity,OPP00514,E0163,2024-10-16,32.0
ACT002569,Call,Opportunity,OPP00514,E0163,2024-09-27,33.0
ACT002570,Meeting,Opportunity,OPP00515,E0173,2025-12-15,10.0
ACT002571,Email,Opportunity,OPP00515,E0173,2025-12-18,
ACT002572,Call,Opportunity,OPP00515,E0173,2025-12-22,42.0
ACT002573,Email,Opportunity,OPP00515,E0173,2025-12-28,
ACT002574,Call,Opportunity,OPP00515,E0173,2025-12-28,28.0
ACT002575,Call,Opportunity,OPP00515,E0173,2025-12-18,9.0
ACT002576,Call,Opportunity,OPP00516,E0057,2024-08-23,35.0
ACT002577,Call,Opportunity,OPP00516,E0057,2024-08-24,10.0
ACT002578,Email,Opportunity,OPP00517,E0126,2024-09-04,
ACT002579,Call,Opportunity,OPP00517,E0126,2024-09-03,6.0
ACT002580,Task,Opportunity,OPP00517,E0126,2024-10-01,
ACT002581,Meeting,Opportunity,OPP00517,E0126,2024-09-09,26.0
ACT002582,Meeting,Opportunity,OPP00518,E0009,2025-01-03,9.0
ACT002583,Call,Opportunity,OPP00518,E0009,2024-12-09,8.0
ACT002584,Call,Opportunity,OPP00518,E0009,2024-12-08,44.0
ACT002585,Email,Opportunity,OPP00519,E0099,2024-09-16,
ACT002586,Call,Opportunity,OPP00519,E0099,2024-08-26,44.0
ACT002587,Meeting,Opportunity,OPP00519,E0099,2024-09-08,8.0
ACT002588,Email,Opportunity,OPP00519,E0099,2024-08-19,
ACT002589,Meeting,Opportunity,OPP00519,E0099,2024-08-15,33.0
ACT002590,Task,Opportunity,OPP00520,E0173,2024-05-02,
ACT002591,Call,Opportunity,OPP00520,E0173,2024-04-04,38.0
ACT002592,Call,Opportunity,OPP00520,E0173,2024-04-01,21.0
ACT002593,Meeting,Opportunity,OPP00520,E0173,2024-05-01,27.0
ACT002594,Email,Opportunity,OPP00520,E0173,2024-04-13,
ACT002595,Email,Opportunity,OPP00520,E0173,2024-04-14,
ACT002596,Email,Opportunity,OPP00520,E0173,2024-04-07,
ACT002597,Call,Opportunity,OPP00521,E0096,2024-09-10,18.0
ACT002598,Call,Opportunity,OPP00521,E0096,2024-10-16,31.0
ACT002599,Meeting,Opportunity,OPP00521,E0096,2024-10-01,5.0
ACT002600,Call,Opportunity,OPP00521,E0096,2024-09-22,35.0
ACT002601,Email,Opportunity,OPP00521,E0096,2024-10-04,
ACT002602,Call,Opportunity,OPP00521,E0096,2024-09-26,6.0
ACT002603,Call,Opportunity,OPP00521,E0096,2024-10-12,27.0
ACT002604,Email,Opportunity,OPP00522,E0059,2025-07-25,
ACT002605,Email,Opportunity,OPP00522,E0059,2025-07-19,
ACT002606,Call,Opportunity,OPP00522,E0059,2025-07-16,39.0
ACT002607,Call,Opportunity,OPP00522,E0059,2025-07-25,35.0
ACT002608,Call,Opportunity,OPP00523,E0100,2026-01-14,41.0
ACT002609,Task,Opportunity,OPP00523,E0100,2026-01-10,
ACT002610,Task,Opportunity,OPP00523,E0100,2026-01-16,
ACT002611,Call,Opportunity,OPP00523,E0100,2026-01-05,9.0
ACT002612,Call,Opportunity,OPP00523,E0100,2025-12-26,15.0
ACT002613,Email,Opportunity,OPP00524,E0100,2025-07-11,
ACT002614,Call,Opportunity,OPP00524,E0100,2025-08-02,20.0
ACT002615,Task,Opportunity,OPP00524,E0100,2025-07-16,
ACT002616,Email,Opportunity,OPP00524,E0100,2025-07-30,
ACT002617,Email,Opportunity,OPP00525,E0018,2024-05-29,
ACT002618,Email,Opportunity,OPP00525,E0018,2024-05-12,
ACT002619,Call,Opportunity,OPP00525,E0018,2024-05-09,44.0
ACT002620,Email,Opportunity,OPP00525,E0018,2024-05-10,
ACT002621,Email,Opportunity,OPP00525,E0018,2024-05-02,
ACT002622,Task,Opportunity,OPP00526,E0018,2025-12-04,
ACT002623,Call,Opportunity,OPP00526,E0018,2025-11-20,28.0
ACT002624,Email,Opportunity,OPP00527,E0172,2025-10-30,
ACT002625,Email,Opportunity,OPP00527,E0172,2025-10-13,
ACT002626,Meeting,Opportunity,OPP00527,E0172,2025-10-15,29.0
ACT002627,Email,Opportunity,OPP00528,E0100,2025-09-14,
ACT002628,Call,Opportunity,OPP00528,E0100,2025-10-05,36.0
ACT002629,Call,Opportunity,OPP00528,E0100,2025-10-02,19.0
ACT002630,Call,Opportunity,OPP00528,E0100,2025-09-20,34.0
ACT002631,Call,Opportunity,OPP00528,E0100,2025-10-02,34.0
ACT002632,Task,Opportunity,OPP00528,E0100,2025-10-12,
ACT002633,Email,Opportunity,OPP00528,E0100,2025-10-03,
ACT002634,Call,Opportunity,OPP00529,E0163,2024-09-19,38.0
ACT002635,Task,Opportunity,OPP00529,E0163,2024-11-10,
ACT002636,Call,Opportunity,OPP00529,E0163,2024-09-01,33.0
ACT002637,Call,Opportunity,OPP00530,E0100,2024-11-03,33.0
ACT002638,Task,Opportunity,OPP00530,E0100,2024-11-06,
ACT002639,Call,Opportunity,OPP00530,E0100,2024-09-20,9.0
ACT002640,Email,Opportunity,OPP00530,E0100,2024-10-17,
ACT002641,Call,Opportunity,OPP00530,E0100,2024-09-17,33.0
ACT002642,Call,Opportunity,OPP00530,E0100,2024-10-18,11.0
ACT002643,Call,Opportunity,OPP00531,E0052,2025-09-23,15.0
ACT002644,Call,Opportunity,OPP00531,E0052,2025-09-12,13.0
ACT002645,Task,Opportunity,OPP00531,E0052,2025-09-19,
ACT002646,Meeting,Opportunity,OPP00531,E0052,2025-10-31,11.0
ACT002647,Call,Opportunity,OPP00531,E0052,2025-10-31,43.0
ACT002648,Email,Opportunity,OPP00531,E0052,2025-09-10,
ACT002649,Meeting,Opportunity,OPP00531,E0052,2025-10-09,20.0
ACT002650,Task,Opportunity,OPP00531,E0052,2025-10-28,
ACT002651,Meeting,Opportunity,OPP00532,E0099,2025-03-03,36.0
ACT002652,Email,Opportunity,OPP00532,E0099,2025-03-04,
ACT002653,Task,Opportunity,OPP00533,E0018,2024-04-13,
ACT002654,Task,Opportunity,OPP00533,E0018,2024-07-09,
ACT002655,Email,Opportunity,OPP00533,E0018,2024-07-18,
ACT002656,Call,Opportunity,OPP00533,E0018,2024-06-13,27.0
ACT002657,Meeting,Opportunity,OPP00533,E0018,2024-05-21,37.0
ACT002658,Email,Opportunity,OPP00534,E0126,2025-12-13,
ACT002659,Task,Opportunity,OPP00534,E0126,2025-11-28,
ACT002660,Email,Opportunity,OPP00534,E0126,2025-12-03,
ACT002661,Call,Opportunity,OPP00534,E0126,2025-12-05,16.0
ACT002662,Meeting,Opportunity,OPP00534,E0126,2025-12-10,38.0
ACT002663,Meeting,Opportunity,OPP00534,E0126,2025-11-27,21.0
ACT002664,Email,Opportunity,OPP00535,E0096,2025-06-13,
ACT002665,Task,Opportunity,OPP00535,E0096,2025-07-06,
ACT002666,Email,Opportunity,OPP00535,E0096,2025-06-18,
ACT002667,Call,Opportunity,OPP00536,E0089,2025-12-13,18.0
ACT002668,Call,Opportunity,OPP00536,E0089,2025-11-17,17.0
ACT002669,Call,Opportunity,OPP00536,E0089,2025-11-21,13.0
ACT002670,Task,Opportunity,OPP00536,E0089,2025-11-22,
ACT002671,Meeting,Opportunity,OPP00536,E0089,2025-11-27,43.0
ACT002672,Call,Opportunity,OPP00537,E0122,2025-04-21,34.0
ACT002673,Email,Opportunity,OPP00537,E0122,2025-03-23,
ACT002674,Meeting,Opportunity,OPP00538,E0122,2025-03-25,6.0
ACT002675,Call,Opportunity,OPP00538,E0122,2025-05-01,22.0
ACT002676,Email,Opportunity,OPP00538,E0122,2025-07-04,
ACT002677,Task,Opportunity,OPP00538,E0122,2025-04-01,
ACT002678,Email,Opportunity,OPP00538,E0122,2025-06-05,
ACT002679,Email,Opportunity,OPP00538,E0122,2025-06-04,
ACT002680,Call,Opportunity,OPP00538,E0122,2025-04-26,10.0
ACT002681,Call,Opportunity,OPP00539,E0161,2024-10-16,5.0
ACT002682,Call,Opportunity,OPP00539,E0161,2024-10-16,39.0
ACT002683,Task,Opportunity,OPP00539,E0161,2024-10-05,
ACT002684,Meeting,Opportunity,OPP00539,E0161,2024-10-03,29.0
ACT002685,Email,Opportunity,OPP00539,E0161,2024-10-06,
ACT002686,Email,Opportunity,OPP00539,E0161,2024-10-17,
ACT002687,Email,Opportunity,OPP00540,E0119,2024-04-23,
ACT002688,Email,Opportunity,OPP00540,E0119,2024-06-16,
ACT002689,Call,Opportunity,OPP00540,E0119,2024-04-11,31.0
ACT002690,Call,Opportunity,OPP00540,E0119,2024-05-30,35.0
ACT002691,Email,Opportunity,OPP00540,E0119,2024-04-29,
ACT002692,Call,Opportunity,OPP00540,E0119,2024-04-12,25.0
ACT002693,Meeting,Opportunity,OPP00540,E0119,2024-07-01,16.0
ACT002694,Meeting,Opportunity,OPP00540,E0119,2024-05-13,10.0
ACT002695,Call,Opportunity,OPP00541,E0089,2025-12-07,19.0
ACT002696,Email,Opportunity,OPP00541,E0089,2025-12-15,
ACT002697,Call,Opportunity,OPP00541,E0089,2025-12-04,12.0
ACT002698,Call,Opportunity,OPP00541,E0089,2025-12-11,16.0
ACT002699,Call,Opportunity,OPP00541,E0089,2025-12-22,26.0
ACT002700,Call,Opportunity,OPP00541,E0089,2025-12-24,29.0
ACT002701,Task,Opportunity,OPP00542,E0173,2025-11-18,
ACT002702,Task,Opportunity,OPP00542,E0173,2025-11-03,
ACT002703,Meeting,Opportunity,OPP00542,E0173,2025-09-25,42.0
ACT002704,Meeting,Opportunity,OPP00542,E0173,2025-10-06,44.0
ACT002705,Email,Opportunity,OPP00542,E0173,2025-10-06,
ACT002706,Email,Opportunity,OPP00542,E0173,2025-10-10,
ACT002707,Meeting,Opportunity,OPP00542,E0173,2025-11-03,5.0
ACT002708,Meeting,Opportunity,OPP00543,E0100,2025-05-10,34.0
ACT002709,Email,Opportunity,OPP00543,E0100,2025-05-16,
ACT002710,Call,Opportunity,OPP00543,E0100,2025-05-11,29.0
ACT002711,Task,Opportunity,OPP00543,E0100,2025-05-13,
ACT002712,Call,Opportunity,OPP00543,E0100,2025-05-08,41.0
ACT002713,Task,Opportunity,OPP00543,E0100,2025-05-02,
ACT002714,Call,Opportunity,OPP00543,E0100,2025-04-29,5.0
ACT002715,Email,Opportunity,OPP00543,E0100,2025-05-14,
ACT002716,Call,Opportunity,OPP00544,E0126,2024-03-07,20.0
ACT002717,Call,Opportunity,OPP00544,E0126,2024-06-21,26.0
ACT002718,Call,Opportunity,OPP00544,E0126,2024-06-23,33.0
ACT002719,Email,Opportunity,OPP00544,E0126,2024-04-20,
ACT002720,Email,Opportunity,OPP00545,E0059,2024-02-07,
ACT002721,Email,Opportunity,OPP00545,E0059,2024-01-30,
ACT002722,Email,Opportunity,OPP00545,E0059,2024-03-22,
ACT002723,Call,Opportunity,OPP00545,E0059,2024-03-05,9.0
ACT002724,Meeting,Opportunity,OPP00545,E0059,2024-03-01,12.0
ACT002725,Email,Opportunity,OPP00546,E0161,2024-06-12,
ACT002726,Call,Opportunity,OPP00546,E0161,2024-06-17,21.0
ACT002727,Meeting,Opportunity,OPP00546,E0161,2024-06-02,13.0
ACT002728,Email,Opportunity,OPP00546,E0161,2024-06-22,
ACT002729,Call,Opportunity,OPP00546,E0161,2024-06-25,17.0
ACT002730,Call,Opportunity,OPP00546,E0161,2024-06-10,30.0
ACT002731,Call,Opportunity,OPP00547,E0028,2024-09-15,34.0
ACT002732,Email,Opportunity,OPP00547,E0028,2024-08-15,
ACT002733,Meeting,Opportunity,OPP00547,E0028,2024-07-04,37.0
ACT002734,Email,Opportunity,OPP00547,E0028,2024-06-18,
ACT002735,Meeting,Opportunity,OPP00547,E0028,2024-08-23,6.0
ACT002736,Email,Opportunity,OPP00548,E0057,2025-12-28,
ACT002737,Email,Opportunity,OPP00548,E0057,2026-01-05,
ACT002738,Meeting,Opportunity,OPP00548,E0057,2026-01-21,18.0
ACT002739,Task,Opportunity,OPP00548,E0057,2026-01-17,
ACT002740,Call,Opportunity,OPP00548,E0057,2026-01-21,44.0
ACT002741,Call,Opportunity,OPP00548,E0057,2026-01-11,23.0
ACT002742,Call,Opportunity,OPP00548,E0057,2025-12-27,31.0
ACT002743,Email,Opportunity,OPP00548,E0057,2025-12-30,
ACT002744,Call,Opportunity,OPP00549,E0028,2024-06-13,20.0
ACT002745,Task,Opportunity,OPP00549,E0028,2024-05-16,
ACT002746,Email,Opportunity,OPP00549,E0028,2024-05-20,
ACT002747,Call,Opportunity,OPP00549,E0028,2024-04-29,7.0
ACT002748,Email,Opportunity,OPP00550,E0096,2025-03-09,
ACT002749,Call,Opportunity,OPP00550,E0096,2025-02-10,36.0
ACT002750,Call,Opportunity,OPP00551,E0032,2024-10-10,21.0
ACT002751,Call,Opportunity,OPP00551,E0032,2024-10-12,10.0
ACT002752,Email,Opportunity,OPP00551,E0032,2024-10-06,
ACT002753,Task,Opportunity,OPP00551,E0032,2024-10-27,
ACT002754,Call,Opportunity,OPP00551,E0032,2024-11-02,38.0
ACT002755,Call,Opportunity,OPP00552,E0100,2025-06-13,16.0
ACT002756,Meeting,Opportunity,OPP00552,E0100,2025-06-09,36.0
ACT002757,Email,Opportunity,OPP00552,E0100,2025-06-23,
ACT002758,Meeting,Opportunity,OPP00553,E0014,2025-03-28,7.0
ACT002759,Meeting,Opportunity,OPP00553,E0014,2025-05-15,25.0
ACT002760,Email,Opportunity,OPP00553,E0014,2025-05-01,
ACT002761,Call,Opportunity,OPP00553,E0014,2025-05-10,12.0
ACT002762,Email,Opportunity,OPP00553,E0014,2025-06-01,
ACT002763,Call,Opportunity,OPP00554,E0014,2024-07-19,37.0
ACT002764,Email,Opportunity,OPP00554,E0014,2024-07-10,
ACT002765,Call,Opportunity,OPP00554,E0014,2024-07-19,38.0
ACT002766,Call,Opportunity,OPP00554,E0014,2024-07-05,13.0
ACT002767,Meeting,Opportunity,OPP00554,E0014,2024-07-19,33.0
ACT002768,Call,Opportunity,OPP00554,E0014,2024-06-10,7.0
ACT002769,Call,Opportunity,OPP00555,E0085,2025-07-20,9.0
ACT002770,Meeting,Opportunity,OPP00555,E0085,2025-07-03,41.0
ACT002771,Call,Opportunity,OPP00555,E0085,2025-07-01,36.0
ACT002772,Task,Opportunity,OPP00555,E0085,2025-06-22,
ACT002773,Email,Opportunity,OPP00556,E0014,2024-05-24,
ACT002774,Call,Opportunity,OPP00556,E0014,2024-05-22,21.0
ACT002775,Call,Opportunity,OPP00556,E0014,2024-05-24,6.0
ACT002776,Task,Opportunity,OPP00556,E0014,2024-05-28,
ACT002777,Email,Opportunity,OPP00556,E0014,2024-05-22,
ACT002778,Task,Opportunity,OPP00556,E0014,2024-05-22,
ACT002779,Call,Opportunity,OPP00556,E0014,2024-05-31,15.0
ACT002780,Call,Opportunity,OPP00556,E0014,2024-06-03,37.0
ACT002781,Call,Opportunity,OPP00557,E0089,2025-08-11,21.0
ACT002782,Call,Opportunity,OPP00557,E0089,2025-08-14,15.0
ACT002783,Meeting,Opportunity,OPP00557,E0089,2025-07-15,39.0
ACT002784,Call,Opportunity,OPP00557,E0089,2025-07-28,43.0
ACT002785,Email,Opportunity,OPP00557,E0089,2025-07-31,
ACT002786,Email,Opportunity,OPP00557,E0089,2025-07-14,
ACT002787,Meeting,Opportunity,OPP00557,E0089,2025-08-19,17.0
ACT002788,Call,Opportunity,OPP00558,E0057,2025-07-14,19.0
ACT002789,Email,Opportunity,OPP00558,E0057,2025-08-08,
ACT002790,Call,Opportunity,OPP00558,E0057,2025-08-02,7.0
ACT002791,Meeting,Opportunity,OPP00558,E0057,2025-08-22,29.0
ACT002792,Email,Opportunity,OPP00558,E0057,2025-07-23,
ACT002793,Task,Opportunity,OPP00558,E0057,2025-05-31,
ACT002794,Email,Opportunity,OPP00558,E0057,2025-05-12,
ACT002795,Email,Opportunity,OPP00559,E0161,2025-08-11,
ACT002796,Email,Opportunity,OPP00559,E0161,2025-07-18,
ACT002797,Meeting,Opportunity,OPP00559,E0161,2025-11-19,18.0
ACT002798,Call,Opportunity,OPP00560,E0161,2024-09-21,17.0
ACT002799,Call,Opportunity,OPP00560,E0161,2024-09-28,37.0
ACT002800,Meeting,Opportunity,OPP00560,E0161,2024-09-17,9.0
ACT002801,Email,Opportunity,OPP00560,E0161,2024-09-22,
ACT002802,Call,Opportunity,OPP00560,E0161,2024-09-12,42.0
ACT002803,Email,Opportunity,OPP00560,E0161,2024-09-30,
ACT002804,Call,Opportunity,OPP00560,E0161,2024-09-18,9.0
ACT002805,Meeting,Opportunity,OPP00561,E0126,2025-09-12,29.0
ACT002806,Email,Opportunity,OPP00561,E0126,2025-09-18,
ACT002807,Email,Opportunity,OPP00561,E0126,2025-09-10,
ACT002808,Meeting,Opportunity,OPP00561,E0126,2025-09-19,39.0
ACT002809,Call,Opportunity,OPP00561,E0126,2025-09-19,24.0
ACT002810,Call,Opportunity,OPP00561,E0126,2025-09-08,39.0
ACT002811,Meeting,Opportunity,OPP00561,E0126,2025-09-21,43.0
ACT002812,Call,Opportunity,OPP00562,E0172,2025-09-26,10.0
ACT002813,Meeting,Opportunity,OPP00562,E0172,2025-09-22,41.0
ACT002814,Call,Opportunity,OPP00562,E0172,2025-09-12,41.0
ACT002815,Email,Opportunity,OPP00562,E0172,2025-09-20,
ACT002816,Email,Opportunity,OPP00562,E0172,2025-09-23,
ACT002817,Meeting,Opportunity,OPP00562,E0172,2025-10-03,13.0
ACT002818,Call,Opportunity,OPP00562,E0172,2025-09-20,15.0
ACT002819,Meeting,Opportunity,OPP00562,E0172,2025-09-04,35.0
ACT002820,Meeting,Opportunity,OPP00563,E0085,2026-01-04,42.0
ACT002821,Email,Opportunity,OPP00563,E0085,2026-01-12,
ACT002822,Email,Opportunity,OPP00563,E0085,2026-01-06,
ACT002823,Call,Opportunity,OPP00563,E0085,2026-01-12,39.0
ACT002824,Email,Opportunity,OPP00564,E0009,2025-08-29,
ACT002825,Task,Opportunity,OPP00564,E0009,2025-09-18,
ACT002826,Email,Opportunity,OPP00565,E0089,2025-03-21,
ACT002827,Task,Opportunity,OPP00565,E0089,2025-04-09,
ACT002828,Meeting,Opportunity,OPP00565,E0089,2025-06-14,13.0
ACT002829,Email,Opportunity,OPP00565,E0089,2025-05-30,
ACT002830,Email,Opportunity,OPP00565,E0089,2025-04-04,
ACT002831,Call,Opportunity,OPP00565,E0089,2025-03-18,20.0
ACT002832,Email,Opportunity,OPP00566,E0100,2025-04-05,
ACT002833,Email,Opportunity,OPP00566,E0100,2025-02-21,
ACT002834,Email,Opportunity,OPP00566,E0100,2025-04-23,
ACT002835,Email,Opportunity,OPP00566,E0100,2025-02-24,
ACT002836,Call,Opportunity,OPP00566,E0100,2025-04-21,43.0
ACT002837,Task,Opportunity,OPP00567,E0052,2025-08-11,
ACT002838,Call,Opportunity,OPP00567,E0052,2025-07-31,44.0
ACT002839,Email,Opportunity,OPP00567,E0052,2025-08-18,
ACT002840,Task,Opportunity,OPP00567,E0052,2025-08-11,
ACT002841,Task,Opportunity,OPP00567,E0052,2025-08-02,
ACT002842,Email,Opportunity,OPP00568,E0161,2024-07-18,
ACT002843,Task,Opportunity,OPP00568,E0161,2024-09-14,
ACT002844,Email,Opportunity,OPP00569,E0119,2025-08-12,
ACT002845,Call,Opportunity,OPP00569,E0119,2025-09-03,32.0
ACT002846,Call,Opportunity,OPP00569,E0119,2025-08-25,35.0
ACT002847,Meeting,Opportunity,OPP00570,E0148,2025-10-28,39.0
ACT002848,Email,Opportunity,OPP00570,E0148,2025-10-26,
ACT002849,Call,Opportunity,OPP00570,E0148,2025-10-13,38.0
ACT002850,Call,Opportunity,OPP00571,E0163,2025-05-26,11.0
ACT002851,Call,Opportunity,OPP00571,E0163,2025-07-04,8.0
ACT002852,Email,Opportunity,OPP00571,E0163,2025-07-22,
ACT002853,Email,Opportunity,OPP00571,E0163,2025-07-20,
ACT002854,Call,Opportunity,OPP00571,E0163,2025-05-29,41.0
ACT002855,Call,Opportunity,OPP00571,E0163,2025-07-02,37.0
ACT002856,Email,Opportunity,OPP00571,E0163,2025-05-23,
ACT002857,Email,Opportunity,OPP00571,E0163,2025-05-15,
ACT002858,Email,Opportunity,OPP00572,E0172,2025-01-29,
ACT002859,Task,Opportunity,OPP00572,E0172,2025-01-28,
ACT002860,Email,Opportunity,OPP00572,E0172,2025-01-30,
ACT002861,Email,Opportunity,OPP00572,E0172,2025-01-19,
ACT002862,Email,Opportunity,OPP00572,E0172,2025-01-29,
ACT002863,Email,Opportunity,OPP00572,E0172,2025-01-28,
ACT002864,Call,Opportunity,OPP00573,E0119,2024-05-12,43.0
ACT002865,Email,Opportunity,OPP00573,E0119,2024-05-07,
ACT002866,Call,Opportunity,OPP00573,E0119,2024-04-20,35.0
ACT002867,Email,Opportunity,OPP00573,E0119,2024-05-15,
ACT002868,Call,Opportunity,OPP00573,E0119,2024-04-27,24.0
ACT002869,Task,Opportunity,OPP00573,E0119,2024-05-05,
ACT002870,Email,Opportunity,OPP00573,E0119,2024-05-20,
ACT002871,Email,Opportunity,OPP00573,E0119,2024-04-21,
ACT002872,Call,Opportunity,OPP00574,E0018,2024-06-16,25.0
ACT002873,Email,Opportunity,OPP00574,E0018,2024-06-07,
ACT002874,Call,Opportunity,OPP00574,E0018,2024-06-13,29.0
ACT002875,Email,Opportunity,OPP00575,E0096,2025-11-19,
ACT002876,Call,Opportunity,OPP00575,E0096,2025-11-24,39.0
ACT002877,Email,Opportunity,OPP00575,E0096,2025-11-30,
ACT002878,Email,Opportunity,OPP00575,E0096,2025-11-27,
ACT002879,Call,Opportunity,OPP00575,E0096,2025-12-03,27.0
ACT002880,Task,Opportunity,OPP00575,E0096,2025-11-15,
ACT002881,Call,Opportunity,OPP00575,E0096,2025-11-21,37.0
ACT002882,Call,Opportunity,OPP00575,E0096,2025-12-02,16.0
ACT002883,Call,Opportunity,OPP00576,E0100,2025-07-31,13.0
ACT002884,Meeting,Opportunity,OPP00576,E0100,2025-08-04,8.0
ACT002885,Email,Opportunity,OPP00576,E0100,2025-08-11,
ACT002886,Task,Opportunity,OPP00576,E0100,2025-07-16,
ACT002887,Task,Opportunity,OPP00577,E0018,2025-01-08,
ACT002888,Meeting,Opportunity,OPP00577,E0018,2025-01-02,43.0
ACT002889,Call,Opportunity,OPP00577,E0018,2025-01-17,21.0
ACT002890,Email,Opportunity,OPP00577,E0018,2025-01-23,
ACT002891,Call,Opportunity,OPP00577,E0018,2025-01-05,29.0
ACT002892,Call,Opportunity,OPP00577,E0018,2025-01-30,16.0
ACT002893,Meeting,Opportunity,OPP00577,E0018,2025-01-21,12.0
ACT002894,Email,Opportunity,OPP00578,E0099,2025-08-11,
ACT002895,Email,Opportunity,OPP00578,E0099,2025-08-06,
ACT002896,Email,Opportunity,OPP00578,E0099,2025-08-08,
ACT002897,Email,Opportunity,OPP00578,E0099,2025-08-15,
ACT002898,Meeting,Opportunity,OPP00578,E0099,2025-07-21,30.0
ACT002899,Email,Opportunity,OPP00578,E0099,2025-07-20,
ACT002900,Email,Opportunity,OPP00579,E0163,2025-01-12,
ACT002901,Call,Opportunity,OPP00579,E0163,2025-01-30,23.0
ACT002902,Email,Opportunity,OPP00580,E0096,2025-03-22,
ACT002903,Call,Opportunity,OPP00580,E0096,2025-03-03,18.0
ACT002904,Email,Opportunity,OPP00581,E0173,2024-08-24,
ACT002905,Call,Opportunity,OPP00581,E0173,2024-10-11,34.0
ACT002906,Email,Opportunity,OPP00581,E0173,2024-07-15,
ACT002907,Email,Opportunity,OPP00581,E0173,2024-09-13,
ACT002908,Call,Opportunity,OPP00581,E0173,2024-06-26,26.0
ACT002909,Call,Opportunity,OPP00581,E0173,2024-08-24,29.0
ACT002910,Call,Opportunity,OPP00582,E0099,2024-02-16,27.0
ACT002911,Email,Opportunity,OPP00582,E0099,2024-02-29,
ACT002912,Call,Opportunity,OPP00583,E0057,2024-07-28,22.0
ACT002913,Call,Opportunity,OPP00583,E0057,2024-08-02,37.0
ACT002914,Email,Opportunity,OPP00584,E0172,2024-12-11,
ACT002915,Task,Opportunity,OPP00584,E0172,2024-11-29,
ACT002916,Email,Opportunity,OPP00584,E0172,2024-11-16,
ACT002917,Email,Opportunity,OPP00584,E0172,2024-12-03,
ACT002918,Task,Opportunity,OPP00584,E0172,2024-11-10,
ACT002919,Call,Opportunity,OPP00584,E0172,2024-11-18,19.0
ACT002920,Meeting,Opportunity,OPP00585,E0014,2025-05-02,10.0
ACT002921,Call,Opportunity,OPP00585,E0014,2025-02-06,15.0
ACT002922,Email,Opportunity,OPP00585,E0014,2025-02-04,
ACT002923,Email,Opportunity,OPP00585,E0014,2025-03-25,
ACT002924,Email,Opportunity,OPP00585,E0014,2025-04-24,
ACT002925,Call,Opportunity,OPP00585,E0014,2025-04-17,39.0
ACT002926,Call,Opportunity,OPP00586,E0122,2025-11-04,17.0
ACT002927,Meeting,Opportunity,OPP00586,E0122,2025-10-18,9.0
ACT002928,Call,Opportunity,OPP00586,E0122,2025-10-13,35.0
ACT002929,Email,Opportunity,OPP00587,E0148,2025-10-24,
ACT002930,Email,Opportunity,OPP00587,E0148,2025-10-29,
ACT002931,Call,Opportunity,OPP00587,E0148,2025-10-24,25.0
ACT002932,Meeting,Opportunity,OPP00587,E0148,2025-10-27,17.0
ACT002933,Meeting,Opportunity,OPP00588,E0057,2024-07-28,29.0
ACT002934,Call,Opportunity,OPP00588,E0057,2024-08-22,30.0
ACT002935,Call,Opportunity,OPP00588,E0057,2024-07-25,27.0
ACT002936,Email,Opportunity,OPP00588,E0057,2024-08-19,
ACT002937,Meeting,Opportunity,OPP00588,E0057,2024-08-06,28.0
ACT002938,Email,Opportunity,OPP00588,E0057,2024-07-23,
ACT002939,Call,Opportunity,OPP00588,E0057,2024-07-31,36.0
ACT002940,Email,Opportunity,OPP00589,E0172,2024-09-26,
ACT002941,Call,Opportunity,OPP00589,E0172,2024-11-15,35.0
ACT002942,Meeting,Opportunity,OPP00589,E0172,2024-09-13,43.0
ACT002943,Email,Opportunity,OPP00589,E0172,2024-10-02,
ACT002944,Task,Opportunity,OPP00589,E0172,2024-07-10,
ACT002945,Call,Opportunity,OPP00589,E0172,2024-11-25,39.0
ACT002946,Meeting,Opportunity,OPP00590,E0096,2025-08-16,41.0
ACT002947,Call,Opportunity,OPP00590,E0096,2025-08-31,11.0
ACT002948,Email,Opportunity,OPP00590,E0096,2025-08-21,
ACT002949,Email,Opportunity,OPP00590,E0096,2025-09-04,
ACT002950,Email,Opportunity,OPP00591,E0052,2024-06-07,
ACT002951,Call,Opportunity,OPP00591,E0052,2024-05-05,19.0
ACT002952,Email,Opportunity,OPP00591,E0052,2024-05-25,
ACT002953,Email,Opportunity,OPP00591,E0052,2024-05-22,
ACT002954,Email,Opportunity,OPP00591,E0052,2024-06-06,
ACT002955,Email,Opportunity,OPP00591,E0052,2024-05-30,
ACT002956,Call,Opportunity,OPP00591,E0052,2024-05-19,27.0
ACT002957,Task,Opportunity,OPP00592,E0032,2024-07-28,
ACT002958,Task,Opportunity,OPP00592,E0032,2024-07-20,
ACT002959,Meeting,Opportunity,OPP00593,E0009,2025-03-15,22.0
ACT002960,Meeting,Opportunity,OPP00593,E0009,2025-02-08,42.0
ACT002961,Meeting,Opportunity,OPP00593,E0009,2025-03-11,25.0
ACT002962,Task,Opportunity,OPP00593,E0009,2025-01-31,
ACT002963,Email,Opportunity,OPP00593,E0009,2025-03-15,
ACT002964,Email,Opportunity,OPP00593,E0009,2025-02-04,
ACT002965,Email,Opportunity,OPP00594,E0018,2024-02-18,
ACT002966,Email,Opportunity,OPP00594,E0018,2024-01-29,
ACT002967,Call,Opportunity,OPP00594,E0018,2024-01-24,11.0
ACT002968,Call,Opportunity,OPP00594,E0018,2024-02-18,43.0
ACT002969,Meeting,Opportunity,OPP00595,E0014,2025-05-26,9.0
ACT002970,Task,Opportunity,OPP00595,E0014,2025-05-27,
ACT002971,Call,Opportunity,OPP00595,E0014,2025-05-20,27.0
ACT002972,Email,Opportunity,OPP00595,E0014,2025-06-02,
ACT002973,Email,Opportunity,OPP00595,E0014,2025-06-08,
ACT002974,Call,Opportunity,OPP00595,E0014,2025-05-19,30.0
ACT002975,Meeting,Opportunity,OPP00595,E0014,2025-05-08,36.0
ACT002976,Meeting,Opportunity,OPP00595,E0014,2025-06-02,33.0
ACT002977,Task,Opportunity,OPP00596,E0126,2025-01-24,
ACT002978,Email,Opportunity,OPP00596,E0126,2025-01-10,
ACT002979,Email,Opportunity,OPP00596,E0126,2025-01-21,
ACT002980,Call,Opportunity,OPP00596,E0126,2025-01-09,13.0
ACT002981,Email,Opportunity,OPP00596,E0126,2024-12-31,
ACT002982,Call,Opportunity,OPP00596,E0126,2025-01-03,22.0
ACT002983,Email,Opportunity,OPP00597,E0099,2025-03-04,
ACT002984,Email,Opportunity,OPP00597,E0099,2025-03-09,
ACT002985,Email,Opportunity,OPP00597,E0099,2025-03-09,
ACT002986,Email,Opportunity,OPP00597,E0099,2025-03-16,
ACT002987,Call,Opportunity,OPP00597,E0099,2025-03-08,36.0
ACT002988,Email,Opportunity,OPP00597,E0099,2025-03-05,
ACT002989,Email,Opportunity,OPP00597,E0099,2025-03-19,
ACT002990,Call,Opportunity,OPP00597,E0099,2025-03-02,21.0
ACT002991,Call,Opportunity,OPP00598,E0163,2024-11-14,12.0
ACT002992,Call,Opportunity,OPP00598,E0163,2024-11-19,42.0
ACT002993,Email,Opportunity,OPP00598,E0163,2024-11-10,
ACT002994,Email,Opportunity,OPP00599,E0018,2024-04-20,
ACT002995,Call,Opportunity,OPP00599,E0018,2024-04-19,36.0
ACT002996,Task,Opportunity,OPP00599,E0018,2024-03-17,
ACT002997,Email,Opportunity,OPP00600,E0119,2024-06-29,
ACT002998,Email,Opportunity,OPP00600,E0119,2024-04-07,
ACT002999,Email,Opportunity,OPP00600,E0119,2024-04-06,
ACT003000,Task,Opportunity,OPP00600,E0119,2024-07-18,
ACT003001,Email,Opportunity,OPP00600,E0119,2024-07-08,
ACT003002,Meeting,Opportunity,OPP00600,E0119,2024-07-17,6.0
ACT003003,Call,Opportunity,OPP00601,E0009,2025-10-03,24.0
ACT003004,Call,Opportunity,OPP00601,E0009,2025-10-04,15.0
ACT003005,Email,Opportunity,OPP00601,E0009,2025-10-20,
ACT003006,Email,Opportunity,OPP00601,E0009,2025-10-09,
ACT003007,Call,Opportunity,OPP00601,E0009,2025-10-18,8.0
ACT003008,Email,Opportunity,OPP00602,E0032,2025-07-09,
ACT003009,Call,Opportunity,OPP00602,E0032,2025-07-02,12.0
ACT003010,Call,Opportunity,OPP00602,E0032,2025-06-30,20.0
ACT003011,Email,Opportunity,OPP00602,E0032,2025-06-28,
ACT003012,Email,Opportunity,OPP00602,E0032,2025-06-27,
ACT003013,Email,Opportunity,OPP00602,E0032,2025-07-02,
ACT003014,Task,Opportunity,OPP00603,E0028,2025-05-31,
ACT003015,Call,Opportunity,OPP00603,E0028,2025-05-24,16.0
ACT003016,Email,Opportunity,OPP00603,E0028,2025-05-30,
ACT003017,Meeting,Opportunity,OPP00603,E0028,2025-06-13,13.0
ACT003018,Call,Opportunity,OPP00603,E0028,2025-06-11,19.0
ACT003019,Email,Opportunity,OPP00603,E0028,2025-05-04,
ACT003020,Call,Opportunity,OPP00604,E0009,2025-05-08,40.0
ACT003021,Email,Opportunity,OPP00604,E0009,2025-05-14,
ACT003022,Call,Opportunity,OPP00604,E0009,2025-02-26,12.0
ACT003023,Call,Opportunity,OPP00604,E0009,2025-03-22,12.0
ACT003024,Call,Opportunity,OPP00604,E0009,2025-04-29,7.0
ACT003025,Task,Opportunity,OPP00605,E0119,2025-01-27,
ACT003026,Call,Opportunity,OPP00605,E0119,2025-01-22,29.0
ACT003027,Meeting,Opportunity,OPP00605,E0119,2025-01-05,8.0
ACT003028,Call,Opportunity,OPP00605,E0119,2024-11-19,33.0
ACT003029,Call,Opportunity,OPP00605,E0119,2025-02-17,33.0
ACT003030,Email,Opportunity,OPP00606,E0057,2026-01-15,
ACT003031,Call,Opportunity,OPP00606,E0057,2026-01-17,10.0
ACT003032,Email,Opportunity,OPP00606,E0057,2026-01-14,
ACT003033,Meeting,Opportunity,OPP00606,E0057,2025-12-18,19.0
ACT003034,Task,Opportunity,OPP00607,E0096,2026-01-03,
ACT003035,Email,Opportunity,OPP00607,E0096,2025-12-20,
ACT003036,Call,Opportunity,OPP00607,E0096,2026-01-17,7.0
ACT003037,Email,Opportunity,OPP00607,E0096,2026-01-01,
ACT003038,Call,Opportunity,OPP00607,E0096,2025-12-28,20.0
ACT003039,Meeting,Opportunity,OPP00607,E0096,2026-01-02,15.0
ACT003040,Email,Opportunity,OPP00607,E0096,2026-01-08,
ACT003041,Task,Opportunity,OPP00608,E0018,2024-06-07,
ACT003042,Email,Opportunity,OPP00608,E0018,2024-05-15,
ACT003043,Call,Opportunity,OPP00609,E0052,2024-12-29,36.0
ACT003044,Call,Opportunity,OPP00609,E0052,2024-12-29,30.0
ACT003045,Email,Opportunity,OPP00609,E0052,2025-01-14,
ACT003046,Call,Opportunity,OPP00609,E0052,2025-01-12,8.0
ACT003047,Call,Opportunity,OPP00610,E0085,2024-06-23,37.0
ACT003048,Meeting,Opportunity,OPP00610,E0085,2024-05-03,8.0
ACT003049,Call,Opportunity,OPP00610,E0085,2024-05-16,44.0
ACT003050,Call,Opportunity,OPP00610,E0085,2024-05-29,40.0
ACT003051,Email,Opportunity,OPP00610,E0085,2024-04-11,
ACT003052,Email,Opportunity,OPP00610,E0085,2024-05-07,
ACT003053,Call,Opportunity,OPP00610,E0085,2024-06-15,11.0
ACT003054,Email,Opportunity,OPP00611,E0099,2025-11-20,
ACT003055,Meeting,Opportunity,OPP00611,E0099,2025-11-18,22.0
ACT003056,Call,Opportunity,OPP00611,E0099,2025-10-06,29.0
ACT003057,Task,Opportunity,OPP00611,E0099,2025-11-26,
ACT003058,Meeting,Opportunity,OPP00611,E0099,2025-11-21,34.0
ACT003059,Email,Opportunity,OPP00612,E0148,2024-12-11,
ACT003060,Meeting,Opportunity,OPP00612,E0148,2025-03-04,38.0
ACT003061,Call,Opportunity,OPP00612,E0148,2024-12-16,22.0
ACT003062,Email,Opportunity,OPP00612,E0148,2025-01-14,
ACT003063,Task,Opportunity,OPP00612,E0148,2025-02-24,
ACT003064,Email,Opportunity,OPP00612,E0148,2025-02-20,
ACT003065,Email,Opportunity,OPP00613,E0096,2025-07-31,
ACT003066,Call,Opportunity,OPP00613,E0096,2025-08-17,21.0
ACT003067,Call,Opportunity,OPP00613,E0096,2025-07-21,16.0
ACT003068,Email,Opportunity,OPP00614,E0089,2025-01-26,
ACT003069,Email,Opportunity,OPP00614,E0089,2025-01-30,
ACT003070,Call,Opportunity,OPP00614,E0089,2025-01-20,34.0
ACT003071,Call,Opportunity,OPP00614,E0089,2025-01-22,18.0
ACT003072,Task,Opportunity,OPP00614,E0089,2025-01-31,
ACT003073,Meeting,Opportunity,OPP00614,E0089,2025-02-03,33.0
ACT003074,Task,Opportunity,OPP00614,E0089,2025-01-25,
ACT003075,Email,Opportunity,OPP00614,E0089,2025-01-21,
ACT003076,Call,Opportunity,OPP00615,E0032,2025-02-02,34.0
ACT003077,Meeting,Opportunity,OPP00615,E0032,2025-01-23,6.0
ACT003078,Email,Opportunity,OPP00615,E0032,2025-02-17,
ACT003079,Call,Opportunity,OPP00615,E0032,2025-02-11,36.0
ACT003080,Call,Opportunity,OPP00615,E0032,2025-02-26,17.0
ACT003081,Task,Opportunity,OPP00615,E0032,2025-02-08,
ACT003082,Email,Opportunity,OPP00615,E0032,2025-02-05,
ACT003083,Call,Opportunity,OPP00615,E0032,2025-01-01,29.0
ACT003084,Task,Opportunity,OPP00616,E0014,2025-12-16,
ACT003085,Email,Opportunity,OPP00616,E0014,2025-12-11,
ACT003086,Call,Opportunity,OPP00616,E0014,2025-12-08,13.0
ACT003087,Task,Opportunity,OPP00616,E0014,2025-12-05,
ACT003088,Email,Opportunity,OPP00617,E0119,2025-08-16,
ACT003089,Call,Opportunity,OPP00617,E0119,2025-08-29,32.0
ACT003090,Task,Opportunity,OPP00617,E0119,2025-08-21,
ACT003091,Email,Opportunity,OPP00618,E0032,2024-03-09,
ACT003092,Call,Opportunity,OPP00618,E0032,2024-04-22,9.0
ACT003093,Email,Opportunity,OPP00618,E0032,2024-04-04,
ACT003094,Call,Opportunity,OPP00618,E0032,2024-03-20,27.0
ACT003095,Call,Opportunity,OPP00618,E0032,2024-03-08,41.0
ACT003096,Email,Opportunity,OPP00619,E0057,2025-12-01,
ACT003097,Call,Opportunity,OPP00619,E0057,2025-09-17,39.0
ACT003098,Meeting,Opportunity,OPP00619,E0057,2025-11-24,12.0
ACT003099,Call,Opportunity,OPP00619,E0057,2025-10-20,31.0
ACT003100,Meeting,Opportunity,OPP00620,E0122,2024-02-15,6.0
ACT003101,Call,Opportunity,OPP00620,E0122,2024-02-03,22.0
ACT003102,Call,Opportunity,OPP00620,E0122,2024-05-10,27.0
ACT003103,Email,Opportunity,OPP00620,E0122,2024-02-12,
ACT003104,Task,Opportunity,OPP00621,E0052,2025-01-03,
ACT003105,Call,Opportunity,OPP00621,E0052,2024-12-24,42.0
ACT003106,Meeting,Opportunity,OPP00621,E0052,2024-11-25,27.0
ACT003107,Call,Opportunity,OPP00621,E0052,2024-11-13,6.0
ACT003108,Call,Opportunity,OPP00622,E0100,2024-03-27,37.0
ACT003109,Meeting,Opportunity,OPP00622,E0100,2024-04-10,24.0
ACT003110,Call,Opportunity,OPP00622,E0100,2024-04-05,37.0
ACT003111,Email,Opportunity,OPP00622,E0100,2024-03-28,
ACT003112,Email,Opportunity,OPP00623,E0018,2024-04-25,
ACT003113,Email,Opportunity,OPP00623,E0018,2024-05-03,
ACT003114,Email,Opportunity,OPP00623,E0018,2024-04-19,
ACT003115,Call,Opportunity,OPP00623,E0018,2024-04-29,31.0
ACT003116,Email,Opportunity,OPP00623,E0018,2024-04-27,
ACT003117,Email,Opportunity,OPP00623,E0018,2024-05-04,
ACT003118,Task,Opportunity,OPP00623,E0018,2024-04-20,
ACT003119,Email,Opportunity,OPP00623,E0018,2024-04-26,
ACT003120,Call,Opportunity,OPP00624,E0032,2025-06-08,31.0
ACT003121,Call,Opportunity,OPP00624,E0032,2025-06-23,44.0
ACT003122,Call,Opportunity,OPP00625,E0099,2025-09-20,33.0
ACT003123,Email,Opportunity,OPP00625,E0099,2025-06-26,
ACT003124,Meeting,Opportunity,OPP00626,E0163,2024-02-13,32.0
ACT003125,Email,Opportunity,OPP00626,E0163,2024-02-11,
ACT003126,Email,Opportunity,OPP00627,E0122,2025-04-26,
ACT003127,Email,Opportunity,OPP00627,E0122,2025-03-26,
ACT003128,Email,Opportunity,OPP00627,E0122,2025-04-02,
ACT003129,Email,Opportunity,OPP00627,E0122,2025-04-14,
ACT003130,Call,Opportunity,OPP00628,E0052,2025-01-18,42.0
ACT003131,Call,Opportunity,OPP00628,E0052,2025-01-29,33.0
ACT003132,Call,Opportunity,OPP00628,E0052,2025-02-04,19.0
ACT003133,Email,Opportunity,OPP00628,E0052,2025-01-03,
ACT003134,Email,Opportunity,OPP00628,E0052,2025-01-09,
ACT003135,Call,Opportunity,OPP00629,E0059,2024-11-16,24.0
ACT003136,Email,Opportunity,OPP00629,E0059,2024-12-08,
ACT003137,Call,Opportunity,OPP00629,E0059,2024-12-18,35.0
ACT003138,Email,Opportunity,OPP00629,E0059,2024-12-13,
ACT003139,Call,Opportunity,OPP00629,E0059,2024-11-28,30.0
ACT003140,Meeting,Opportunity,OPP00629,E0059,2024-12-12,18.0
ACT003141,Email,Opportunity,OPP00630,E0014,2024-06-02,
ACT003142,Meeting,Opportunity,OPP00630,E0014,2024-06-17,41.0
ACT003143,Meeting,Opportunity,OPP00630,E0014,2024-06-11,22.0
ACT003144,Call,Opportunity,OPP00630,E0014,2024-06-18,39.0
ACT003145,Email,Opportunity,OPP00630,E0014,2024-05-25,
ACT003146,Call,Opportunity,OPP00630,E0014,2024-06-02,12.0
ACT003147,Call,Opportunity,OPP00631,E0059,2024-02-05,32.0
ACT003148,Task,Opportunity,OPP00631,E0059,2024-02-05,
ACT003149,Task,Opportunity,OPP00632,E0122,2025-07-12,
ACT003150,Task,Opportunity,OPP00632,E0122,2025-06-24,
ACT003151,Email,Opportunity,OPP00632,E0122,2025-07-07,
ACT003152,Call,Opportunity,OPP00632,E0122,2025-07-04,32.0
ACT003153,Call,Opportunity,OPP00632,E0122,2025-07-11,24.0
ACT003154,Email,Opportunity,OPP00632,E0122,2025-06-26,
ACT003155,Email,Opportunity,OPP00633,E0148,2025-01-24,
ACT003156,Meeting,Opportunity,OPP00633,E0148,2025-04-21,25.0
ACT003157,Meeting,Opportunity,OPP00633,E0148,2025-03-18,29.0
ACT003158,Email,Opportunity,OPP00633,E0148,2025-03-07,
ACT003159,Meeting,Opportunity,OPP00634,E0014,2024-12-20,15.0
ACT003160,Email,Opportunity,OPP00634,E0014,2025-01-06,
ACT003161,Call,Opportunity,OPP00634,E0014,2024-12-19,36.0
ACT003162,Email,Opportunity,OPP00634,E0014,2024-12-19,
ACT003163,Email,Opportunity,OPP00634,E0014,2024-12-28,
ACT003164,Call,Opportunity,OPP00634,E0014,2024-12-24,21.0
ACT003165,Call,Opportunity,OPP00635,E0163,2024-12-09,20.0
ACT003166,Call,Opportunity,OPP00635,E0163,2024-11-03,43.0
ACT003167,Email,Opportunity,OPP00635,E0163,2024-12-23,
ACT003168,Meeting,Opportunity,OPP00635,E0163,2024-12-06,35.0
ACT003169,Call,Opportunity,OPP00636,E0028,2025-06-10,13.0
ACT003170,Meeting,Opportunity,OPP00636,E0028,2025-06-26,33.0
ACT003171,Call,Opportunity,OPP00636,E0028,2025-06-21,12.0
ACT003172,Task,Opportunity,OPP00636,E0028,2025-07-04,
ACT003173,Meeting,Opportunity,OPP00636,E0028,2025-07-02,6.0
ACT003174,Email,Opportunity,OPP00636,E0028,2025-07-07,
ACT003175,Email,Opportunity,OPP00636,E0028,2025-06-24,
ACT003176,Email,Opportunity,OPP00636,E0028,2025-05-27,
ACT003177,Email,Opportunity,OPP00637,E0172,2025-05-24,
ACT003178,Email,Opportunity,OPP00637,E0172,2025-05-21,
ACT003179,Email,Opportunity,OPP00637,E0172,2025-06-02,
ACT003180,Email,Opportunity,OPP00637,E0172,2025-05-09,
ACT003181,Meeting,Opportunity,OPP00637,E0172,2025-05-30,28.0
ACT003182,Meeting,Opportunity,OPP00637,E0172,2025-04-29,35.0
ACT003183,Meeting,Opportunity,OPP00638,E0172,2024-07-07,28.0
ACT003184,Call,Opportunity,OPP00638,E0172,2024-07-24,30.0
ACT003185,Call,Opportunity,OPP00638,E0172,2024-07-20,42.0
ACT003186,Call,Opportunity,OPP00638,E0172,2024-07-19,27.0
ACT003187,Call,Opportunity,OPP00638,E0172,2024-07-27,31.0
ACT003188,Meeting,Opportunity,OPP00639,E0096,2024-08-30,23.0
ACT003189,Call,Opportunity,OPP00639,E0096,2024-08-15,12.0
ACT003190,Call,Opportunity,OPP00640,E0057,2024-07-28,5.0
ACT003191,Task,Opportunity,OPP00640,E0057,2024-07-06,
ACT003192,Call,Opportunity,OPP00641,E0163,2024-04-21,11.0
ACT003193,Call,Opportunity,OPP00641,E0163,2024-04-24,24.0
ACT003194,Email,Opportunity,OPP00641,E0163,2024-05-28,
ACT003195,Call,Opportunity,OPP00642,E0119,2024-09-19,31.0
ACT003196,Meeting,Opportunity,OPP00642,E0119,2024-09-21,13.0
ACT003197,Email,Opportunity,OPP00642,E0119,2024-09-21,
ACT003198,Email,Opportunity,OPP00643,E0126,2025-11-07,
ACT003199,Email,Opportunity,OPP00643,E0126,2025-11-13,
ACT003200,Email,Opportunity,OPP00644,E0089,2025-03-12,
ACT003201,Call,Opportunity,OPP00644,E0089,2025-04-27,14.0
ACT003202,Call,Opportunity,OPP00645,E0161,2025-04-23,10.0
ACT003203,Email,Opportunity,OPP00645,E0161,2025-05-25,
ACT003204,Call,Opportunity,OPP00645,E0161,2025-05-19,15.0
ACT003205,Meeting,Opportunity,OPP00645,E0161,2025-05-25,6.0
ACT003206,Email,Opportunity,OPP00645,E0161,2025-05-07,
ACT003207,Email,Opportunity,OPP00645,E0161,2025-04-25,
ACT003208,Call,Opportunity,OPP00646,E0173,2024-04-11,17.0
ACT003209,Meeting,Opportunity,OPP00646,E0173,2024-04-14,32.0
ACT003210,Call,Opportunity,OPP00646,E0173,2024-04-11,36.0
ACT003211,Email,Opportunity,OPP00647,E0172,2024-06-17,
ACT003212,Task,Opportunity,OPP00647,E0172,2024-06-27,
ACT003213,Meeting,Opportunity,OPP00648,E0163,2024-04-03,22.0
ACT003214,Call,Opportunity,OPP00648,E0163,2024-03-31,43.0
ACT003215,Call,Opportunity,OPP00648,E0163,2024-04-13,15.0
ACT003216,Meeting,Opportunity,OPP00648,E0163,2024-03-08,8.0
ACT003217,Email,Opportunity,OPP00648,E0163,2024-04-01,
ACT003218,Call,Opportunity,OPP00649,E0100,2025-06-19,40.0
ACT003219,Call,Opportunity,OPP00649,E0100,2025-07-05,25.0
ACT003220,Call,Opportunity,OPP00649,E0100,2025-06-08,7.0
ACT003221,Call,Opportunity,OPP00650,E0100,2025-07-04,34.0
ACT003222,Call,Opportunity,OPP00650,E0100,2025-08-05,12.0
ACT003223,Call,Opportunity,OPP00650,E0100,2025-07-26,12.0
ACT003224,Call,Opportunity,OPP00651,E0172,2025-03-11,41.0
ACT003225,Email,Opportunity,OPP00651,E0172,2025-04-01,
ACT003226,Email,Opportunity,OPP00651,E0172,2025-03-10,
ACT003227,Email,Opportunity,OPP00651,E0172,2025-03-29,
ACT003228,Call,Opportunity,OPP00652,E0059,2025-04-24,12.0
ACT003229,Meeting,Opportunity,OPP00652,E0059,2025-04-05,27.0
ACT003230,Meeting,Opportunity,OPP00652,E0059,2025-03-28,12.0
ACT003231,Email,Opportunity,OPP00652,E0059,2025-04-09,
ACT003232,Call,Opportunity,OPP00652,E0059,2025-04-17,34.0
ACT003233,Email,Opportunity,OPP00652,E0059,2025-04-27,
ACT003234,Call,Opportunity,OPP00652,E0059,2025-04-23,40.0
ACT003235,Email,Opportunity,OPP00652,E0059,2025-04-09,
ACT003236,Call,Opportunity,OPP00653,E0172,2025-08-24,20.0
ACT003237,Email,Opportunity,OPP00653,E0172,2025-07-23,
ACT003238,Email,Opportunity,OPP00653,E0172,2025-06-04,
ACT003239,Email,Opportunity,OPP00653,E0172,2025-08-06,
ACT003240,Call,Opportunity,OPP00653,E0172,2025-07-18,12.0
ACT003241,Call,Opportunity,OPP00653,E0172,2025-07-29,25.0
ACT003242,Call,Opportunity,OPP00653,E0172,2025-06-29,7.0
ACT003243,Email,Opportunity,OPP00654,E0173,2025-11-29,
ACT003244,Task,Opportunity,OPP00654,E0173,2025-10-10,
ACT003245,Task,Opportunity,OPP00654,E0173,2025-12-01,
ACT003246,Email,Opportunity,OPP00654,E0173,2025-10-26,
ACT003247,Task,Opportunity,OPP00654,E0173,2025-11-16,
ACT003248,Email,Opportunity,OPP00654,E0173,2025-10-22,
ACT003249,Call,Opportunity,OPP00654,E0173,2025-11-17,24.0
ACT003250,Call,Opportunity,OPP00654,E0173,2025-10-18,20.0
ACT003251,Call,Opportunity,OPP00655,E0052,2025-05-22,33.0
ACT003252,Call,Opportunity,OPP00655,E0052,2025-04-19,28.0
ACT003253,Task,Opportunity,OPP00655,E0052,2025-04-22,
ACT003254,Email,Opportunity,OPP00655,E0052,2025-05-05,
ACT003255,Call,Opportunity,OPP00655,E0052,2025-04-21,41.0
ACT003256,Email,Opportunity,OPP00655,E0052,2025-04-15,
ACT003257,Call,Opportunity,OPP00655,E0052,2025-04-22,15.0
ACT003258,Call,Opportunity,OPP00655,E0052,2025-05-03,40.0
ACT003259,Task,Opportunity,OPP00656,E0085,2025-07-20,
ACT003260,Email,Opportunity,OPP00656,E0085,2025-07-23,
ACT003261,Meeting,Opportunity,OPP00656,E0085,2025-07-25,36.0
ACT003262,Call,Opportunity,OPP00656,E0085,2025-07-08,20.0
ACT003263,Task,Opportunity,OPP00656,E0085,2025-07-14,
ACT003264,Call,Opportunity,OPP00657,E0172,2025-04-05,6.0
ACT003265,Email,Opportunity,OPP00657,E0172,2025-04-02,
ACT003266,Email,Opportunity,OPP00657,E0172,2025-04-02,
ACT003267,Call,Opportunity,OPP00657,E0172,2025-04-02,10.0
ACT003268,Task,Opportunity,OPP00657,E0172,2025-04-02,
ACT003269,Meeting,Opportunity,OPP00657,E0172,2025-04-05,29.0
ACT003270,Task,Opportunity,OPP00657,E0172,2025-04-04,
ACT003271,Email,Opportunity,OPP00658,E0126,2024-10-19,
ACT003272,Call,Opportunity,OPP00658,E0126,2024-11-20,24.0
ACT003273,Call,Opportunity,OPP00658,E0126,2024-11-03,8.0
ACT003274,Call,Opportunity,OPP00659,E0100,2024-05-09,13.0
ACT003275,Meeting,Opportunity,OPP00659,E0100,2024-04-16,7.0
ACT003276,Email,Opportunity,OPP00659,E0100,2024-05-01,
ACT003277,Email,Opportunity,OPP00659,E0100,2024-05-02,
ACT003278,Email,Opportunity,OPP00660,E0059,2026-01-02,
ACT003279,Email,Opportunity,OPP00660,E0059,2026-01-05,
ACT003280,Email,Opportunity,OPP00660,E0059,2025-12-30,
ACT003281,Task,Opportunity,OPP00660,E0059,2025-12-21,
ACT003282,Email,Opportunity,OPP00660,E0059,2025-12-31,
ACT003283,Email,Opportunity,OPP00660,E0059,2026-01-05,
ACT003284,Email,Opportunity,OPP00661,E0032,2024-05-06,
ACT003285,Call,Opportunity,OPP00661,E0032,2024-05-05,24.0
ACT003286,Call,Opportunity,OPP00662,E0099,2025-04-16,33.0
ACT003287,Call,Opportunity,OPP00662,E0099,2025-02-19,36.0
ACT003288,Call,Opportunity,OPP00662,E0099,2025-04-23,34.0
ACT003289,Email,Opportunity,OPP00662,E0099,2025-03-15,
ACT003290,Email,Opportunity,OPP00662,E0099,2025-02-28,
ACT003291,Email,Opportunity,OPP00662,E0099,2025-02-18,
ACT003292,Task,Opportunity,OPP00663,E0032,2025-07-27,
ACT003293,Call,Opportunity,OPP00663,E0032,2025-07-27,12.0
ACT003294,Email,Opportunity,OPP00663,E0032,2025-08-10,
ACT003295,Call,Opportunity,OPP00663,E0032,2025-07-26,6.0
ACT003296,Call,Opportunity,OPP00663,E0032,2025-09-07,17.0
ACT003297,Email,Opportunity,OPP00663,E0032,2025-09-15,
ACT003298,Meeting,Opportunity,OPP00663,E0032,2025-08-28,38.0
ACT003299,Email,Opportunity,OPP00664,E0173,2024-06-01,
ACT003300,Email,Opportunity,OPP00664,E0173,2024-06-14,
ACT003301,Call,Opportunity,OPP00664,E0173,2024-05-06,16.0
ACT003302,Email,Opportunity,OPP00665,E0122,2024-06-30,
ACT003303,Meeting,Opportunity,OPP00665,E0122,2024-06-30,38.0
ACT003304,Email,Opportunity,OPP00665,E0122,2024-07-14,
ACT003305,Email,Opportunity,OPP00666,E0126,2025-09-27,
ACT003306,Meeting,Opportunity,OPP00666,E0126,2025-10-02,28.0
ACT003307,Meeting,Opportunity,OPP00666,E0126,2025-09-30,14.0
ACT003308,Call,Opportunity,OPP00666,E0126,2025-09-25,40.0
ACT003309,Meeting,Opportunity,OPP00666,E0126,2025-09-29,8.0
ACT003310,Meeting,Opportunity,OPP00667,E0161,2024-04-22,26.0
ACT003311,Task,Opportunity,OPP00667,E0161,2024-05-14,
ACT003312,Meeting,Opportunity,OPP00667,E0161,2024-05-13,23.0
ACT003313,Task,Opportunity,OPP00667,E0161,2024-04-22,
ACT003314,Call,Opportunity,OPP00667,E0161,2024-04-26,20.0
ACT003315,Call,Opportunity,OPP00668,E0126,2024-11-12,11.0
ACT003316,Call,Opportunity,OPP00668,E0126,2024-12-07,17.0
ACT003317,Email,Opportunity,OPP00668,E0126,2024-11-29,
ACT003318,Call,Opportunity,OPP00668,E0126,2024-11-19,41.0
ACT003319,Call,Opportunity,OPP00669,E0100,2024-07-07,12.0
ACT003320,Email,Opportunity,OPP00669,E0100,2024-07-04,
ACT003321,Email,Opportunity,OPP00669,E0100,2024-06-29,
ACT003322,Email,Opportunity,OPP00669,E0100,2024-06-14,
ACT003323,Email,Opportunity,OPP00669,E0100,2024-06-23,
ACT003324,Email,Opportunity,OPP00669,E0100,2024-06-17,
ACT003325,Email,Opportunity,OPP00670,E0085,2024-06-14,
ACT003326,Call,Opportunity,OPP00670,E0085,2024-07-09,40.0
ACT003327,Task,Opportunity,OPP00670,E0085,2024-07-11,
ACT003328,Call,Opportunity,OPP00670,E0085,2024-06-27,5.0
ACT003329,Call,Opportunity,OPP00670,E0085,2024-07-05,13.0
ACT003330,Email,Opportunity,OPP00670,E0085,2024-07-10,
ACT003331,Call,Opportunity,OPP00670,E0085,2024-06-13,37.0
ACT003332,Task,Opportunity,OPP00670,E0085,2024-07-01,
ACT003333,Task,Opportunity,OPP00671,E0028,2025-07-21,
ACT003334,Call,Opportunity,OPP00671,E0028,2025-07-05,37.0
ACT003335,Task,Opportunity,OPP00671,E0028,2025-07-25,
ACT003336,Call,Opportunity,OPP00671,E0028,2025-07-16,14.0
ACT003337,Email,Opportunity,OPP00671,E0028,2025-07-12,
ACT003338,Email,Opportunity,OPP00671,E0028,2025-07-14,
ACT003339,Call,Opportunity,OPP00672,E0173,2025-12-28,37.0
ACT003340,Meeting,Opportunity,OPP00672,E0173,2025-12-25,43.0
ACT003341,Call,Opportunity,OPP00673,E0148,2025-06-20,13.0
ACT003342,Email,Opportunity,OPP00673,E0148,2025-06-15,
ACT003343,Call,Opportunity,OPP00673,E0148,2025-06-12,37.0
ACT003344,Email,Opportunity,OPP00673,E0148,2025-06-06,
ACT003345,Email,Opportunity,OPP00673,E0148,2025-06-11,
ACT003346,Email,Opportunity,OPP00674,E0126,2024-03-13,
ACT003347,Call,Opportunity,OPP00674,E0126,2024-03-31,29.0
ACT003348,Email,Opportunity,OPP00674,E0126,2024-03-18,
ACT003349,Task,Opportunity,OPP00674,E0126,2024-03-26,
ACT003350,Call,Opportunity,OPP00674,E0126,2024-03-22,37.0
ACT003351,Call,Opportunity,OPP00674,E0126,2024-03-30,41.0
ACT003352,Call,Opportunity,OPP00674,E0126,2024-03-14,42.0
ACT003353,Call,Opportunity,OPP00675,E0059,2025-03-20,28.0
ACT003354,Task,Opportunity,OPP00675,E0059,2025-03-22,
ACT003355,Call,Opportunity,OPP00675,E0059,2025-02-07,14.0
ACT003356,Call,Opportunity,OPP00675,E0059,2025-03-17,5.0
ACT003357,Call,Opportunity,OPP00675,E0059,2025-02-10,38.0
ACT003358,Call,Opportunity,OPP00675,E0059,2025-02-28,12.0
ACT003359,Task,Opportunity,OPP00675,E0059,2025-02-16,
ACT003360,Email,Opportunity,OPP00676,E0057,2025-01-31,
ACT003361,Call,Opportunity,OPP00676,E0057,2025-02-04,36.0
ACT003362,Email,Opportunity,OPP00676,E0057,2025-01-29,
ACT003363,Email,Opportunity,OPP00676,E0057,2025-01-31,
ACT003364,Call,Opportunity,OPP00676,E0057,2025-02-05,28.0
ACT003365,Meeting,Opportunity,OPP00676,E0057,2025-01-23,39.0
ACT003366,Call,Opportunity,OPP00676,E0057,2025-02-01,43.0
ACT003367,Meeting,Opportunity,OPP00676,E0057,2025-01-30,41.0
ACT003368,Task,Opportunity,OPP00677,E0032,2025-08-12,
ACT003369,Email,Opportunity,OPP00677,E0032,2025-08-26,
ACT003370,Email,Opportunity,OPP00677,E0032,2025-08-25,
ACT003371,Email,Opportunity,OPP00677,E0032,2025-08-13,
ACT003372,Meeting,Opportunity,OPP00677,E0032,2025-08-20,40.0
ACT003373,Meeting,Opportunity,OPP00677,E0032,2025-07-31,6.0
ACT003374,Email,Opportunity,OPP00678,E0096,2025-02-03,
ACT003375,Call,Opportunity,OPP00678,E0096,2025-02-22,37.0
ACT003376,Email,Opportunity,OPP00678,E0096,2025-03-11,
ACT003377,Task,Opportunity,OPP00678,E0096,2025-03-07,
ACT003378,Call,Opportunity,OPP00678,E0096,2025-01-17,43.0
ACT003379,Email,Opportunity,OPP00678,E0096,2025-01-17,
ACT003380,Email,Opportunity,OPP00679,E0032,2025-12-13,
ACT003381,Meeting,Opportunity,OPP00679,E0032,2025-11-20,30.0
ACT003382,Meeting,Opportunity,OPP00679,E0032,2025-12-07,28.0
ACT003383,Email,Opportunity,OPP00679,E0032,2025-11-29,
ACT003384,Email,Opportunity,OPP00679,E0032,2025-12-12,
ACT003385,Task,Opportunity,OPP00679,E0032,2025-12-11,
ACT003386,Meeting,Opportunity,OPP00679,E0032,2025-11-30,39.0
ACT003387,Meeting,Opportunity,OPP00680,E0014,2024-09-04,12.0
ACT003388,Call,Opportunity,OPP00680,E0014,2024-08-31,44.0
ACT003389,Call,Opportunity,OPP00680,E0014,2024-08-21,44.0
ACT003390,Email,Opportunity,OPP00680,E0014,2024-08-11,
ACT003391,Call,Opportunity,OPP00680,E0014,2024-08-22,17.0
ACT003392,Email,Opportunity,OPP00680,E0014,2024-08-20,
ACT003393,Email,Opportunity,OPP00680,E0014,2024-08-18,
ACT003394,Email,Opportunity,OPP00681,E0052,2025-11-23,
ACT003395,Email,Opportunity,OPP00681,E0052,2025-12-05,
ACT003396,Call,Opportunity,OPP00681,E0052,2025-11-16,44.0
ACT003397,Task,Opportunity,OPP00681,E0052,2025-11-18,
ACT003398,Meeting,Opportunity,OPP00681,E0052,2025-11-22,16.0
ACT003399,Email,Opportunity,OPP00681,E0052,2025-11-16,
ACT003400,Email,Opportunity,OPP00682,E0099,2024-07-22,
ACT003401,Task,Opportunity,OPP00682,E0099,2024-07-06,
ACT003402,Meeting,Opportunity,OPP00682,E0099,2024-07-05,32.0
ACT003403,Call,Opportunity,OPP00682,E0099,2024-07-18,28.0
ACT003404,Call,Opportunity,OPP00682,E0099,2024-06-29,11.0
ACT003405,Call,Opportunity,OPP00683,E0172,2025-02-10,43.0
ACT003406,Email,Opportunity,OPP00683,E0172,2025-02-01,
ACT003407,Task,Opportunity,OPP00683,E0172,2025-01-29,
ACT003408,Task,Opportunity,OPP00683,E0172,2025-02-17,
ACT003409,Call,Opportunity,OPP00683,E0172,2025-01-30,25.0
ACT003410,Meeting,Opportunity,OPP00684,E0173,2024-08-25,9.0
ACT003411,Call,Opportunity,OPP00684,E0173,2024-08-30,21.0
ACT003412,Task,Opportunity,OPP00684,E0173,2024-09-24,
ACT003413,Email,Opportunity,OPP00684,E0173,2024-09-08,
ACT003414,Meeting,Opportunity,OPP00685,E0099,2025-12-24,41.0
ACT003415,Email,Opportunity,OPP00685,E0099,2025-12-29,
ACT003416,Meeting,Opportunity,OPP00685,E0099,2025-12-14,8.0
ACT003417,Call,Opportunity,OPP00685,E0099,2026-01-01,24.0
ACT003418,Email,Opportunity,OPP00685,E0099,2025-12-22,
ACT003419,Email,Opportunity,OPP00686,E0096,2025-10-12,
ACT003420,Email,Opportunity,OPP00686,E0096,2025-10-14,
ACT003421,Call,Opportunity,OPP00686,E0096,2025-10-14,22.0
ACT003422,Email,Opportunity,OPP00687,E0126,2024-07-10,
ACT003423,Email,Opportunity,OPP00687,E0126,2024-07-16,
ACT003424,Meeting,Opportunity,OPP00687,E0126,2024-06-03,14.0
ACT003425,Call,Opportunity,OPP00687,E0126,2024-07-03,14.0
ACT003426,Task,Opportunity,OPP00687,E0126,2024-05-02,
ACT003427,Email,Opportunity,OPP00687,E0126,2024-06-09,
ACT003428,Email,Opportunity,OPP00688,E0014,2024-02-12,
ACT003429,Call,Opportunity,OPP00688,E0014,2024-02-21,5.0
ACT003430,Call,Opportunity,OPP00688,E0014,2024-03-04,10.0
ACT003431,Email,Opportunity,OPP00688,E0014,2024-03-10,
ACT003432,Meeting,Opportunity,OPP00688,E0014,2024-02-22,17.0
ACT003433,Call,Opportunity,OPP00688,E0014,2024-02-25,22.0
ACT003434,Call,Opportunity,OPP00689,E0085,2025-12-24,31.0
ACT003435,Task,Opportunity,OPP00689,E0085,2026-01-08,
ACT003436,Call,Opportunity,OPP00689,E0085,2026-01-09,5.0
ACT003437,Email,Opportunity,OPP00690,E0028,2024-04-02,
ACT003438,Call,Opportunity,OPP00690,E0028,2024-05-10,5.0
ACT003439,Call,Opportunity,OPP00691,E0085,2025-12-09,34.0
ACT003440,Email,Opportunity,OPP00691,E0085,2025-11-24,
ACT003441,Call,Opportunity,OPP00691,E0085,2025-12-11,28.0
ACT003442,Call,Opportunity,OPP00691,E0085,2025-11-26,44.0
ACT003443,Email,Opportunity,OPP00691,E0085,2025-12-15,
ACT003444,Call,Opportunity,OPP00691,E0085,2025-12-13,15.0
ACT003445,Task,Opportunity,OPP00692,E0173,2024-09-11,
ACT003446,Meeting,Opportunity,OPP00692,E0173,2024-10-22,5.0
ACT003447,Email,Opportunity,OPP00692,E0173,2024-10-03,
ACT003448,Call,Opportunity,OPP00692,E0173,2024-10-24,17.0
ACT003449,Meeting,Opportunity,OPP00692,E0173,2024-10-28,43.0
ACT003450,Email,Opportunity,OPP00692,E0173,2024-09-26,
ACT003451,Email,Opportunity,OPP00692,E0173,2024-11-02,
ACT003452,Email,Opportunity,OPP00692,E0173,2024-10-08,
ACT003453,Email,Opportunity,OPP00693,E0085,2024-02-19,
ACT003454,Email,Opportunity,OPP00693,E0085,2024-02-05,
ACT003455,Meeting,Opportunity,OPP00693,E0085,2024-02-19,43.0
ACT003456,Call,Opportunity,OPP00693,E0085,2024-02-13,23.0
ACT003457,Email,Opportunity,OPP00693,E0085,2024-02-26,
ACT003458,Call,Opportunity,OPP00694,E0119,2025-06-21,27.0
ACT003459,Email,Opportunity,OPP00694,E0119,2025-06-17,
ACT003460,Email,Opportunity,OPP00694,E0119,2025-06-18,
ACT003461,Email,Opportunity,OPP00694,E0119,2025-06-20,
ACT003462,Email,Opportunity,OPP00695,E0014,2025-07-05,
ACT003463,Email,Opportunity,OPP00695,E0014,2025-06-15,
ACT003464,Call,Opportunity,OPP00695,E0014,2025-05-19,20.0
ACT003465,Meeting,Opportunity,OPP00696,E0032,2026-01-24,25.0
ACT003466,Email,Opportunity,OPP00696,E0032,2026-01-22,
ACT003467,Email,Opportunity,OPP00696,E0032,2026-01-04,
ACT003468,Call,Opportunity,OPP00696,E0032,2026-01-19,37.0
ACT003469,Call,Opportunity,OPP00696,E0032,2026-01-15,11.0
ACT003470,Email,Opportunity,OPP00696,E0032,2026-01-04,
ACT003471,Call,Opportunity,OPP00696,E0032,2026-01-14,27.0
ACT003472,Task,Opportunity,OPP00697,E0059,2025-04-19,
ACT003473,Email,Opportunity,OPP00697,E0059,2025-04-01,
ACT003474,Call,Opportunity,OPP00697,E0059,2025-04-18,11.0
ACT003475,Call,Opportunity,OPP00697,E0059,2025-04-14,21.0
ACT003476,Meeting,Opportunity,OPP00697,E0059,2025-04-12,21.0
ACT003477,Email,Opportunity,OPP00698,E0096,2025-06-18,
ACT003478,Call,Opportunity,OPP00698,E0096,2025-06-25,39.0
ACT003479,Call,Opportunity,OPP00698,E0096,2025-07-06,5.0
ACT003480,Email,Opportunity,OPP00698,E0096,2025-06-21,
ACT003481,Email,Opportunity,OPP00699,E0018,2024-04-28,
ACT003482,Email,Opportunity,OPP00699,E0018,2024-05-03,
ACT003483,Call,Opportunity,OPP00699,E0018,2024-04-21,24.0
ACT003484,Task,Opportunity,OPP00699,E0018,2024-06-01,
ACT003485,Task,Opportunity,OPP00699,E0018,2024-05-09,
ACT003486,Email,Opportunity,OPP00700,E0085,2025-01-20,
ACT003487,Email,Opportunity,OPP00700,E0085,2025-01-20,
ACT003488,Email,Opportunity,OPP00700,E0085,2025-01-06,
ACT003489,Email,Opportunity,OPP00700,E0085,2025-01-12,
ACT003490,Email,Opportunity,OPP00700,E0085,2025-01-09,
ACT003491,Call,Opportunity,OPP00700,E0085,2025-01-23,29.0
ACT003492,Call,Opportunity,OPP00700,E0085,2025-01-19,14.0
ACT003493,Meeting,Opportunity,OPP00700,E0085,2025-01-27,20.0
ACT003494,Email,Opportunity,OPP00701,E0009,2025-05-15,
ACT003495,Email,Opportunity,OPP00701,E0009,2025-04-05,
ACT003496,Meeting,Opportunity,OPP00701,E0009,2025-03-05,7.0
ACT003497,Meeting,Opportunity,OPP00702,E0085,2025-11-22,40.0
ACT003498,Call,Opportunity,OPP00702,E0085,2025-11-22,14.0
ACT003499,Call,Opportunity,OPP00702,E0085,2025-11-07,14.0
ACT003500,Email,Opportunity,OPP00702,E0085,2025-11-16,
ACT003501,Call,Opportunity,OPP00702,E0085,2025-11-29,33.0
ACT003502,Call,Opportunity,OPP00702,E0085,2025-11-11,11.0
ACT003503,Meeting,Opportunity,OPP00702,E0085,2025-11-07,40.0
ACT003504,Call,Opportunity,OPP00703,E0018,2024-08-21,12.0
ACT003505,Call,Opportunity,OPP00703,E0018,2024-08-20,36.0
ACT003506,Meeting,Opportunity,OPP00704,E0009,2025-07-13,23.0
ACT003507,Task,Opportunity,OPP00704,E0009,2025-08-08,
ACT003508,Call,Opportunity,OPP00704,E0009,2025-07-15,40.0
ACT003509,Task,Opportunity,OPP00704,E0009,2025-07-28,
ACT003510,Email,Opportunity,OPP00705,E0122,2025-02-20,
ACT003511,Meeting,Opportunity,OPP00705,E0122,2025-02-06,15.0
ACT003512,Call,Opportunity,OPP00705,E0122,2025-02-15,33.0
ACT003513,Call,Opportunity,OPP00705,E0122,2025-02-03,43.0
ACT003514,Call,Opportunity,OPP00705,E0122,2025-03-16,14.0
ACT003515,Task,Opportunity,OPP00706,E0163,2025-05-11,
ACT003516,Email,Opportunity,OPP00706,E0163,2025-05-04,
ACT003517,Call,Opportunity,OPP00706,E0163,2025-06-12,38.0
ACT003518,Email,Opportunity,OPP00706,E0163,2025-05-24,
ACT003519,Call,Opportunity,OPP00706,E0163,2025-06-15,9.0
ACT003520,Call,Opportunity,OPP00707,E0148,2024-04-14,41.0
ACT003521,Call,Opportunity,OPP00707,E0148,2024-07-08,28.0
ACT003522,Call,Opportunity,OPP00707,E0148,2024-07-17,6.0
ACT003523,Email,Opportunity,OPP00707,E0148,2024-08-20,
ACT003524,Call,Opportunity,OPP00707,E0148,2024-06-01,35.0
ACT003525,Call,Opportunity,OPP00707,E0148,2024-06-17,24.0
ACT003526,Call,Opportunity,OPP00707,E0148,2024-07-04,16.0
ACT003527,Email,Opportunity,OPP00708,E0089,2026-01-01,
ACT003528,Email,Opportunity,OPP00708,E0089,2026-01-05,
ACT003529,Call,Opportunity,OPP00708,E0089,2026-01-05,8.0
ACT003530,Meeting,Opportunity,OPP00709,E0126,2024-09-11,26.0
ACT003531,Meeting,Opportunity,OPP00709,E0126,2024-09-30,38.0
ACT003532,Call,Opportunity,OPP00710,E0122,2025-09-19,21.0
ACT003533,Task,Opportunity,OPP00710,E0122,2025-08-14,
ACT003534,Email,Opportunity,OPP00710,E0122,2025-08-26,
ACT003535,Meeting,Opportunity,OPP00710,E0122,2025-10-14,20.0
ACT003536,Call,Opportunity,OPP00710,E0122,2025-10-10,22.0
ACT003537,Email,Opportunity,OPP00710,E0122,2025-07-14,
ACT003538,Call,Opportunity,OPP00710,E0122,2025-08-26,12.0
ACT003539,Call,Opportunity,OPP00711,E0163,2024-05-16,33.0
ACT003540,Call,Opportunity,OPP00711,E0163,2024-06-09,35.0
ACT003541,Call,Opportunity,OPP00711,E0163,2024-05-03,33.0
ACT003542,Email,Opportunity,OPP00711,E0163,2024-05-28,
ACT003543,Email,Opportunity,OPP00711,E0163,2024-05-23,
ACT003544,Email,Opportunity,OPP00711,E0163,2024-05-21,
ACT003545,Call,Opportunity,OPP00711,E0163,2024-05-27,33.0
ACT003546,Task,Opportunity,OPP00711,E0163,2024-05-21,
ACT003547,Email,Opportunity,OPP00712,E0163,2024-05-09,
ACT003548,Call,Opportunity,OPP00712,E0163,2024-04-25,33.0
ACT003549,Email,Opportunity,OPP00712,E0163,2024-05-07,
ACT003550,Call,Opportunity,OPP00713,E0057,2024-07-19,32.0
ACT003551,Meeting,Opportunity,OPP00713,E0057,2024-08-01,16.0
ACT003552,Call,Opportunity,OPP00713,E0057,2024-08-16,24.0
ACT003553,Email,Opportunity,OPP00713,E0057,2024-08-19,
ACT003554,Call,Opportunity,OPP00713,E0057,2024-08-25,10.0
ACT003555,Call,Opportunity,OPP00713,E0057,2024-08-12,27.0
ACT003556,Email,Opportunity,OPP00713,E0057,2024-07-31,
ACT003557,Email,Opportunity,OPP00713,E0057,2024-08-03,
ACT003558,Email,Opportunity,OPP00714,E0014,2024-08-11,
ACT003559,Email,Opportunity,OPP00714,E0014,2024-08-06,
ACT003560,Email,Opportunity,OPP00714,E0014,2024-08-10,
ACT003561,Call,Opportunity,OPP00714,E0014,2024-08-08,15.0
ACT003562,Call,Opportunity,OPP00714,E0014,2024-08-06,25.0
ACT003563,Task,Opportunity,OPP00714,E0014,2024-08-23,
ACT003564,Email,Opportunity,OPP00714,E0014,2024-08-03,
ACT003565,Email,Opportunity,OPP00714,E0014,2024-08-04,
ACT003566,Call,Opportunity,OPP00715,E0126,2024-09-23,22.0
ACT003567,Call,Opportunity,OPP00715,E0126,2024-09-19,37.0
ACT003568,Meeting,Opportunity,OPP00715,E0126,2024-09-11,9.0
ACT003569,Meeting,Opportunity,OPP00715,E0126,2024-09-16,21.0
ACT003570,Call,Opportunity,OPP00715,E0126,2024-09-21,34.0
ACT003571,Call,Opportunity,OPP00715,E0126,2024-09-11,18.0
ACT003572,Task,Opportunity,OPP00715,E0126,2024-09-10,
ACT003573,Email,Opportunity,OPP00716,E0014,2025-10-30,
ACT003574,Meeting,Opportunity,OPP00716,E0014,2025-08-19,21.0
ACT003575,Meeting,Opportunity,OPP00716,E0014,2025-09-22,11.0
ACT003576,Call,Opportunity,OPP00717,E0100,2024-07-04,7.0
ACT003577,Email,Opportunity,OPP00717,E0100,2024-06-22,
ACT003578,Email,Opportunity,OPP00717,E0100,2024-07-07,
ACT003579,Call,Opportunity,OPP00717,E0100,2024-06-24,27.0
ACT003580,Call,Opportunity,OPP00717,E0100,2024-06-21,6.0
ACT003581,Task,Opportunity,OPP00718,E0100,2025-02-19,
ACT003582,Email,Opportunity,OPP00718,E0100,2025-02-08,
ACT003583,Call,Opportunity,OPP00718,E0100,2025-02-17,43.0
ACT003584,Email,Opportunity,OPP00718,E0100,2025-04-24,
ACT003585,Email,Opportunity,OPP00718,E0100,2025-03-31,
ACT003586,Call,Opportunity,OPP00718,E0100,2025-05-01,24.0
ACT003587,Email,Opportunity,OPP00719,E0018,2024-12-23,
ACT003588,Email,Opportunity,OPP00719,E0018,2024-12-23,
ACT003589,Call,Opportunity,OPP00719,E0018,2024-12-30,25.0
ACT003590,Call,Opportunity,OPP00719,E0018,2024-12-11,42.0
ACT003591,Call,Opportunity,OPP00719,E0018,2024-12-29,42.0
ACT003592,Email,Opportunity,OPP00719,E0018,2024-12-11,
ACT003593,Email,Opportunity,OPP00719,E0018,2024-12-20,
ACT003594,Task,Opportunity,OPP00720,E0014,2024-06-28,
ACT003595,Call,Opportunity,OPP00720,E0014,2024-06-20,17.0
ACT003596,Call,Opportunity,OPP00720,E0014,2024-06-13,17.0
ACT003597,Call,Opportunity,OPP00720,E0014,2024-06-24,30.0
ACT003598,Call,Opportunity,OPP00721,E0172,2024-11-06,19.0
ACT003599,Email,Opportunity,OPP00721,E0172,2024-12-05,
ACT003600,Email,Opportunity,OPP00721,E0172,2024-12-02,
ACT003601,Email,Opportunity,OPP00721,E0172,2024-10-23,
ACT003602,Email,Opportunity,OPP00721,E0172,2024-12-10,
ACT003603,Email,Opportunity,OPP00722,E0059,2025-09-28,
ACT003604,Meeting,Opportunity,OPP00722,E0059,2025-09-26,9.0
ACT003605,Call,Opportunity,OPP00722,E0059,2025-10-08,7.0
ACT003606,Call,Opportunity,OPP00722,E0059,2025-10-06,7.0
ACT003607,Call,Opportunity,OPP00722,E0059,2025-10-02,42.0
ACT003608,Task,Opportunity,OPP00722,E0059,2025-10-17,
ACT003609,Meeting,Opportunity,OPP00723,E0018,2025-12-07,29.0
ACT003610,Call,Opportunity,OPP00723,E0018,2025-12-27,39.0
ACT003611,Call,Opportunity,OPP00723,E0018,2025-12-31,34.0
ACT003612,Call,Opportunity,OPP00723,E0018,2025-12-17,9.0
ACT003613,Task,Opportunity,OPP00723,E0018,2025-12-22,
ACT003614,Meeting,Opportunity,OPP00723,E0018,2025-12-28,41.0
ACT003615,Email,Opportunity,OPP00723,E0018,2025-12-19,
ACT003616,Meeting,Opportunity,OPP00724,E0100,2025-01-26,27.0
ACT003617,Meeting,Opportunity,OPP00724,E0100,2025-01-18,17.0
ACT003618,Email,Opportunity,OPP00724,E0100,2025-01-21,
ACT003619,Email,Opportunity,OPP00724,E0100,2025-02-06,
ACT003620,Call,Opportunity,OPP00724,E0100,2025-01-09,17.0
ACT003621,Meeting,Opportunity,OPP00724,E0100,2025-01-23,8.0
ACT003622,Email,Opportunity,OPP00724,E0100,2025-01-27,
ACT003623,Call,Opportunity,OPP00724,E0100,2025-01-30,29.0
ACT003624,Email,Opportunity,OPP00725,E0099,2025-06-29,
ACT003625,Task,Opportunity,OPP00725,E0099,2025-06-03,
ACT003626,Call,Opportunity,OPP00725,E0099,2025-06-01,16.0
ACT003627,Call,Opportunity,OPP00725,E0099,2025-06-06,43.0
ACT003628,Call,Opportunity,OPP00726,E0085,2025-11-19,9.0
ACT003629,Meeting,Opportunity,OPP00726,E0085,2025-11-24,16.0
ACT003630,Call,Opportunity,OPP00726,E0085,2025-11-27,31.0
ACT003631,Task,Opportunity,OPP00727,E0089,2024-07-17,
ACT003632,Call,Opportunity,OPP00727,E0089,2024-08-30,35.0
ACT003633,Meeting,Opportunity,OPP00727,E0089,2024-07-14,39.0
ACT003634,Call,Opportunity,OPP00727,E0089,2024-08-18,40.0
ACT003635,Email,Opportunity,OPP00727,E0089,2024-08-13,
ACT003636,Call,Opportunity,OPP00728,E0085,2025-12-14,8.0
ACT003637,Call,Opportunity,OPP00728,E0085,2025-11-03,11.0
ACT003638,Call,Opportunity,OPP00728,E0085,2025-12-04,6.0
ACT003639,Email,Opportunity,OPP00729,E0014,2025-12-29,
ACT003640,Email,Opportunity,OPP00729,E0014,2025-12-07,
ACT003641,Call,Opportunity,OPP00729,E0014,2026-01-02,15.0
ACT003642,Email,Opportunity,OPP00729,E0014,2025-12-14,
ACT003643,Email,Opportunity,OPP00729,E0014,2025-12-31,
ACT003644,Call,Opportunity,OPP00729,E0014,2025-12-22,27.0
ACT003645,Call,Opportunity,OPP00729,E0014,2025-12-15,22.0
ACT003646,Call,Opportunity,OPP00729,E0014,2025-12-28,21.0
ACT003647,Task,Opportunity,OPP00730,E0172,2026-01-20,
ACT003648,Email,Opportunity,OPP00730,E0172,2026-01-04,
ACT003649,Email,Opportunity,OPP00730,E0172,2026-01-18,
ACT003650,Task,Opportunity,OPP00730,E0172,2026-01-12,
ACT003651,Call,Opportunity,OPP00730,E0172,2025-12-24,6.0
ACT003652,Call,Opportunity,OPP00730,E0172,2026-01-15,16.0
ACT003653,Email,Opportunity,OPP00731,E0018,2025-06-06,
ACT003654,Call,Opportunity,OPP00731,E0018,2025-05-09,16.0
ACT003655,Email,Opportunity,OPP00731,E0018,2025-05-25,
ACT003656,Call,Opportunity,OPP00731,E0018,2025-07-16,16.0
ACT003657,Email,Opportunity,OPP00731,E0018,2025-05-05,
ACT003658,Email,Opportunity,OPP00731,E0018,2025-05-07,
ACT003659,Email,Opportunity,OPP00732,E0172,2024-08-04,
ACT003660,Meeting,Opportunity,OPP00732,E0172,2024-07-06,24.0
ACT003661,Email,Opportunity,OPP00732,E0172,2024-07-19,
ACT003662,Email,Opportunity,OPP00732,E0172,2024-06-25,
ACT003663,Email,Opportunity,OPP00732,E0172,2024-07-21,
ACT003664,Meeting,Opportunity,OPP00732,E0172,2024-07-02,7.0
ACT003665,Meeting,Opportunity,OPP00732,E0172,2024-07-02,33.0
ACT003666,Email,Opportunity,OPP00733,E0018,2025-11-21,
ACT003667,Email,Opportunity,OPP00733,E0018,2025-12-04,
ACT003668,Meeting,Opportunity,OPP00733,E0018,2025-11-26,19.0
ACT003669,Email,Opportunity,OPP00733,E0018,2025-11-12,
ACT003670,Call,Opportunity,OPP00734,E0028,2024-04-09,10.0
ACT003671,Email,Opportunity,OPP00734,E0028,2024-03-28,
ACT003672,Call,Opportunity,OPP00734,E0028,2024-04-03,15.0
ACT003673,Meeting,Opportunity,OPP00734,E0028,2024-04-15,9.0
ACT003674,Task,Opportunity,OPP00734,E0028,2024-03-29,
ACT003675,Call,Opportunity,OPP00734,E0028,2024-04-08,22.0
ACT003676,Call,Opportunity,OPP00735,E0119,2024-05-29,18.0
ACT003677,Email,Opportunity,OPP00735,E0119,2024-06-15,
ACT003678,Call,Opportunity,OPP00735,E0119,2024-06-26,16.0
ACT003679,Meeting,Opportunity,OPP00735,E0119,2024-06-01,44.0
ACT003680,Call,Opportunity,OPP00735,E0119,2024-06-06,12.0
ACT003681,Task,Opportunity,OPP00735,E0119,2024-05-27,
ACT003682,Email,Opportunity,OPP00735,E0119,2024-06-18,
ACT003683,Email,Opportunity,OPP00736,E0119,2025-04-29,
ACT003684,Meeting,Opportunity,OPP00736,E0119,2025-04-03,18.0
ACT003685,Email,Opportunity,OPP00736,E0119,2025-03-21,
ACT003686,Meeting,Opportunity,OPP00737,E0173,2024-05-23,14.0
ACT003687,Email,Opportunity,OPP00737,E0173,2024-05-15,
ACT003688,Call,Opportunity,OPP00737,E0173,2024-06-02,30.0
ACT003689,Call,Opportunity,OPP00737,E0173,2024-05-09,33.0
ACT003690,Email,Opportunity,OPP00737,E0173,2024-05-05,
ACT003691,Call,Opportunity,OPP00738,E0018,2024-12-16,26.0
ACT003692,Meeting,Opportunity,OPP00738,E0018,2024-12-01,11.0
ACT003693,Email,Opportunity,OPP00738,E0018,2024-12-06,
ACT003694,Call,Opportunity,OPP00738,E0018,2024-11-30,24.0
ACT003695,Call,Opportunity,OPP00739,E0089,2024-02-09,9.0
ACT003696,Meeting,Opportunity,OPP00739,E0089,2024-01-18,42.0
ACT003697,Email,Opportunity,OPP00739,E0089,2024-02-17,
ACT003698,Call,Opportunity,OPP00739,E0089,2024-02-05,25.0
ACT003699,Task,Opportunity,OPP00740,E0172,2025-01-17,
ACT003700,Call,Opportunity,OPP00740,E0172,2025-02-11,43.0
ACT003701,Call,Opportunity,OPP00740,E0172,2025-02-04,23.0
ACT003702,Email,Opportunity,OPP00740,E0172,2025-02-12,
ACT003703,Email,Opportunity,OPP00740,E0172,2025-02-09,
ACT003704,Meeting,Opportunity,OPP00740,E0172,2025-01-19,24.0
ACT003705,Email,Opportunity,OPP00741,E0148,2025-03-23,
ACT003706,Email,Opportunity,OPP00741,E0148,2025-03-22,
ACT003707,Email,Opportunity,OPP00742,E0085,2024-09-16,
ACT003708,Call,Opportunity,OPP00742,E0085,2024-10-18,25.0
ACT003709,Email,Opportunity,OPP00742,E0085,2024-10-08,
ACT003710,Call,Opportunity,OPP00742,E0085,2024-08-25,26.0
ACT003711,Call,Opportunity,OPP00742,E0085,2024-10-20,8.0
ACT003712,Call,Opportunity,OPP00743,E0018,2024-10-26,8.0
ACT003713,Meeting,Opportunity,OPP00743,E0018,2024-10-21,37.0
ACT003714,Email,Opportunity,OPP00743,E0018,2024-10-31,
ACT003715,Email,Opportunity,OPP00743,E0018,2024-10-22,
ACT003716,Task,Opportunity,OPP00743,E0018,2024-10-10,
ACT003717,Email,Opportunity,OPP00743,E0018,2024-11-01,
ACT003718,Call,Opportunity,OPP00743,E0018,2024-11-04,39.0
ACT003719,Call,Opportunity,OPP00743,E0018,2024-10-21,8.0
ACT003720,Email,Opportunity,OPP00744,E0059,2024-09-16,
ACT003721,Call,Opportunity,OPP00744,E0059,2024-08-29,34.0
ACT003722,Call,Opportunity,OPP00744,E0059,2024-10-26,8.0
ACT003723,Call,Opportunity,OPP00744,E0059,2024-10-07,22.0
ACT003724,Email,Opportunity,OPP00744,E0059,2024-10-02,
ACT003725,Email,Opportunity,OPP00745,E0096,2024-10-02,
ACT003726,Email,Opportunity,OPP00745,E0096,2024-10-04,
ACT003727,Meeting,Opportunity,OPP00745,E0096,2024-10-01,42.0
ACT003728,Call,Opportunity,OPP00745,E0096,2024-10-04,43.0
ACT003729,Call,Opportunity,OPP00746,E0148,2025-09-16,17.0
ACT003730,Task,Opportunity,OPP00746,E0148,2025-10-08,
ACT003731,Call,Opportunity,OPP00746,E0148,2025-09-05,42.0
ACT003732,Call,Opportunity,OPP00746,E0148,2025-09-27,19.0
ACT003733,Meeting,Opportunity,OPP00747,E0122,2025-10-09,31.0
ACT003734,Task,Opportunity,OPP00747,E0122,2025-07-27,
ACT003735,Task,Opportunity,OPP00747,E0122,2025-08-01,
ACT003736,Meeting,Opportunity,OPP00747,E0122,2025-09-03,6.0
ACT003737,Email,Opportunity,OPP00747,E0122,2025-07-27,
ACT003738,Call,Opportunity,OPP00747,E0122,2025-09-15,40.0
ACT003739,Meeting,Opportunity,OPP00747,E0122,2025-08-29,6.0
ACT003740,Email,Opportunity,OPP00748,E0100,2024-09-19,
ACT003741,Email,Opportunity,OPP00748,E0100,2024-09-15,
ACT003742,Call,Opportunity,OPP00748,E0100,2024-09-06,44.0
ACT003743,Email,Opportunity,OPP00748,E0100,2024-08-10,
ACT003744,Meeting,Opportunity,OPP00748,E0100,2024-07-20,39.0
ACT003745,Call,Opportunity,OPP00748,E0100,2024-10-17,31.0
ACT003746,Meeting,Opportunity,OPP00749,E0099,2024-08-21,11.0
ACT003747,Call,Opportunity,OPP00749,E0099,2024-08-20,10.0
ACT003748,Email,Opportunity,OPP00750,E0122,2024-12-15,
ACT003749,Meeting,Opportunity,OPP00750,E0122,2024-10-27,5.0
ACT003750,Task,Opportunity,OPP00750,E0122,2024-10-22,
ACT003751,Meeting,Opportunity,OPP00750,E0122,2025-01-15,26.0
ACT003752,Meeting,Opportunity,OPP00750,E0122,2024-10-25,21.0
ACT003753,Call,Opportunity,OPP00750,E0122,2025-03-09,18.0
ACT003754,Email,Opportunity,OPP00751,E0096,2024-02-11,
ACT003755,Call,Opportunity,OPP00751,E0096,2024-01-17,37.0
ACT003756,Email,Opportunity,OPP00751,E0096,2024-02-01,
ACT003757,Email,Opportunity,OPP00751,E0096,2024-02-02,
ACT003758,Meeting,Opportunity,OPP00751,E0096,2024-01-28,18.0
ACT003759,Email,Opportunity,OPP00751,E0096,2024-02-09,
ACT003760,Meeting,Opportunity,OPP00751,E0096,2024-02-14,12.0
ACT003761,Call,Opportunity,OPP00751,E0096,2024-01-23,36.0
ACT003762,Call,Opportunity,OPP00752,E0009,2025-12-17,7.0
ACT003763,Call,Opportunity,OPP00752,E0009,2025-11-21,25.0
ACT003764,Email,Opportunity,OPP00752,E0009,2025-11-12,
ACT003765,Email,Opportunity,OPP00752,E0009,2025-11-17,
ACT003766,Call,Opportunity,OPP00752,E0009,2025-12-03,14.0
ACT003767,Email,Opportunity,OPP00752,E0009,2025-12-03,
ACT003768,Call,Opportunity,OPP00752,E0009,2025-12-15,13.0
ACT003769,Email,Opportunity,OPP00752,E0009,2025-11-12,
ACT003770,Call,Opportunity,OPP00753,E0059,2024-06-01,41.0
ACT003771,Email,Opportunity,OPP00753,E0059,2024-05-22,
ACT003772,Task,Opportunity,OPP00753,E0059,2024-05-30,
ACT003773,Call,Opportunity,OPP00753,E0059,2024-05-27,11.0
ACT003774,Email,Opportunity,OPP00754,E0172,2024-07-27,
ACT003775,Call,Opportunity,OPP00754,E0172,2024-07-05,19.0
ACT003776,Call,Opportunity,OPP00754,E0172,2024-07-22,32.0
ACT003777,Email,Opportunity,OPP00755,E0100,2025-07-22,
ACT003778,Meeting,Opportunity,OPP00755,E0100,2025-07-09,18.0
ACT003779,Call,Opportunity,OPP00755,E0100,2025-07-18,31.0
ACT003780,Email,Opportunity,OPP00755,E0100,2025-08-06,
ACT003781,Call,Opportunity,OPP00755,E0100,2025-07-16,44.0
ACT003782,Call,Opportunity,OPP00755,E0100,2025-08-09,14.0
ACT003783,Email,Opportunity,OPP00755,E0100,2025-07-20,
ACT003784,Email,Opportunity,OPP00756,E0028,2025-10-09,
ACT003785,Call,Opportunity,OPP00756,E0028,2025-09-30,13.0
ACT003786,Email,Opportunity,OPP00756,E0028,2025-09-26,
ACT003787,Task,Opportunity,OPP00756,E0028,2025-09-28,
ACT003788,Email,Opportunity,OPP00756,E0028,2025-09-18,
ACT003789,Call,Opportunity,OPP00756,E0028,2025-09-15,42.0
ACT003790,Task,Opportunity,OPP00756,E0028,2025-09-25,
ACT003791,Call,Opportunity,OPP00757,E0028,2024-12-17,8.0
ACT003792,Call,Opportunity,OPP00757,E0028,2024-12-28,9.0
ACT003793,Task,Opportunity,OPP00758,E0100,2024-07-06,
ACT003794,Call,Opportunity,OPP00758,E0100,2024-07-01,31.0
ACT003795,Call,Opportunity,OPP00759,E0057,2024-07-28,44.0
ACT003796,Email,Opportunity,OPP00759,E0057,2024-07-19,
ACT003797,Task,Opportunity,OPP00759,E0057,2024-07-20,
ACT003798,Task,Opportunity,OPP00759,E0057,2024-07-17,
ACT003799,Call,Opportunity,OPP00760,E0089,2024-05-02,9.0
ACT003800,Task,Opportunity,OPP00760,E0089,2024-05-20,
ACT003801,Email,Opportunity,OPP00760,E0089,2024-05-16,
ACT003802,Email,Opportunity,OPP00760,E0089,2024-05-07,
ACT003803,Task,Opportunity,OPP00760,E0089,2024-05-23,
ACT003804,Email,Opportunity,OPP00761,E0052,2024-08-13,
ACT003805,Email,Opportunity,OPP00761,E0052,2024-08-19,
ACT003806,Task,Opportunity,OPP00761,E0052,2024-07-29,
ACT003807,Call,Opportunity,OPP00761,E0052,2024-08-02,42.0
ACT003808,Email,Opportunity,OPP00762,E0161,2025-12-05,
ACT003809,Email,Opportunity,OPP00762,E0161,2025-12-07,
ACT003810,Call,Opportunity,OPP00762,E0161,2025-11-15,38.0
ACT003811,Call,Opportunity,OPP00763,E0085,2024-07-14,14.0
ACT003812,Call,Opportunity,OPP00763,E0085,2024-07-11,16.0
ACT003813,Email,Opportunity,OPP00764,E0014,2025-07-05,
ACT003814,Email,Opportunity,OPP00764,E0014,2025-06-15,
ACT003815,Email,Opportunity,OPP00765,E0089,2024-01-31,
ACT003816,Email,Opportunity,OPP00765,E0089,2024-04-17,
ACT003817,Meeting,Opportunity,OPP00765,E0089,2024-01-22,38.0
ACT003818,Email,Opportunity,OPP00765,E0089,2024-02-23,
ACT003819,Email,Opportunity,OPP00765,E0089,2024-03-23,
ACT003820,Call,Opportunity,OPP00765,E0089,2024-04-17,27.0
ACT003821,Meeting,Opportunity,OPP00765,E0089,2024-04-11,42.0
ACT003822,Email,Opportunity,OPP00765,E0089,2024-02-03,
ACT003823,Call,Opportunity,OPP00766,E0148,2024-10-08,22.0
ACT003824,Meeting,Opportunity,OPP00766,E0148,2024-11-05,30.0
ACT003825,Meeting,Opportunity,OPP00766,E0148,2024-10-22,11.0
ACT003826,Call,Opportunity,OPP00766,E0148,2024-10-05,26.0
ACT003827,Call,Opportunity,OPP00767,E0126,2025-10-15,38.0
ACT003828,Task,Opportunity,OPP00767,E0126,2025-10-16,
ACT003829,Email,Opportunity,OPP00767,E0126,2025-10-27,
ACT003830,Email,Opportunity,OPP00767,E0126,2025-10-18,
ACT003831,Call,Opportunity,OPP00767,E0126,2025-10-12,37.0
ACT003832,Email,Opportunity,OPP00767,E0126,2025-10-20,
ACT003833,Meeting,Opportunity,OPP00767,E0126,2025-10-07,29.0
ACT003834,Call,Opportunity,OPP00768,E0173,2025-06-24,12.0
ACT003835,Email,Opportunity,OPP00768,E0173,2025-08-09,
ACT003836,Call,Opportunity,OPP00768,E0173,2025-08-30,20.0
ACT003837,Call,Opportunity,OPP00768,E0173,2025-05-29,9.0
ACT003838,Email,Opportunity,OPP00768,E0173,2025-06-22,
ACT003839,Email,Opportunity,OPP00768,E0173,2025-06-30,
ACT003840,Call,Opportunity,OPP00768,E0173,2025-07-21,10.0
ACT003841,Email,Opportunity,OPP00769,E0100,2025-03-03,
ACT003842,Email,Opportunity,OPP00769,E0100,2025-03-02,
ACT003843,Email,Opportunity,OPP00770,E0173,2024-04-27,
ACT003844,Email,Opportunity,OPP00770,E0173,2024-05-20,
ACT003845,Meeting,Opportunity,OPP00770,E0173,2024-04-27,43.0
ACT003846,Call,Opportunity,OPP00771,E0172,2024-08-04,23.0
ACT003847,Task,Opportunity,OPP00771,E0172,2024-07-26,
ACT003848,Call,Opportunity,OPP00771,E0172,2024-08-02,9.0
ACT003849,Call,Opportunity,OPP00771,E0172,2024-08-09,5.0
ACT003850,Call,Opportunity,OPP00771,E0172,2024-08-11,10.0
ACT003851,Call,Opportunity,OPP00771,E0172,2024-07-20,31.0
ACT003852,Email,Opportunity,OPP00772,E0009,2024-08-18,
ACT003853,Call,Opportunity,OPP00772,E0009,2024-07-20,37.0
ACT003854,Email,Opportunity,OPP00772,E0009,2024-08-03,
ACT003855,Email,Opportunity,OPP00772,E0009,2024-07-20,
ACT003856,Email,Opportunity,OPP00772,E0009,2024-08-02,
ACT003857,Meeting,Opportunity,OPP00772,E0009,2024-08-02,22.0
ACT003858,Meeting,Opportunity,OPP00772,E0009,2024-07-20,24.0
ACT003859,Task,Opportunity,OPP00772,E0009,2024-08-17,
ACT003860,Email,Opportunity,OPP00773,E0161,2024-02-20,
ACT003861,Meeting,Opportunity,OPP00773,E0161,2024-05-04,38.0
ACT003862,Call,Opportunity,OPP00773,E0161,2024-05-30,18.0
ACT003863,Meeting,Opportunity,OPP00773,E0161,2024-03-23,29.0
ACT003864,Meeting,Opportunity,OPP00773,E0161,2024-06-12,22.0
ACT003865,Email,Opportunity,OPP00773,E0161,2024-05-05,
ACT003866,Call,Opportunity,OPP00773,E0161,2024-02-28,41.0
ACT003867,Email,Opportunity,OPP00774,E0028,2025-07-03,
ACT003868,Call,Opportunity,OPP00774,E0028,2025-07-13,10.0
ACT003869,Task,Opportunity,OPP00774,E0028,2025-07-30,
ACT003870,Email,Opportunity,OPP00774,E0028,2025-07-20,
ACT003871,Task,Opportunity,OPP00775,E0009,2024-07-01,
ACT003872,Email,Opportunity,OPP00775,E0009,2024-06-29,
ACT003873,Email,Opportunity,OPP00775,E0009,2024-07-01,
ACT003874,Task,Opportunity,OPP00775,E0009,2024-06-25,
ACT003875,Call,Opportunity,OPP00775,E0009,2024-07-26,34.0
ACT003876,Call,Opportunity,OPP00775,E0009,2024-07-17,34.0
ACT003877,Email,Opportunity,OPP00776,E0014,2024-10-08,
ACT003878,Task,Opportunity,OPP00776,E0014,2024-09-02,
ACT003879,Email,Opportunity,OPP00776,E0014,2024-09-08,
ACT003880,Email,Opportunity,OPP00776,E0014,2024-09-18,
ACT003881,Email,Opportunity,OPP00776,E0014,2024-10-03,
ACT003882,Task,Opportunity,OPP00776,E0014,2024-09-14,
ACT003883,Call,Opportunity,OPP00777,E0148,2025-08-20,40.0
ACT003884,Email,Opportunity,OPP00777,E0148,2025-06-30,
ACT003885,Task,Opportunity,OPP00777,E0148,2025-07-03,
ACT003886,Meeting,Opportunity,OPP00778,E0089,2025-05-15,38.0
ACT003887,Call,Opportunity,OPP00778,E0089,2025-05-11,34.0
ACT003888,Call,Opportunity,OPP00778,E0089,2025-05-31,42.0
ACT003889,Email,Opportunity,OPP00778,E0089,2025-05-29,
ACT003890,Email,Opportunity,OPP00778,E0089,2025-05-18,
ACT003891,Email,Opportunity,OPP00778,E0089,2025-05-29,
ACT003892,Task,Opportunity,OPP00778,E0089,2025-05-10,
ACT003893,Call,Opportunity,OPP00779,E0096,2025-07-07,27.0
ACT003894,Email,Opportunity,OPP00779,E0096,2025-07-01,
ACT003895,Email,Opportunity,OPP00779,E0096,2025-08-31,
ACT003896,Call,Opportunity,OPP00779,E0096,2025-08-24,22.0
ACT003897,Email,Opportunity,OPP00779,E0096,2025-06-28,
ACT003898,Call,Opportunity,OPP00779,E0096,2025-06-16,10.0
ACT003899,Call,Opportunity,OPP00779,E0096,2025-08-30,39.0
ACT003900,Email,Opportunity,OPP00779,E0096,2025-07-10,
ACT003901,Call,Opportunity,OPP00780,E0028,2025-02-13,41.0
ACT003902,Call,Opportunity,OPP00780,E0028,2025-02-25,6.0
ACT003903,Email,Opportunity,OPP00781,E0059,2025-10-20,
ACT003904,Call,Opportunity,OPP00781,E0059,2025-10-07,18.0
ACT003905,Email,Opportunity,OPP00781,E0059,2025-10-22,
ACT003906,Call,Opportunity,OPP00781,E0059,2025-10-25,38.0
ACT003907,Call,Opportunity,OPP00781,E0059,2025-10-30,28.0
ACT003908,Call,Opportunity,OPP00781,E0059,2025-10-26,23.0
ACT003909,Meeting,Opportunity,OPP00781,E0059,2025-10-21,11.0
ACT003910,Call,Opportunity,OPP00782,E0028,2024-06-04,19.0
ACT003911,Task,Opportunity,OPP00782,E0028,2024-05-19,
ACT003912,Call,Opportunity,OPP00783,E0059,2024-11-28,20.0
ACT003913,Email,Opportunity,OPP00783,E0059,2024-12-04,
ACT003914,Email,Opportunity,OPP00784,E0099,2025-01-26,
ACT003915,Meeting,Opportunity,OPP00784,E0099,2025-01-16,27.0
ACT003916,Meeting,Opportunity,OPP00784,E0099,2025-01-13,42.0
ACT003917,Call,Opportunity,OPP00784,E0099,2025-01-22,44.0
ACT003918,Call,Opportunity,OPP00784,E0099,2025-01-21,19.0
ACT003919,Email,Opportunity,OPP00784,E0099,2025-01-22,
ACT003920,Meeting,Opportunity,OPP00785,E0009,2024-08-27,21.0
ACT003921,Call,Opportunity,OPP00785,E0009,2024-08-12,41.0
ACT003922,Call,Opportunity,OPP00785,E0009,2024-08-24,15.0
ACT003923,Call,Opportunity,OPP00785,E0009,2024-08-23,34.0
ACT003924,Meeting,Opportunity,OPP00785,E0009,2024-08-13,29.0
ACT003925,Email,Opportunity,OPP00785,E0009,2024-08-27,
ACT003926,Call,Opportunity,OPP00785,E0009,2024-08-26,36.0
ACT003927,Call,Opportunity,OPP00785,E0009,2024-08-19,39.0
ACT003928,Email,Opportunity,OPP00786,E0163,2025-09-09,
ACT003929,Meeting,Opportunity,OPP00786,E0163,2025-09-08,21.0
ACT003930,Call,Opportunity,OPP00786,E0163,2025-08-08,9.0
ACT003931,Email,Opportunity,OPP00787,E0122,2024-04-19,
ACT003932,Call,Opportunity,OPP00787,E0122,2024-05-13,29.0
ACT003933,Meeting,Opportunity,OPP00787,E0122,2024-05-04,9.0
ACT003934,Call,Opportunity,OPP00787,E0122,2024-05-09,41.0
ACT003935,Meeting,Opportunity,OPP00788,E0100,2025-11-18,8.0
ACT003936,Call,Opportunity,OPP00788,E0100,2025-11-16,42.0
ACT003937,Email,Opportunity,OPP00788,E0100,2025-11-11,
ACT003938,Call,Opportunity,OPP00788,E0100,2025-11-16,44.0
ACT003939,Email,Opportunity,OPP00788,E0100,2025-11-11,
ACT003940,Email,Opportunity,OPP00788,E0100,2025-12-01,
ACT003941,Email,Opportunity,OPP00788,E0100,2025-11-10,
ACT003942,Meeting,Opportunity,OPP00789,E0085,2024-05-17,15.0
ACT003943,Email,Opportunity,OPP00789,E0085,2024-05-02,
ACT003944,Call,Opportunity,OPP00790,E0163,2025-11-09,38.0
ACT003945,Call,Opportunity,OPP00790,E0163,2025-10-21,28.0
ACT003946,Meeting,Opportunity,OPP00790,E0163,2025-09-16,42.0
ACT003947,Call,Opportunity,OPP00791,E0119,2024-01-31,28.0
ACT003948,Email,Opportunity,OPP00791,E0119,2024-02-16,
ACT003949,Call,Opportunity,OPP00791,E0119,2024-02-16,16.0
ACT003950,Task,Opportunity,OPP00791,E0119,2024-01-25,
ACT003951,Call,Opportunity,OPP00791,E0119,2024-01-25,39.0
ACT003952,Call,Opportunity,OPP00791,E0119,2024-02-10,19.0
ACT003953,Email,Opportunity,OPP00791,E0119,2024-02-05,
ACT003954,Meeting,Opportunity,OPP00791,E0119,2024-02-10,31.0
ACT003955,Email,Opportunity,OPP00792,E0014,2025-12-08,
ACT003956,Call,Opportunity,OPP00792,E0014,2025-11-27,31.0
ACT003957,Meeting,Opportunity,OPP00792,E0014,2025-12-06,15.0
ACT003958,Email,Opportunity,OPP00792,E0014,2025-12-04,
ACT003959,Call,Opportunity,OPP00792,E0014,2025-12-01,18.0
ACT003960,Meeting,Opportunity,OPP00792,E0014,2025-12-02,5.0
ACT003961,Meeting,Opportunity,OPP00792,E0014,2025-12-05,39.0
ACT003962,Call,Opportunity,OPP00793,E0096,2024-08-20,42.0
ACT003963,Call,Opportunity,OPP00793,E0096,2024-08-09,13.0
ACT003964,Email,Opportunity,OPP00794,E0018,2024-11-27,
ACT003965,Call,Opportunity,OPP00794,E0018,2024-11-30,14.0
ACT003966,Call,Opportunity,OPP00795,E0052,2025-07-16,12.0
ACT003967,Email,Opportunity,OPP00795,E0052,2025-07-14,
ACT003968,Call,Opportunity,OPP00795,E0052,2025-07-12,13.0
ACT003969,Call,Opportunity,OPP00795,E0052,2025-07-26,9.0
ACT003970,Email,Opportunity,OPP00795,E0052,2025-07-19,
ACT003971,Email,Opportunity,OPP00795,E0052,2025-06-28,
ACT003972,Email,Opportunity,OPP00796,E0089,2024-10-21,
ACT003973,Email,Opportunity,OPP00796,E0089,2024-10-23,
ACT003974,Call,Opportunity,OPP00796,E0089,2024-10-27,43.0
ACT003975,Call,Opportunity,OPP00796,E0089,2024-09-23,16.0
ACT003976,Call,Opportunity,OPP00796,E0089,2024-09-15,13.0
ACT003977,Call,Opportunity,OPP00797,E0059,2025-02-23,7.0
ACT003978,Meeting,Opportunity,OPP00797,E0059,2025-01-04,22.0
ACT003979,Call,Opportunity,OPP00797,E0059,2025-01-22,12.0
ACT003980,Email,Opportunity,OPP00797,E0059,2025-02-18,
ACT003981,Task,Opportunity,OPP00797,E0059,2025-01-04,
ACT003982,Email,Opportunity,OPP00798,E0059,2024-03-11,
ACT003983,Email,Opportunity,OPP00798,E0059,2024-02-28,
ACT003984,Email,Opportunity,OPP00798,E0059,2024-03-18,
ACT003985,Call,Opportunity,OPP00798,E0059,2024-03-15,13.0
ACT003986,Call,Opportunity,OPP00799,E0126,2024-12-11,31.0
ACT003987,Call,Opportunity,OPP00799,E0126,2024-11-17,11.0
ACT003988,Email,Opportunity,OPP00799,E0126,2024-11-05,
ACT003989,Call,Opportunity,OPP00799,E0126,2024-11-30,41.0
ACT003990,Call,Opportunity,OPP00799,E0126,2024-11-03,25.0
ACT003991,Call,Opportunity,OPP00800,E0126,2025-11-07,12.0
ACT003992,Call,Opportunity,OPP00800,E0126,2025-11-13,24.0
ACT003993,Call,Opportunity,OPP00800,E0126,2025-11-23,36.0
ACT003994,Call,Opportunity,OPP00800,E0126,2025-11-20,43.0
ACT003995,Task,Opportunity,OPP00801,E0148,2024-10-09,
ACT003996,Call,Opportunity,OPP00801,E0148,2024-10-21,42.0
ACT003997,Meeting,Opportunity,OPP00801,E0148,2024-09-28,37.0
ACT003998,Email,Opportunity,OPP00801,E0148,2024-09-28,
ACT003999,Email,Opportunity,OPP00802,E0057,2025-02-26,
ACT004000,Meeting,Opportunity,OPP00802,E0057,2025-05-24,35.0
ACT004001,Call,Opportunity,OPP00802,E0057,2025-05-22,33.0
ACT004002,Call,Opportunity,OPP00802,E0057,2025-05-13,26.0
ACT004003,Meeting,Opportunity,OPP00802,E0057,2025-05-23,18.0
ACT004004,Meeting,Opportunity,OPP00802,E0057,2025-03-25,11.0
ACT004005,Meeting,Opportunity,OPP00802,E0057,2025-04-23,16.0
ACT004006,Call,Opportunity,OPP00803,E0122,2024-10-08,29.0
ACT004007,Task,Opportunity,OPP00803,E0122,2024-10-22,
ACT004008,Call,Opportunity,OPP00803,E0122,2024-10-01,27.0
ACT004009,Task,Opportunity,OPP00803,E0122,2024-11-01,
ACT004010,Call,Opportunity,OPP00803,E0122,2024-09-30,36.0
ACT004011,Meeting,Opportunity,OPP00803,E0122,2024-09-29,44.0
ACT004012,Task,Opportunity,OPP00804,E0173,2025-03-08,
ACT004013,Meeting,Opportunity,OPP00804,E0173,2025-03-29,42.0
ACT004014,Call,Opportunity,OPP00804,E0173,2025-03-25,31.0
ACT004015,Meeting,Opportunity,OPP00805,E0009,2024-10-01,32.0
ACT004016,Task,Opportunity,OPP00805,E0009,2024-10-08,
ACT004017,Call,Opportunity,OPP00806,E0085,2024-03-06,38.0
ACT004018,Task,Opportunity,OPP00806,E0085,2024-04-16,
ACT004019,Meeting,Opportunity,OPP00806,E0085,2024-04-12,41.0
ACT004020,Email,Opportunity,OPP00806,E0085,2024-03-24,
ACT004021,Meeting,Opportunity,OPP00806,E0085,2024-03-23,32.0
ACT004022,Email,Opportunity,OPP00806,E0085,2024-03-10,
ACT004023,Call,Opportunity,OPP00806,E0085,2024-04-02,30.0
ACT004024,Meeting,Opportunity,OPP00807,E0057,2025-08-31,6.0
ACT004025,Email,Opportunity,OPP00807,E0057,2025-09-01,
ACT004026,Meeting,Opportunity,OPP00807,E0057,2025-08-31,29.0
ACT004027,Call,Opportunity,OPP00807,E0057,2025-09-11,21.0
ACT004028,Email,Opportunity,OPP00807,E0057,2025-09-19,
ACT004029,Email,Opportunity,OPP00807,E0057,2025-08-30,
ACT004030,Meeting,Opportunity,OPP00807,E0057,2025-09-21,29.0
ACT004031,Email,Opportunity,OPP00808,E0148,2024-08-27,
ACT004032,Call,Opportunity,OPP00808,E0148,2024-08-14,34.0
ACT004033,Call,Opportunity,OPP00808,E0148,2024-08-24,11.0
ACT004034,Email,Opportunity,OPP00808,E0148,2024-08-29,
ACT004035,Email,Opportunity,OPP00808,E0148,2024-07-31,
ACT004036,Email,Opportunity,OPP00808,E0148,2024-07-22,
ACT004037,Task,Opportunity,OPP00809,E0096,2024-06-01,
ACT004038,Meeting,Opportunity,OPP00809,E0096,2024-06-01,26.0
ACT004039,Email,Opportunity,OPP00809,E0096,2024-06-03,
ACT004040,Task,Opportunity,OPP00810,E0085,2024-05-28,
ACT004041,Email,Opportunity,OPP00810,E0085,2024-05-03,
ACT004042,Email,Opportunity,OPP00810,E0085,2024-06-09,
ACT004043,Meeting,Opportunity,OPP00810,E0085,2024-06-07,8.0
ACT004044,Task,Opportunity,OPP00810,E0085,2024-06-12,
ACT004045,Call,Opportunity,OPP00810,E0085,2024-06-09,36.0
ACT004046,Email,Opportunity,OPP00810,E0085,2024-04-30,
ACT004047,Meeting,Opportunity,OPP00811,E0014,2025-03-29,23.0
ACT004048,Email,Opportunity,OPP00811,E0014,2025-03-25,
ACT004049,Call,Opportunity,OPP00811,E0014,2025-04-02,28.0
ACT004050,Call,Opportunity,OPP00811,E0014,2025-04-07,23.0
ACT004051,Meeting,Opportunity,OPP00811,E0014,2025-03-26,40.0
ACT004052,Call,Opportunity,OPP00811,E0014,2025-04-30,39.0
ACT004053,Task,Opportunity,OPP00811,E0014,2025-03-22,
ACT004054,Task,Opportunity,OPP00812,E0085,2024-04-19,
ACT004055,Call,Opportunity,OPP00812,E0085,2024-03-25,36.0
ACT004056,Call,Opportunity,OPP00812,E0085,2024-03-28,39.0
ACT004057,Email,Opportunity,OPP00812,E0085,2024-04-07,
ACT004058,Call,Opportunity,OPP00812,E0085,2024-04-12,10.0
ACT004059,Call,Opportunity,OPP00812,E0085,2024-03-31,12.0
ACT004060,Email,Opportunity,OPP00812,E0085,2024-03-29,
ACT004061,Call,Opportunity,OPP00812,E0085,2024-04-19,13.0
ACT004062,Email,Opportunity,OPP00813,E0057,2025-02-18,
ACT004063,Meeting,Opportunity,OPP00813,E0057,2025-02-24,29.0
ACT004064,Email,Opportunity,OPP00813,E0057,2025-02-12,
ACT004065,Meeting,Opportunity,OPP00813,E0057,2025-03-03,10.0
ACT004066,Task,Opportunity,OPP00813,E0057,2025-02-18,
ACT004067,Email,Opportunity,OPP00813,E0057,2025-02-19,
ACT004068,Call,Opportunity,OPP00813,E0057,2025-02-17,15.0
ACT004069,Email,Opportunity,OPP00813,E0057,2025-02-25,
ACT004070,Email,Opportunity,OPP00814,E0122,2024-07-25,
ACT004071,Email,Opportunity,OPP00814,E0122,2024-03-25,
ACT004072,Task,Opportunity,OPP00814,E0122,2024-06-22,
ACT004073,Call,Opportunity,OPP00814,E0122,2024-04-22,22.0
ACT004074,Email,Opportunity,OPP00814,E0122,2024-06-26,
ACT004075,Email,Opportunity,OPP00815,E0100,2024-07-26,
ACT004076,Email,Opportunity,OPP00815,E0100,2024-08-27,
ACT004077,Call,Opportunity,OPP00815,E0100,2024-10-05,6.0
ACT004078,Meeting,Opportunity,OPP00815,E0100,2024-08-24,8.0
ACT004079,Email,Opportunity,OPP00815,E0100,2024-10-23,
ACT004080,Call,Opportunity,OPP00816,E0172,2025-05-31,44.0
ACT004081,Meeting,Opportunity,OPP00816,E0172,2025-05-31,6.0
ACT004082,Email,Opportunity,OPP00816,E0172,2025-06-06,
ACT004083,Meeting,Opportunity,OPP00816,E0172,2025-06-04,9.0
ACT004084,Email,Opportunity,OPP00817,E0009,2024-09-16,
ACT004085,Call,Opportunity,OPP00817,E0009,2024-08-29,27.0
ACT004086,Email,Opportunity,OPP00817,E0009,2024-09-22,
ACT004087,Call,Opportunity,OPP00817,E0009,2024-09-14,10.0
ACT004088,Email,Opportunity,OPP00817,E0009,2024-09-19,
ACT004089,Email,Opportunity,OPP00817,E0009,2024-09-15,
ACT004090,Email,Opportunity,OPP00817,E0009,2024-09-04,
ACT004091,Email,Opportunity,OPP00818,E0122,2025-06-07,
ACT004092,Email,Opportunity,OPP00818,E0122,2025-06-27,
ACT004093,Call,Opportunity,OPP00818,E0122,2025-07-03,26.0
ACT004094,Call,Opportunity,OPP00818,E0122,2025-05-28,5.0
ACT004095,Meeting,Opportunity,OPP00819,E0172,2025-02-09,40.0
ACT004096,Meeting,Opportunity,OPP00819,E0172,2025-02-15,7.0
ACT004097,Email,Opportunity,OPP00820,E0148,2024-03-01,
ACT004098,Call,Opportunity,OPP00820,E0148,2024-03-09,25.0
ACT004099,Email,Opportunity,OPP00820,E0148,2024-03-03,
ACT004100,Call,Opportunity,OPP00820,E0148,2024-03-01,31.0
ACT004101,Call,Opportunity,OPP00820,E0148,2024-03-14,6.0
ACT004102,Call,Opportunity,OPP00820,E0148,2024-03-01,40.0
ACT004103,Call,Opportunity,OPP00820,E0148,2024-03-04,33.0
ACT004104,Meeting,Opportunity,OPP00821,E0163,2024-09-21,43.0
ACT004105,Meeting,Opportunity,OPP00821,E0163,2024-08-20,26.0
ACT004106,Call,Opportunity,OPP00822,E0059,2024-12-22,12.0
ACT004107,Call,Opportunity,OPP00822,E0059,2025-01-04,9.0
ACT004108,Meeting,Opportunity,OPP00822,E0059,2024-12-05,10.0
ACT004109,Call,Opportunity,OPP00822,E0059,2024-12-21,5.0
ACT004110,Call,Opportunity,OPP00822,E0059,2024-11-12,26.0
ACT004111,Call,Opportunity,OPP00822,E0059,2024-11-12,38.0
ACT004112,Call,Opportunity,OPP00823,E0099,2025-12-27,39.0
ACT004113,Email,Opportunity,OPP00823,E0099,2026-01-16,
ACT004114,Call,Opportunity,OPP00823,E0099,2026-01-22,31.0
ACT004115,Call,Opportunity,OPP00824,E0018,2025-10-07,20.0
ACT004116,Email,Opportunity,OPP00824,E0018,2025-10-11,
ACT004117,Call,Opportunity,OPP00824,E0018,2025-10-18,42.0
ACT004118,Call,Opportunity,OPP00824,E0018,2025-10-01,37.0
ACT004119,Email,Opportunity,OPP00825,E0089,2025-02-08,
ACT004120,Task,Opportunity,OPP00825,E0089,2025-03-13,
ACT004121,Call,Opportunity,OPP00825,E0089,2025-02-18,14.0
ACT004122,Task,Opportunity,OPP00825,E0089,2025-02-02,
ACT004123,Email,Opportunity,OPP00825,E0089,2025-02-22,
ACT004124,Email,Opportunity,OPP00825,E0089,2025-02-18,
ACT004125,Email,Opportunity,OPP00826,E0172,2025-09-15,
ACT004126,Email,Opportunity,OPP00826,E0172,2025-09-14,
ACT004127,Call,Opportunity,OPP00826,E0172,2025-09-16,26.0
ACT004128,Call,Opportunity,OPP00826,E0172,2025-08-26,39.0
ACT004129,Meeting,Opportunity,OPP00826,E0172,2025-09-09,5.0
ACT004130,Task,Opportunity,OPP00827,E0119,2025-07-21,
ACT004131,Email,Opportunity,OPP00827,E0119,2025-09-10,
ACT004132,Call,Opportunity,OPP00827,E0119,2025-11-12,30.0
ACT004133,Call,Opportunity,OPP00827,E0119,2025-07-24,35.0
ACT004134,Meeting,Opportunity,OPP00827,E0119,2025-07-23,33.0
ACT004135,Email,Opportunity,OPP00827,E0119,2025-07-05,
ACT004136,Call,Opportunity,OPP00827,E0119,2025-08-16,9.0
ACT004137,Task,Opportunity,OPP00827,E0119,2025-06-19,
ACT004138,Call,Opportunity,OPP00828,E0018,2024-07-17,32.0
ACT004139,Email,Opportunity,OPP00828,E0018,2024-10-08,
ACT004140,Email,Opportunity,OPP00828,E0018,2024-10-07,
ACT004141,Call,Opportunity,OPP00828,E0018,2024-09-30,35.0
ACT004142,Meeting,Opportunity,OPP00829,E0028,2025-11-21,12.0
ACT004143,Call,Opportunity,OPP00829,E0028,2025-11-23,28.0
ACT004144,Call,Opportunity,OPP00829,E0028,2025-12-14,13.0
ACT004145,Meeting,Opportunity,OPP00829,E0028,2025-10-03,17.0
ACT004146,Call,Opportunity,OPP00829,E0028,2025-11-13,31.0
ACT004147,Call,Opportunity,OPP00829,E0028,2025-10-04,41.0
ACT004148,Email,Opportunity,OPP00830,E0018,2025-05-05,
ACT004149,Task,Opportunity,OPP00830,E0018,2025-05-23,
ACT004150,Email,Opportunity,OPP00830,E0018,2025-05-07,
ACT004151,Task,Opportunity,OPP00830,E0018,2025-05-28,
ACT004152,Call,Opportunity,OPP00830,E0018,2025-06-02,23.0
ACT004153,Email,Opportunity,OPP00831,E0018,2025-05-09,
ACT004154,Email,Opportunity,OPP00831,E0018,2025-04-13,
ACT004155,Task,Opportunity,OPP00831,E0018,2025-04-18,
ACT004156,Email,Opportunity,OPP00831,E0018,2025-04-16,
ACT004157,Call,Opportunity,OPP00831,E0018,2025-04-23,5.0
ACT004158,Call,Opportunity,OPP00831,E0018,2025-04-16,29.0
ACT004159,Call,Opportunity,OPP00831,E0018,2025-05-17,7.0
ACT004160,Call,Opportunity,OPP00831,E0018,2025-05-08,17.0
ACT004161,Task,Opportunity,OPP00832,E0119,2025-04-10,
ACT004162,Meeting,Opportunity,OPP00832,E0119,2025-06-05,9.0
ACT004163,Email,Opportunity,OPP00832,E0119,2025-04-09,
ACT004164,Call,Opportunity,OPP00832,E0119,2025-05-13,44.0
ACT004165,Email,Opportunity,OPP00832,E0119,2025-08-20,
ACT004166,Email,Opportunity,OPP00832,E0119,2025-06-01,
ACT004167,Call,Opportunity,OPP00832,E0119,2025-05-18,22.0
ACT004168,Call,Opportunity,OPP00833,E0100,2025-12-17,25.0
ACT004169,Email,Opportunity,OPP00833,E0100,2025-12-12,
ACT004170,Task,Opportunity,OPP00833,E0100,2025-12-25,
ACT004171,Call,Opportunity,OPP00833,E0100,2025-11-16,42.0
ACT004172,Call,Opportunity,OPP00833,E0100,2025-11-28,30.0
ACT004173,Email,Opportunity,OPP00833,E0100,2025-12-04,
ACT004174,Call,Opportunity,OPP00833,E0100,2025-11-22,33.0
ACT004175,Task,Opportunity,OPP00834,E0018,2024-11-08,
ACT004176,Email,Opportunity,OPP00834,E0018,2024-11-11,
ACT004177,Email,Opportunity,OPP00834,E0018,2024-11-20,
ACT004178,Meeting,Opportunity,OPP00834,E0018,2024-11-01,9.0
ACT004179,Task,Opportunity,OPP00834,E0018,2024-11-12,
ACT004180,Email,Opportunity,OPP00834,E0018,2024-11-10,
ACT004181,Call,Opportunity,OPP00835,E0059,2025-12-18,20.0
ACT004182,Meeting,Opportunity,OPP00835,E0059,2025-12-29,14.0
ACT004183,Call,Opportunity,OPP00835,E0059,2026-01-03,6.0
ACT004184,Meeting,Opportunity,OPP00836,E0173,2024-05-26,19.0
ACT004185,Email,Opportunity,OPP00836,E0173,2024-05-30,
ACT004186,Call,Opportunity,OPP00836,E0173,2024-06-20,23.0
ACT004187,Call,Opportunity,OPP00836,E0173,2024-05-13,14.0
ACT004188,Call,Opportunity,OPP00837,E0014,2025-03-20,32.0
ACT004189,Email,Opportunity,OPP00837,E0014,2025-05-28,
ACT004190,Call,Opportunity,OPP00837,E0014,2025-06-29,15.0
ACT004191,Call,Opportunity,OPP00837,E0014,2025-04-16,30.0
ACT004192,Email,Opportunity,OPP00837,E0014,2025-04-17,
ACT004193,Email,Opportunity,OPP00837,E0014,2025-03-21,
ACT004194,Meeting,Opportunity,OPP00837,E0014,2025-05-27,29.0
ACT004195,Call,Opportunity,OPP00837,E0014,2025-06-24,25.0
ACT004196,Email,Opportunity,OPP00838,E0052,2024-03-11,
ACT004197,Meeting,Opportunity,OPP00838,E0052,2024-03-27,6.0
ACT004198,Email,Opportunity,OPP00838,E0052,2024-04-04,
ACT004199,Email,Opportunity,OPP00838,E0052,2024-04-12,
ACT004200,Meeting,Opportunity,OPP00838,E0052,2024-02-04,18.0
ACT004201,Call,Opportunity,OPP00838,E0052,2024-04-06,43.0
ACT004202,Email,Opportunity,OPP00838,E0052,2024-02-26,
ACT004203,Meeting,Opportunity,OPP00839,E0089,2025-07-09,15.0
ACT004204,Email,Opportunity,OPP00839,E0089,2025-06-08,
ACT004205,Meeting,Opportunity,OPP00839,E0089,2025-08-27,39.0
ACT004206,Email,Opportunity,OPP00839,E0089,2025-07-07,
ACT004207,Email,Opportunity,OPP00840,E0059,2024-08-25,
ACT004208,Call,Opportunity,OPP00840,E0059,2024-08-09,28.0
ACT004209,Call,Opportunity,OPP00840,E0059,2024-08-11,6.0
ACT004210,Call,Opportunity,OPP00840,E0059,2024-09-03,13.0
ACT004211,Email,Opportunity,OPP00840,E0059,2024-08-17,
ACT004212,Meeting,Opportunity,OPP00840,E0059,2024-08-12,35.0
ACT004213,Call,Opportunity,OPP00840,E0059,2024-08-21,29.0
ACT004214,Email,Opportunity,OPP00840,E0059,2024-08-11,
ACT004215,Call,Opportunity,OPP00841,E0099,2025-09-01,21.0
ACT004216,Call,Opportunity,OPP00841,E0099,2025-08-15,38.0
ACT004217,Email,Opportunity,OPP00841,E0099,2025-09-10,
ACT004218,Call,Opportunity,OPP00841,E0099,2025-08-12,35.0
ACT004219,Email,Opportunity,OPP00841,E0099,2025-08-20,
ACT004220,Call,Opportunity,OPP00841,E0099,2025-08-14,8.0
ACT004221,Email,Opportunity,OPP00841,E0099,2025-09-10,
ACT004222,Call,Opportunity,OPP00841,E0099,2025-08-25,20.0
ACT004223,Email,Opportunity,OPP00842,E0126,2025-06-04,
ACT004224,Meeting,Opportunity,OPP00842,E0126,2025-06-12,41.0
ACT004225,Email,Opportunity,OPP00842,E0126,2025-06-06,
ACT004226,Email,Opportunity,OPP00842,E0126,2025-05-22,
ACT004227,Email,Opportunity,OPP00842,E0126,2025-06-18,
ACT004228,Call,Opportunity,OPP00842,E0126,2025-06-19,43.0
ACT004229,Call,Opportunity,OPP00842,E0126,2025-06-08,33.0
ACT004230,Call,Opportunity,OPP00843,E0172,2025-04-25,25.0
ACT004231,Meeting,Opportunity,OPP00843,E0172,2025-05-13,34.0
ACT004232,Email,Opportunity,OPP00843,E0172,2025-05-22,
ACT004233,Email,Opportunity,OPP00844,E0173,2025-06-18,
ACT004234,Call,Opportunity,OPP00844,E0173,2025-07-10,12.0
ACT004235,Call,Opportunity,OPP00844,E0173,2025-06-10,31.0
ACT004236,Meeting,Opportunity,OPP00844,E0173,2025-06-11,9.0
ACT004237,Call,Opportunity,OPP00845,E0122,2025-07-03,14.0
ACT004238,Task,Opportunity,OPP00845,E0122,2025-07-13,
ACT004239,Email,Opportunity,OPP00845,E0122,2025-07-15,
ACT004240,Email,Opportunity,OPP00845,E0122,2025-07-01,
ACT004241,Email,Opportunity,OPP00845,E0122,2025-07-05,
ACT004242,Task,Opportunity,OPP00845,E0122,2025-07-02,
ACT004243,Task,Opportunity,OPP00845,E0122,2025-06-29,
ACT004244,Call,Opportunity,OPP00845,E0122,2025-06-21,40.0
ACT004245,Email,Opportunity,OPP00846,E0014,2024-12-09,
ACT004246,Email,Opportunity,OPP00846,E0014,2024-12-14,
ACT004247,Meeting,Opportunity,OPP00846,E0014,2024-12-18,15.0
ACT004248,Meeting,Opportunity,OPP00846,E0014,2024-12-17,33.0
ACT004249,Email,Opportunity,OPP00846,E0014,2025-01-03,
ACT004250,Email,Opportunity,OPP00846,E0014,2025-01-09,
ACT004251,Task,Opportunity,OPP00846,E0014,2025-01-06,
ACT004252,Call,Opportunity,OPP00847,E0099,2025-10-30,28.0
ACT004253,Call,Opportunity,OPP00847,E0099,2025-10-29,11.0
ACT004254,Email,Opportunity,OPP00847,E0099,2025-10-29,
ACT004255,Meeting,Opportunity,OPP00847,E0099,2025-10-28,41.0
ACT004256,Call,Opportunity,OPP00847,E0099,2025-10-18,9.0
ACT004257,Call,Opportunity,OPP00848,E0085,2025-02-24,12.0
ACT004258,Email,Opportunity,OPP00848,E0085,2025-03-06,
ACT004259,Call,Opportunity,OPP00848,E0085,2025-03-26,7.0
ACT004260,Call,Opportunity,OPP00849,E0028,2025-09-30,9.0
ACT004261,Call,Opportunity,OPP00849,E0028,2025-09-22,42.0
ACT004262,Call,Opportunity,OPP00849,E0028,2025-10-07,11.0
ACT004263,Call,Opportunity,OPP00849,E0028,2025-08-23,39.0
ACT004264,Email,Opportunity,OPP00850,E0052,2025-12-19,
ACT004265,Task,Opportunity,OPP00850,E0052,2026-01-10,
ACT004266,Email,Opportunity,OPP00850,E0052,2026-01-09,
ACT004267,Email,Opportunity,OPP00850,E0052,2025-12-16,
ACT004268,Task,Opportunity,OPP00851,E0096,2024-09-22,
ACT004269,Meeting,Opportunity,OPP00851,E0096,2024-10-25,7.0
ACT004270,Email,Opportunity,OPP00851,E0096,2024-09-20,
ACT004271,Task,Opportunity,OPP00851,E0096,2024-10-02,
ACT004272,Call,Opportunity,OPP00851,E0096,2024-10-20,24.0
ACT004273,Task,Opportunity,OPP00851,E0096,2024-10-12,
ACT004274,Email,Opportunity,OPP00851,E0096,2024-09-24,
ACT004275,Call,Opportunity,OPP00851,E0096,2024-09-29,28.0
ACT004276,Email,Opportunity,OPP00852,E0099,2025-12-11,
ACT004277,Email,Opportunity,OPP00852,E0099,2025-12-16,
ACT004278,Meeting,Opportunity,OPP00852,E0099,2025-12-27,28.0
ACT004279,Task,Opportunity,OPP00852,E0099,2025-12-27,
ACT004280,Email,Opportunity,OPP00852,E0099,2025-12-22,
ACT004281,Email,Opportunity,OPP00852,E0099,2025-12-18,
ACT004282,Call,Opportunity,OPP00852,E0099,2025-12-06,40.0
ACT004283,Meeting,Opportunity,OPP00852,E0099,2025-12-16,12.0
ACT004284,Meeting,Opportunity,OPP00853,E0018,2024-03-10,36.0
ACT004285,Email,Opportunity,OPP00853,E0018,2024-04-14,
ACT004286,Email,Opportunity,OPP00853,E0018,2024-03-25,
ACT004287,Meeting,Opportunity,OPP00853,E0018,2024-04-01,13.0
ACT004288,Task,Opportunity,OPP00854,E0173,2024-07-31,
ACT004289,Call,Opportunity,OPP00854,E0173,2024-06-04,44.0
ACT004290,Call,Opportunity,OPP00854,E0173,2024-08-02,20.0
ACT004291,Task,Opportunity,OPP00854,E0173,2024-06-05,
ACT004292,Email,Opportunity,OPP00855,E0161,2024-11-10,
ACT004293,Email,Opportunity,OPP00855,E0161,2024-11-02,
ACT004294,Email,Opportunity,OPP00855,E0161,2024-09-23,
ACT004295,Email,Opportunity,OPP00855,E0161,2024-10-13,
ACT004296,Call,Opportunity,OPP00855,E0161,2024-10-12,31.0
ACT004297,Call,Opportunity,OPP00856,E0028,2024-07-13,16.0
ACT004298,Call,Opportunity,OPP00856,E0028,2024-06-19,10.0
ACT004299,Email,Opportunity,OPP00856,E0028,2024-07-03,
ACT004300,Call,Opportunity,OPP00856,E0028,2024-06-18,27.0
ACT004301,Email,Opportunity,OPP00856,E0028,2024-06-30,
ACT004302,Call,Opportunity,OPP00856,E0028,2024-06-22,12.0
ACT004303,Call,Opportunity,OPP00857,E0126,2024-04-09,42.0
ACT004304,Call,Opportunity,OPP00857,E0126,2024-04-10,24.0
ACT004305,Email,Opportunity,OPP00858,E0161,2025-10-10,
ACT004306,Email,Opportunity,OPP00858,E0161,2025-09-17,
ACT004307,Task,Opportunity,OPP00858,E0161,2025-08-06,
ACT004308,Call,Opportunity,OPP00858,E0161,2025-10-06,20.0
ACT004309,Email,Opportunity,OPP00858,E0161,2025-09-29,
ACT004310,Email,Opportunity,OPP00858,E0161,2025-07-31,
ACT004311,Call,Opportunity,OPP00859,E0161,2025-09-06,6.0
ACT004312,Email,Opportunity,OPP00859,E0161,2025-07-31,
ACT004313,Call,Opportunity,OPP00859,E0161,2025-09-15,12.0
ACT004314,Call,Opportunity,OPP00860,E0089,2025-09-23,20.0
ACT004315,Meeting,Opportunity,OPP00860,E0089,2025-10-25,13.0
ACT004316,Meeting,Opportunity,OPP00860,E0089,2025-09-18,27.0
ACT004317,Call,Opportunity,OPP00860,E0089,2025-09-02,42.0
ACT004318,Task,Opportunity,OPP00860,E0089,2025-10-28,
ACT004319,Email,Opportunity,OPP00860,E0089,2025-09-10,
ACT004320,Call,Opportunity,OPP00861,E0014,2024-03-15,9.0
ACT004321,Meeting,Opportunity,OPP00861,E0014,2024-03-17,42.0
ACT004322,Task,Opportunity,OPP00861,E0014,2024-04-12,
ACT004323,Call,Opportunity,OPP00861,E0014,2024-03-28,31.0
ACT004324,Task,Opportunity,OPP00861,E0014,2024-03-25,
ACT004325,Task,Opportunity,OPP00862,E0119,2025-10-08,
ACT004326,Call,Opportunity,OPP00862,E0119,2025-12-11,29.0
ACT004327,Meeting,Opportunity,OPP00862,E0119,2025-09-27,7.0
ACT004328,Email,Opportunity,OPP00862,E0119,2025-11-27,
ACT004329,Call,Opportunity,OPP00862,E0119,2025-12-12,36.0
ACT004330,Email,Opportunity,OPP00862,E0119,2025-10-15,
ACT004331,Call,Opportunity,OPP00862,E0119,2025-10-18,33.0
ACT004332,Call,Opportunity,OPP00863,E0085,2024-09-06,35.0
ACT004333,Email,Opportunity,OPP00863,E0085,2024-09-07,
ACT004334,Task,Opportunity,OPP00864,E0126,2025-10-10,
ACT004335,Email,Opportunity,OPP00864,E0126,2025-10-30,
ACT004336,Email,Opportunity,OPP00865,E0028,2024-10-31,
ACT004337,Task,Opportunity,OPP00865,E0028,2024-10-03,
ACT004338,Email,Opportunity,OPP00865,E0028,2024-11-12,
ACT004339,Email,Opportunity,OPP00865,E0028,2024-10-12,
ACT004340,Email,Opportunity,OPP00865,E0028,2024-11-09,
ACT004341,Meeting,Opportunity,OPP00865,E0028,2024-10-06,13.0
ACT004342,Meeting,Opportunity,OPP00865,E0028,2024-10-23,7.0
ACT004343,Meeting,Opportunity,OPP00865,E0028,2024-10-30,15.0
ACT004344,Call,Opportunity,OPP00866,E0014,2024-08-27,16.0
ACT004345,Meeting,Opportunity,OPP00866,E0014,2024-10-22,38.0
ACT004346,Email,Opportunity,OPP00866,E0014,2024-10-18,
ACT004347,Email,Opportunity,OPP00866,E0014,2024-09-02,
ACT004348,Call,Opportunity,OPP00866,E0014,2024-09-20,28.0
ACT004349,Email,Opportunity,OPP00866,E0014,2024-08-18,
ACT004350,Email,Opportunity,OPP00866,E0014,2024-08-20,
ACT004351,Call,Opportunity,OPP00867,E0059,2025-01-31,22.0
ACT004352,Email,Opportunity,OPP00867,E0059,2025-01-13,
ACT004353,Task,Opportunity,OPP00868,E0161,2024-09-06,
ACT004354,Call,Opportunity,OPP00868,E0161,2024-08-30,30.0
ACT004355,Call,Opportunity,OPP00868,E0161,2024-10-10,15.0
ACT004356,Call,Opportunity,OPP00868,E0161,2024-09-13,37.0
ACT004357,Email,Opportunity,OPP00868,E0161,2024-08-30,
ACT004358,Meeting,Opportunity,OPP00868,E0161,2024-09-29,6.0
ACT004359,Task,Opportunity,OPP00869,E0009,2024-09-09,
ACT004360,Call,Opportunity,OPP00869,E0009,2024-09-05,22.0
ACT004361,Task,Opportunity,OPP00869,E0009,2024-09-30,
ACT004362,Meeting,Opportunity,OPP00870,E0085,2024-09-04,7.0
ACT004363,Task,Opportunity,OPP00870,E0085,2024-08-31,
ACT004364,Email,Opportunity,OPP00870,E0085,2024-09-02,
ACT004365,Email,Opportunity,OPP00870,E0085,2024-08-23,
ACT004366,Meeting,Opportunity,OPP00870,E0085,2024-08-23,20.0
ACT004367,Call,Opportunity,OPP00871,E0032,2024-11-26,6.0
ACT004368,Meeting,Opportunity,OPP00871,E0032,2024-09-27,37.0
ACT004369,Meeting,Opportunity,OPP00871,E0032,2024-10-21,11.0
ACT004370,Call,Opportunity,OPP00871,E0032,2025-01-11,36.0
ACT004371,Call,Opportunity,OPP00871,E0032,2024-09-27,9.0
ACT004372,Call,Opportunity,OPP00872,E0009,2024-05-08,13.0
ACT004373,Email,Opportunity,OPP00872,E0009,2024-05-26,
ACT004374,Call,Opportunity,OPP00872,E0009,2024-06-13,27.0
ACT004375,Task,Opportunity,OPP00872,E0009,2024-05-20,
ACT004376,Email,Opportunity,OPP00872,E0009,2024-04-22,
ACT004377,Email,Opportunity,OPP00873,E0052,2024-02-05,
ACT004378,Email,Opportunity,OPP00873,E0052,2024-02-12,
ACT004379,Call,Opportunity,OPP00873,E0052,2024-01-31,27.0
ACT004380,Call,Opportunity,OPP00873,E0052,2024-02-24,26.0
ACT004381,Meeting,Opportunity,OPP00873,E0052,2024-02-05,20.0
ACT004382,Email,Opportunity,OPP00873,E0052,2024-02-25,
ACT004383,Task,Opportunity,OPP00873,E0052,2024-01-31,
ACT004384,Call,Opportunity,OPP00873,E0052,2024-02-23,6.0
ACT004385,Email,Opportunity,OPP00874,E0173,2025-09-20,
ACT004386,Call,Opportunity,OPP00874,E0173,2025-09-22,39.0
ACT004387,Email,Opportunity,OPP00874,E0173,2025-09-15,
ACT004388,Call,Opportunity,OPP00874,E0173,2025-09-12,25.0
ACT004389,Meeting,Opportunity,OPP00875,E0059,2025-07-27,30.0
ACT004390,Call,Opportunity,OPP00875,E0059,2025-08-01,13.0
ACT004391,Call,Opportunity,OPP00875,E0059,2025-08-10,44.0
ACT004392,Call,Opportunity,OPP00875,E0059,2025-08-04,40.0
ACT004393,Email,Opportunity,OPP00875,E0059,2025-07-29,
ACT004394,Call,Opportunity,OPP00875,E0059,2025-08-06,16.0
ACT004395,Task,Opportunity,OPP00876,E0089,2024-08-19,
ACT004396,Email,Opportunity,OPP00876,E0089,2024-07-10,
ACT004397,Email,Opportunity,OPP00876,E0089,2024-07-29,
ACT004398,Email,Opportunity,OPP00876,E0089,2024-08-18,
ACT004399,Task,Opportunity,OPP00876,E0089,2024-07-19,
ACT004400,Email,Opportunity,OPP00876,E0089,2024-07-20,
ACT004401,Call,Opportunity,OPP00876,E0089,2024-07-18,36.0
ACT004402,Meeting,Opportunity,OPP00877,E0059,2024-11-13,9.0
ACT004403,Meeting,Opportunity,OPP00877,E0059,2024-11-16,28.0
ACT004404,Email,Opportunity,OPP00877,E0059,2024-12-10,
ACT004405,Call,Opportunity,OPP00877,E0059,2025-02-23,36.0
ACT004406,Email,Opportunity,OPP00877,E0059,2025-01-07,
ACT004407,Meeting,Opportunity,OPP00877,E0059,2024-12-05,14.0
ACT004408,Task,Opportunity,OPP00878,E0100,2025-03-15,
ACT004409,Email,Opportunity,OPP00878,E0100,2025-03-06,
ACT004410,Email,Opportunity,OPP00878,E0100,2025-03-04,
ACT004411,Email,Opportunity,OPP00878,E0100,2025-02-12,
ACT004412,Call,Opportunity,OPP00878,E0100,2025-02-22,21.0
ACT004413,Meeting,Opportunity,OPP00878,E0100,2025-03-14,44.0
ACT004414,Email,Opportunity,OPP00878,E0100,2025-02-09,
ACT004415,Email,Opportunity,OPP00878,E0100,2025-03-03,
ACT004416,Call,Opportunity,OPP00879,E0032,2025-12-07,38.0
ACT004417,Email,Opportunity,OPP00879,E0032,2025-12-03,
ACT004418,Call,Opportunity,OPP00879,E0032,2025-11-11,21.0
ACT004419,Email,Opportunity,OPP00879,E0032,2025-12-03,
ACT004420,Call,Opportunity,OPP00879,E0032,2025-12-03,24.0
ACT004421,Call,Opportunity,OPP00879,E0032,2025-11-14,11.0
ACT004422,Email,Opportunity,OPP00879,E0032,2025-11-21,
ACT004423,Email,Opportunity,OPP00880,E0052,2024-11-21,
ACT004424,Email,Opportunity,OPP00880,E0052,2024-11-27,
ACT004425,Email,Opportunity,OPP00881,E0099,2025-01-03,
ACT004426,Meeting,Opportunity,OPP00881,E0099,2024-12-09,22.0
ACT004427,Email,Opportunity,OPP00881,E0099,2025-01-20,
ACT004428,Email,Opportunity,OPP00882,E0122,2024-12-04,
ACT004429,Call,Opportunity,OPP00882,E0122,2024-11-02,32.0
ACT004430,Call,Opportunity,OPP00883,E0173,2024-06-18,37.0
ACT004431,Email,Opportunity,OPP00883,E0173,2024-05-16,
ACT004432,Call,Opportunity,OPP00883,E0173,2024-06-21,30.0
ACT004433,Email,Opportunity,OPP00883,E0173,2024-05-07,
ACT004434,Email,Opportunity,OPP00883,E0173,2024-06-27,
ACT004435,Call,Opportunity,OPP00884,E0163,2025-09-21,22.0
ACT004436,Email,Opportunity,OPP00884,E0163,2025-09-10,
ACT004437,Email,Opportunity,OPP00885,E0028,2024-10-24,
ACT004438,Call,Opportunity,OPP00885,E0028,2024-10-10,36.0
ACT004439,Email,Opportunity,OPP00885,E0028,2024-10-27,
ACT004440,Task,Opportunity,OPP00886,E0163,2025-11-05,
ACT004441,Email,Opportunity,OPP00886,E0163,2025-09-29,
ACT004442,Task,Opportunity,OPP00886,E0163,2025-10-04,
ACT004443,Email,Opportunity,OPP00886,E0163,2025-10-27,
ACT004444,Call,Opportunity,OPP00887,E0099,2024-03-27,5.0
ACT004445,Call,Opportunity,OPP00887,E0099,2024-03-05,8.0
ACT004446,Email,Opportunity,OPP00887,E0099,2024-02-12,
ACT004447,Call,Opportunity,OPP00887,E0099,2024-03-17,11.0
ACT004448,Call,Opportunity,OPP00887,E0099,2024-03-26,35.0
ACT004449,Meeting,Opportunity,OPP00887,E0099,2024-02-28,25.0
ACT004450,Email,Opportunity,OPP00888,E0085,2025-11-04,
ACT004451,Meeting,Opportunity,OPP00888,E0085,2025-11-03,15.0
ACT004452,Task,Opportunity,OPP00888,E0085,2025-11-10,
ACT004453,Call,Opportunity,OPP00889,E0085,2025-02-28,41.0
ACT004454,Email,Opportunity,OPP00889,E0085,2025-02-20,
ACT004455,Email,Opportunity,OPP00889,E0085,2025-02-16,
ACT004456,Email,Opportunity,OPP00889,E0085,2025-02-20,
ACT004457,Meeting,Opportunity,OPP00889,E0085,2025-04-02,12.0
ACT004458,Task,Opportunity,OPP00889,E0085,2025-03-08,
ACT004459,Meeting,Opportunity,OPP00890,E0018,2024-04-01,20.0
ACT004460,Call,Opportunity,OPP00890,E0018,2024-04-05,21.0
ACT004461,Email,Opportunity,OPP00890,E0018,2024-04-03,
ACT004462,Email,Opportunity,OPP00890,E0018,2024-03-25,
ACT004463,Call,Opportunity,OPP00890,E0018,2024-03-30,41.0
ACT004464,Task,Opportunity,OPP00890,E0018,2024-04-04,
ACT004465,Call,Opportunity,OPP00890,E0018,2024-03-29,17.0
ACT004466,Email,Opportunity,OPP00891,E0172,2025-05-29,
ACT004467,Email,Opportunity,OPP00891,E0172,2025-06-22,
ACT004468,Email,Opportunity,OPP00891,E0172,2025-06-28,
ACT004469,Meeting,Opportunity,OPP00891,E0172,2025-08-14,37.0
ACT004470,Email,Opportunity,OPP00892,E0173,2025-10-25,
ACT004471,Call,Opportunity,OPP00892,E0173,2025-11-07,42.0
ACT004472,Meeting,Opportunity,OPP00892,E0173,2025-10-20,36.0
ACT004473,Call,Opportunity,OPP00892,E0173,2025-10-29,9.0
ACT004474,Email,Opportunity,OPP00892,E0173,2025-10-25,
ACT004475,Email,Opportunity,OPP00892,E0173,2025-11-03,
ACT004476,Call,Opportunity,OPP00893,E0172,2025-07-04,22.0
ACT004477,Call,Opportunity,OPP00893,E0172,2025-06-28,38.0
ACT004478,Call,Opportunity,OPP00893,E0172,2025-07-21,41.0
ACT004479,Email,Opportunity,OPP00894,E0096,2024-07-28,
ACT004480,Call,Opportunity,OPP00894,E0096,2024-07-23,19.0
ACT004481,Call,Opportunity,OPP00895,E0173,2025-09-11,8.0
ACT004482,Meeting,Opportunity,OPP00895,E0173,2025-07-24,42.0
ACT004483,Meeting,Opportunity,OPP00895,E0173,2025-07-17,41.0
ACT004484,Call,Opportunity,OPP00896,E0059,2024-04-06,42.0
ACT004485,Email,Opportunity,OPP00896,E0059,2024-04-21,
ACT004486,Call,Opportunity,OPP00896,E0059,2024-04-10,27.0
ACT004487,Email,Opportunity,OPP00896,E0059,2024-05-01,
ACT004488,Task,Opportunity,OPP00896,E0059,2024-04-30,
ACT004489,Call,Opportunity,OPP00896,E0059,2024-04-27,10.0
ACT004490,Email,Opportunity,OPP00896,E0059,2024-04-15,
ACT004491,Call,Opportunity,OPP00897,E0059,2024-07-21,12.0
ACT004492,Call,Opportunity,OPP00897,E0059,2024-07-01,29.0
ACT004493,Call,Opportunity,OPP00897,E0059,2024-07-24,33.0
ACT004494,Email,Opportunity,OPP00897,E0059,2024-08-05,
ACT004495,Email,Opportunity,OPP00897,E0059,2024-07-13,
ACT004496,Call,Opportunity,OPP00898,E0172,2025-09-20,21.0
ACT004497,Call,Opportunity,OPP00898,E0172,2025-10-07,13.0
ACT004498,Email,Opportunity,OPP00898,E0172,2025-09-22,
ACT004499,Call,Opportunity,OPP00898,E0172,2025-09-12,26.0
ACT004500,Call,Opportunity,OPP00898,E0172,2025-10-01,17.0
ACT004501,Call,Opportunity,OPP00898,E0172,2025-09-14,36.0
ACT004502,Email,Opportunity,OPP00898,E0172,2025-09-06,
ACT004503,Email,Opportunity,OPP00898,E0172,2025-09-21,
ACT004504,Call,Opportunity,OPP00899,E0126,2024-05-10,17.0
ACT004505,Meeting,Opportunity,OPP00899,E0126,2024-05-11,22.0
ACT004506,Email,Opportunity,OPP00900,E0028,2025-03-25,
ACT004507,Email,Opportunity,OPP00900,E0028,2025-04-15,
ACT004508,Email,Opportunity,OPP00900,E0028,2025-04-12,
ACT004509,Call,Opportunity,OPP00900,E0028,2025-05-22,16.0
ACT004510,Call,Opportunity,OPP00901,E0119,2025-11-25,41.0
ACT004511,Call,Opportunity,OPP00901,E0119,2025-11-10,22.0
ACT004512,Call,Opportunity,OPP00902,E0148,2025-08-15,14.0
ACT004513,Call,Opportunity,OPP00902,E0148,2025-08-10,41.0
ACT004514,Call,Opportunity,OPP00902,E0148,2025-08-14,42.0
ACT004515,Email,Opportunity,OPP00903,E0099,2025-12-06,
ACT004516,Email,Opportunity,OPP00903,E0099,2025-11-26,
ACT004517,Call,Opportunity,OPP00903,E0099,2025-12-03,21.0
ACT004518,Task,Opportunity,OPP00904,E0014,2025-06-25,
ACT004519,Call,Opportunity,OPP00904,E0014,2025-04-28,29.0
ACT004520,Email,Opportunity,OPP00904,E0014,2025-06-18,
ACT004521,Call,Opportunity,OPP00904,E0014,2025-08-01,33.0
ACT004522,Call,Opportunity,OPP00905,E0028,2025-03-26,14.0
ACT004523,Email,Opportunity,OPP00905,E0028,2025-04-11,
ACT004524,Call,Opportunity,OPP00905,E0028,2025-04-16,29.0
ACT004525,Email,Opportunity,OPP00905,E0028,2025-04-21,
ACT004526,Email,Opportunity,OPP00906,E0018,2025-07-22,
ACT004527,Call,Opportunity,OPP00906,E0018,2025-07-13,6.0
ACT004528,Email,Opportunity,OPP00906,E0018,2025-07-09,
ACT004529,Call,Opportunity,OPP00907,E0028,2024-05-03,24.0
ACT004530,Call,Opportunity,OPP00907,E0028,2024-05-18,24.0
ACT004531,Call,Opportunity,OPP00908,E0052,2024-03-10,36.0
ACT004532,Email,Opportunity,OPP00908,E0052,2024-03-07,
ACT004533,Email,Opportunity,OPP00908,E0052,2024-03-12,
ACT004534,Call,Opportunity,OPP00908,E0052,2024-03-07,33.0
ACT004535,Meeting,Opportunity,OPP00908,E0052,2024-03-10,21.0
ACT004536,Meeting,Opportunity,OPP00909,E0119,2025-10-19,34.0
ACT004537,Email,Opportunity,OPP00909,E0119,2025-09-07,
ACT004538,Email,Opportunity,OPP00909,E0119,2025-09-01,
ACT004539,Email,Opportunity,OPP00909,E0119,2025-08-27,
ACT004540,Meeting,Opportunity,OPP00910,E0099,2024-10-01,32.0
ACT004541,Call,Opportunity,OPP00910,E0099,2024-09-19,13.0
ACT004542,Task,Opportunity,OPP00910,E0099,2024-09-11,
ACT004543,Email,Opportunity,OPP00910,E0099,2024-09-04,
ACT004544,Call,Opportunity,OPP00911,E0032,2025-08-18,25.0
ACT004545,Task,Opportunity,OPP00911,E0032,2025-08-10,
ACT004546,Meeting,Opportunity,OPP00911,E0032,2025-09-16,37.0
ACT004547,Task,Opportunity,OPP00911,E0032,2025-08-24,
ACT004548,Call,Opportunity,OPP00912,E0119,2025-12-24,16.0
ACT004549,Call,Opportunity,OPP00912,E0119,2026-01-06,14.0
ACT004550,Email,Opportunity,OPP00912,E0119,2026-01-13,
ACT004551,Email,Opportunity,OPP00912,E0119,2026-01-02,
ACT004552,Task,Opportunity,OPP00912,E0119,2026-01-03,
ACT004553,Call,Opportunity,OPP00913,E0009,2025-12-14,33.0
ACT004554,Meeting,Opportunity,OPP00913,E0009,2025-12-14,31.0
ACT004555,Email,Opportunity,OPP00913,E0009,2025-12-18,
ACT004556,Task,Opportunity,OPP00913,E0009,2026-01-09,
ACT004557,Task,Opportunity,OPP00914,E0126,2025-09-07,
ACT004558,Email,Opportunity,OPP00914,E0126,2025-10-25,
ACT004559,Call,Opportunity,OPP00914,E0126,2025-08-13,38.0
ACT004560,Email,Opportunity,OPP00914,E0126,2025-12-03,
ACT004561,Email,Opportunity,OPP00914,E0126,2025-10-24,
ACT004562,Call,Opportunity,OPP00914,E0126,2025-11-10,42.0
ACT004563,Email,Opportunity,OPP00914,E0126,2025-10-13,
ACT004564,Meeting,Opportunity,OPP00914,E0126,2025-11-19,25.0
ACT004565,Call,Opportunity,OPP00915,E0161,2025-01-10,8.0
ACT004566,Meeting,Opportunity,OPP00915,E0161,2024-12-14,10.0
ACT004567,Call,Opportunity,OPP00915,E0161,2025-01-14,38.0
ACT004568,Call,Opportunity,OPP00916,E0089,2024-05-24,26.0
ACT004569,Email,Opportunity,OPP00916,E0089,2024-05-09,
ACT004570,Email,Opportunity,OPP00916,E0089,2024-05-29,
ACT004571,Call,Opportunity,OPP00916,E0089,2024-05-06,38.0
ACT004572,Email,Opportunity,OPP00916,E0089,2024-05-28,
ACT004573,Email,Opportunity,OPP00916,E0089,2024-05-21,
ACT004574,Email,Opportunity,OPP00917,E0122,2024-11-25,
ACT004575,Meeting,Opportunity,OPP00917,E0122,2024-11-22,29.0
ACT004576,Meeting,Opportunity,OPP00917,E0122,2024-11-05,37.0
ACT004577,Task,Opportunity,OPP00917,E0122,2024-09-20,
ACT004578,Meeting,Opportunity,OPP00917,E0122,2024-09-10,20.0
ACT004579,Call,Opportunity,OPP00918,E0096,2024-04-11,38.0
ACT004580,Call,Opportunity,OPP00918,E0096,2024-04-25,20.0
ACT004581,Task,Opportunity,OPP00919,E0089,2026-01-09,
ACT004582,Email,Opportunity,OPP00919,E0089,2025-12-23,
ACT004583,Email,Opportunity,OPP00919,E0089,2026-01-09,
ACT004584,Call,Opportunity,OPP00919,E0089,2025-12-19,12.0
ACT004585,Task,Opportunity,OPP00919,E0089,2026-01-06,
ACT004586,Email,Opportunity,OPP00920,E0119,2025-11-04,
ACT004587,Call,Opportunity,OPP00920,E0119,2025-11-04,14.0
ACT004588,Email,Opportunity,OPP00920,E0119,2025-11-17,
ACT004589,Meeting,Opportunity,OPP00921,E0057,2024-05-22,38.0
ACT004590,Email,Opportunity,OPP00921,E0057,2024-05-13,
ACT004591,Call,Opportunity,OPP00921,E0057,2024-05-24,10.0
ACT004592,Email,Opportunity,OPP00921,E0057,2024-06-06,
ACT004593,Call,Opportunity,OPP00921,E0057,2024-06-09,44.0
ACT004594,Task,Opportunity,OPP00921,E0057,2024-05-22,
ACT004595,Email,Opportunity,OPP00922,E0085,2025-07-24,
ACT004596,Call,Opportunity,OPP00922,E0085,2025-06-21,7.0
ACT004597,Task,Opportunity,OPP00922,E0085,2025-07-18,
ACT004598,Call,Opportunity,OPP00922,E0085,2025-08-08,15.0
ACT004599,Email,Opportunity,OPP00922,E0085,2025-05-23,
ACT004600,Call,Opportunity,OPP00923,E0057,2024-12-13,39.0
ACT004601,Call,Opportunity,OPP00923,E0057,2024-12-01,16.0
ACT004602,Meeting,Opportunity,OPP00923,E0057,2024-12-04,11.0
ACT004603,Call,Opportunity,OPP00923,E0057,2024-12-10,32.0
ACT004604,Email,Opportunity,OPP00923,E0057,2024-11-24,
ACT004605,Email,Opportunity,OPP00923,E0057,2024-12-15,
ACT004606,Email,Opportunity,OPP00924,E0172,2025-05-10,
ACT004607,Email,Opportunity,OPP00924,E0172,2025-05-10,
ACT004608,Call,Opportunity,OPP00925,E0057,2024-02-09,25.0
ACT004609,Meeting,Opportunity,OPP00925,E0057,2024-03-04,36.0
ACT004610,Call,Opportunity,OPP00925,E0057,2024-02-16,38.0
ACT004611,Call,Opportunity,OPP00925,E0057,2024-03-13,16.0
ACT004612,Call,Opportunity,OPP00925,E0057,2024-02-24,22.0
ACT004613,Meeting,Opportunity,OPP00925,E0057,2024-03-14,18.0
ACT004614,Meeting,Opportunity,OPP00925,E0057,2024-02-21,18.0
ACT004615,Email,Opportunity,OPP00926,E0119,2025-09-12,
ACT004616,Email,Opportunity,OPP00926,E0119,2025-08-28,
ACT004617,Call,Opportunity,OPP00927,E0172,2025-08-02,39.0
ACT004618,Call,Opportunity,OPP00927,E0172,2025-07-29,13.0
ACT004619,Call,Opportunity,OPP00927,E0172,2025-07-29,41.0
ACT004620,Call,Opportunity,OPP00927,E0172,2025-07-21,39.0
ACT004621,Email,Opportunity,OPP00927,E0172,2025-07-21,
ACT004622,Call,Opportunity,OPP00928,E0148,2024-04-05,14.0
ACT004623,Call,Opportunity,OPP00928,E0148,2024-03-20,34.0
ACT004624,Email,Opportunity,OPP00928,E0148,2024-03-13,
ACT004625,Meeting,Opportunity,OPP00928,E0148,2024-02-12,13.0
ACT004626,Call,Opportunity,OPP00929,E0119,2025-04-08,28.0
ACT004627,Call,Opportunity,OPP00929,E0119,2025-04-17,32.0
ACT004628,Call,Opportunity,OPP00929,E0119,2025-04-28,9.0
ACT004629,Meeting,Opportunity,OPP00930,E0089,2024-05-02,28.0
ACT004630,Call,Opportunity,OPP00930,E0089,2024-04-03,19.0
ACT004631,Email,Opportunity,OPP00930,E0089,2024-04-11,
ACT004632,Call,Opportunity,OPP00930,E0089,2024-04-15,10.0
ACT004633,Call,Opportunity,OPP00930,E0089,2024-04-19,9.0
ACT004634,Call,Opportunity,OPP00930,E0089,2024-04-22,13.0
ACT004635,Call,Opportunity,OPP00931,E0009,2024-12-07,34.0
ACT004636,Email,Opportunity,OPP00931,E0009,2024-12-01,
ACT004637,Meeting,Opportunity,OPP00932,E0018,2025-08-27,41.0
ACT004638,Email,Opportunity,OPP00932,E0018,2025-08-16,
ACT004639,Call,Opportunity,OPP00932,E0018,2025-08-16,35.0
ACT004640,Email,Opportunity,OPP00932,E0018,2025-08-09,
ACT004641,Email,Opportunity,OPP00932,E0018,2025-08-28,
ACT004642,Call,Opportunity,OPP00932,E0018,2025-08-13,36.0
ACT004643,Call,Opportunity,OPP00932,E0018,2025-08-10,7.0
ACT004644,Call,Opportunity,OPP00933,E0096,2024-06-20,32.0
ACT004645,Meeting,Opportunity,OPP00933,E0096,2024-05-24,14.0
ACT004646,Call,Opportunity,OPP00934,E0119,2024-10-02,11.0
ACT004647,Call,Opportunity,OPP00934,E0119,2024-07-08,15.0
ACT004648,Email,Opportunity,OPP00934,E0119,2024-07-10,
ACT004649,Call,Opportunity,OPP00934,E0119,2024-07-26,28.0
ACT004650,Call,Opportunity,OPP00934,E0119,2024-07-18,13.0
ACT004651,Email,Opportunity,OPP00934,E0119,2024-09-26,
ACT004652,Email,Opportunity,OPP00934,E0119,2024-08-17,
ACT004653,Email,Opportunity,OPP00935,E0059,2025-10-15,
ACT004654,Call,Opportunity,OPP00935,E0059,2025-11-13,41.0
ACT004655,Task,Opportunity,OPP00935,E0059,2025-11-13,
ACT004656,Email,Opportunity,OPP00936,E0059,2024-11-06,
ACT004657,Email,Opportunity,OPP00936,E0059,2024-10-29,
ACT004658,Call,Opportunity,OPP00936,E0059,2024-11-05,6.0
ACT004659,Task,Opportunity,OPP00936,E0059,2024-11-13,
ACT004660,Email,Opportunity,OPP00936,E0059,2024-11-01,
ACT004661,Call,Opportunity,OPP00936,E0059,2024-10-24,11.0
ACT004662,Email,Opportunity,OPP00936,E0059,2024-11-12,
ACT004663,Meeting,Opportunity,OPP00937,E0100,2025-03-16,25.0
ACT004664,Call,Opportunity,OPP00937,E0100,2025-03-10,27.0
ACT004665,Task,Opportunity,OPP00937,E0100,2025-03-14,
ACT004666,Call,Opportunity,OPP00937,E0100,2025-02-18,26.0
ACT004667,Call,Opportunity,OPP00937,E0100,2025-03-02,10.0
ACT004668,Call,Opportunity,OPP00937,E0100,2025-03-25,21.0
ACT004669,Call,Opportunity,OPP00937,E0100,2025-03-17,11.0
ACT004670,Email,Opportunity,OPP00937,E0100,2025-02-20,
ACT004671,Email,Opportunity,OPP00938,E0009,2025-10-21,
ACT004672,Email,Opportunity,OPP00938,E0009,2025-11-08,
ACT004673,Call,Opportunity,OPP00939,E0172,2024-04-24,10.0
ACT004674,Task,Opportunity,OPP00939,E0172,2024-04-28,
ACT004675,Email,Opportunity,OPP00939,E0172,2024-04-26,
ACT004676,Task,Opportunity,OPP00939,E0172,2024-04-29,
ACT004677,Call,Opportunity,OPP00940,E0099,2025-10-12,20.0
ACT004678,Email,Opportunity,OPP00940,E0099,2025-10-28,
ACT004679,Call,Opportunity,OPP00941,E0148,2025-05-15,10.0
ACT004680,Task,Opportunity,OPP00941,E0148,2025-04-04,
ACT004681,Meeting,Opportunity,OPP00942,E0009,2025-08-25,16.0
ACT004682,Call,Opportunity,OPP00942,E0009,2025-10-15,13.0
ACT004683,Task,Opportunity,OPP00942,E0009,2025-09-18,
ACT004684,Call,Opportunity,OPP00943,E0172,2025-08-11,20.0
ACT004685,Call,Opportunity,OPP00943,E0172,2025-08-08,37.0
ACT004686,Call,Opportunity,OPP00943,E0172,2025-08-12,24.0
ACT004687,Call,Opportunity,OPP00944,E0052,2025-10-26,28.0
ACT004688,Call,Opportunity,OPP00944,E0052,2025-10-26,6.0
ACT004689,Call,Opportunity,OPP00944,E0052,2025-10-23,31.0
ACT004690,Email,Opportunity,OPP00944,E0052,2025-10-16,
ACT004691,Call,Opportunity,OPP00945,E0100,2025-02-21,5.0
ACT004692,Call,Opportunity,OPP00945,E0100,2025-03-08,13.0
ACT004693,Task,Opportunity,OPP00945,E0100,2025-03-08,
ACT004694,Email,Opportunity,OPP00946,E0100,2024-07-11,
ACT004695,Call,Opportunity,OPP00946,E0100,2024-06-25,39.0
ACT004696,Email,Opportunity,OPP00946,E0100,2024-07-10,
ACT004697,Email,Opportunity,OPP00946,E0100,2024-07-25,
ACT004698,Email,Opportunity,OPP00946,E0100,2024-06-21,
ACT004699,Meeting,Opportunity,OPP00947,E0148,2024-01-11,29.0
ACT004700,Email,Opportunity,OPP00947,E0148,2024-01-09,
ACT004701,Call,Opportunity,OPP00947,E0148,2024-01-07,30.0
ACT004702,Call,Opportunity,OPP00947,E0148,2024-01-09,15.0
ACT004703,Meeting,Opportunity,OPP00948,E0009,2024-08-18,30.0
ACT004704,Email,Opportunity,OPP00948,E0009,2024-08-23,
ACT004705,Task,Opportunity,OPP00948,E0009,2024-08-20,
ACT004706,Call,Opportunity,OPP00948,E0009,2024-08-30,9.0
ACT004707,Call,Opportunity,OPP00948,E0009,2024-08-12,24.0
ACT004708,Call,Opportunity,OPP00948,E0009,2024-08-08,30.0
ACT004709,Email,Opportunity,OPP00949,E0059,2025-04-25,
ACT004710,Call,Opportunity,OPP00949,E0059,2025-04-25,39.0
ACT004711,Call,Opportunity,OPP00949,E0059,2025-05-08,17.0
ACT004712,Call,Opportunity,OPP00949,E0059,2025-04-23,41.0
ACT004713,Meeting,Opportunity,OPP00950,E0009,2024-05-13,38.0
ACT004714,Email,Opportunity,OPP00950,E0009,2024-06-04,
ACT004715,Call,Opportunity,OPP00950,E0009,2024-03-25,38.0
ACT004716,Call,Opportunity,OPP00950,E0009,2024-06-24,42.0
ACT004717,Task,Opportunity,OPP00950,E0009,2024-03-23,
ACT004718,Call,Opportunity,OPP00950,E0009,2024-06-29,43.0
ACT004719,Call,Opportunity,OPP00950,E0009,2024-05-27,6.0
ACT004720,Email,Opportunity,OPP00951,E0018,2024-12-27,
ACT004721,Call,Opportunity,OPP00951,E0018,2024-12-12,22.0
ACT004722,Meeting,Opportunity,OPP00951,E0018,2024-12-08,18.0
ACT004723,Email,Opportunity,OPP00951,E0018,2024-12-25,
ACT004724,Email,Opportunity,OPP00951,E0018,2024-12-27,
ACT004725,Call,Opportunity,OPP00951,E0018,2025-01-02,17.0
ACT004726,Task,Opportunity,OPP00951,E0018,2025-01-06,
ACT004727,Call,Opportunity,OPP00952,E0100,2024-02-08,25.0
ACT004728,Call,Opportunity,OPP00952,E0100,2024-01-30,37.0
ACT004729,Email,Opportunity,OPP00952,E0100,2024-01-30,
ACT004730,Meeting,Opportunity,OPP00952,E0100,2024-01-27,19.0
ACT004731,Call,Opportunity,OPP00952,E0100,2024-01-29,18.0
ACT004732,Email,Opportunity,OPP00952,E0100,2024-01-22,
ACT004733,Task,Opportunity,OPP00952,E0100,2024-01-29,
ACT004734,Task,Opportunity,OPP00953,E0018,2026-01-01,
ACT004735,Call,Opportunity,OPP00953,E0018,2025-12-24,27.0
ACT004736,Email,Opportunity,OPP00954,E0032,2025-11-09,
ACT004737,Email,Opportunity,OPP00954,E0032,2025-11-12,
ACT004738,Email,Opportunity,OPP00954,E0032,2025-11-11,
ACT004739,Email,Opportunity,OPP00955,E0099,2025-02-23,
ACT004740,Call,Opportunity,OPP00955,E0099,2025-02-24,20.0
ACT004741,Email,Opportunity,OPP00955,E0099,2025-03-09,
ACT004742,Call,Opportunity,OPP00955,E0099,2025-02-21,20.0
ACT004743,Email,Opportunity,OPP00955,E0099,2025-02-28,
ACT004744,Call,Opportunity,OPP00955,E0099,2025-03-09,39.0
ACT004745,Email,Opportunity,OPP00955,E0099,2025-03-05,
ACT004746,Task,Opportunity,OPP00955,E0099,2025-02-28,
ACT004747,Call,Opportunity,OPP00956,E0122,2025-11-29,29.0
ACT004748,Task,Opportunity,OPP00956,E0122,2025-11-19,
ACT004749,Email,Opportunity,OPP00956,E0122,2025-11-19,
ACT004750,Email,Opportunity,OPP00957,E0163,2025-10-24,
ACT004751,Call,Opportunity,OPP00957,E0163,2025-10-20,7.0
ACT004752,Call,Opportunity,OPP00958,E0172,2025-06-23,10.0
ACT004753,Call,Opportunity,OPP00958,E0172,2025-09-27,30.0
ACT004754,Call,Opportunity,OPP00958,E0172,2025-09-23,8.0
ACT004755,Call,Opportunity,OPP00958,E0172,2025-06-29,43.0
ACT004756,Email,Opportunity,OPP00958,E0172,2025-08-19,
ACT004757,Email,Opportunity,OPP00959,E0100,2025-03-02,
ACT004758,Call,Opportunity,OPP00959,E0100,2025-07-19,38.0
ACT004759,Email,Opportunity,OPP00959,E0100,2025-06-20,
ACT004760,Email,Opportunity,OPP00959,E0100,2025-06-16,
ACT004761,Call,Opportunity,OPP00959,E0100,2025-05-11,42.0
ACT004762,Meeting,Opportunity,OPP00959,E0100,2025-04-05,32.0
ACT004763,Email,Opportunity,OPP00960,E0148,2025-10-08,
ACT004764,Meeting,Opportunity,OPP00960,E0148,2025-08-04,10.0
ACT004765,Email,Opportunity,OPP00960,E0148,2025-06-30,
ACT004766,Call,Opportunity,OPP00960,E0148,2025-07-02,41.0
ACT004767,Email,Opportunity,OPP00961,E0096,2024-01-27,
ACT004768,Task,Opportunity,OPP00961,E0096,2024-01-29,
ACT004769,Email,Opportunity,OPP00961,E0096,2024-02-23,
ACT004770,Call,Opportunity,OPP00961,E0096,2024-03-04,12.0
ACT004771,Email,Opportunity,OPP00961,E0096,2024-03-13,
ACT004772,Call,Opportunity,OPP00961,E0096,2024-01-27,17.0
ACT004773,Email,Opportunity,OPP00961,E0096,2024-03-02,
ACT004774,Call,Opportunity,OPP00961,E0096,2024-02-04,19.0
ACT004775,Task,Opportunity,OPP00962,E0100,2024-12-30,
ACT004776,Email,Opportunity,OPP00962,E0100,2024-12-23,
ACT004777,Call,Opportunity,OPP00962,E0100,2025-01-02,19.0
ACT004778,Email,Opportunity,OPP00962,E0100,2024-12-30,
ACT004779,Email,Opportunity,OPP00962,E0100,2024-12-07,
ACT004780,Email,Opportunity,OPP00962,E0100,2025-01-07,
ACT004781,Meeting,Opportunity,OPP00962,E0100,2024-12-29,18.0
ACT004782,Call,Opportunity,OPP00963,E0028,2025-02-08,10.0
ACT004783,Call,Opportunity,OPP00963,E0028,2025-02-14,21.0
ACT004784,Email,Opportunity,OPP00963,E0028,2024-12-16,
ACT004785,Call,Opportunity,OPP00963,E0028,2025-04-26,8.0
ACT004786,Task,Opportunity,OPP00963,E0028,2025-04-18,
ACT004787,Meeting,Opportunity,OPP00963,E0028,2025-01-24,34.0
ACT004788,Email,Opportunity,OPP00963,E0028,2025-03-02,
ACT004789,Meeting,Opportunity,OPP00964,E0148,2025-01-19,44.0
ACT004790,Meeting,Opportunity,OPP00964,E0148,2025-01-18,8.0
ACT004791,Email,Opportunity,OPP00964,E0148,2025-01-08,
ACT004792,Task,Opportunity,OPP00964,E0148,2025-01-18,
ACT004793,Task,Opportunity,OPP00964,E0148,2025-01-08,
ACT004794,Email,Opportunity,OPP00965,E0059,2025-11-03,
ACT004795,Call,Opportunity,OPP00965,E0059,2025-11-14,25.0
ACT004796,Call,Opportunity,OPP00965,E0059,2025-11-27,21.0
ACT004797,Email,Opportunity,OPP00965,E0059,2025-11-02,
ACT004798,Meeting,Opportunity,OPP00965,E0059,2025-11-09,39.0
ACT004799,Task,Opportunity,OPP00965,E0059,2025-11-18,
ACT004800,Email,Opportunity,OPP00965,E0059,2025-11-02,
ACT004801,Task,Opportunity,OPP00966,E0085,2025-03-15,
ACT004802,Call,Opportunity,OPP00966,E0085,2025-03-25,21.0
ACT004803,Email,Opportunity,OPP00967,E0172,2025-09-24,
ACT004804,Email,Opportunity,OPP00967,E0172,2025-10-19,
ACT004805,Email,Opportunity,OPP00967,E0172,2025-10-03,
ACT004806,Email,Opportunity,OPP00967,E0172,2025-10-16,
ACT004807,Call,Opportunity,OPP00967,E0172,2025-10-22,23.0
ACT004808,Email,Opportunity,OPP00967,E0172,2025-10-16,
ACT004809,Call,Opportunity,OPP00967,E0172,2025-10-18,5.0
ACT004810,Email,Opportunity,OPP00968,E0018,2025-05-10,
ACT004811,Call,Opportunity,OPP00968,E0018,2025-07-29,24.0
ACT004812,Call,Opportunity,OPP00969,E0089,2025-05-18,10.0
ACT004813,Call,Opportunity,OPP00969,E0089,2025-05-06,38.0
ACT004814,Meeting,Opportunity,OPP00969,E0089,2025-05-26,22.0
ACT004815,Call,Opportunity,OPP00969,E0089,2025-05-03,18.0
ACT004816,Meeting,Opportunity,OPP00969,E0089,2025-05-27,10.0
ACT004817,Task,Opportunity,OPP00969,E0089,2025-05-18,
ACT004818,Meeting,Opportunity,OPP00969,E0089,2025-05-23,37.0
ACT004819,Meeting,Opportunity,OPP00970,E0018,2025-04-26,7.0
ACT004820,Email,Opportunity,OPP00970,E0018,2025-05-07,
ACT004821,Call,Opportunity,OPP00970,E0018,2025-05-11,30.0
ACT004822,Call,Opportunity,OPP00970,E0018,2025-05-11,6.0
ACT004823,Call,Opportunity,OPP00970,E0018,2025-03-29,38.0
ACT004824,Email,Opportunity,OPP00970,E0018,2025-04-16,
ACT004825,Email,Opportunity,OPP00971,E0057,2025-04-23,
ACT004826,Email,Opportunity,OPP00971,E0057,2025-05-01,
ACT004827,Task,Opportunity,OPP00972,E0028,2025-11-02,
ACT004828,Email,Opportunity,OPP00972,E0028,2025-11-07,
ACT004829,Meeting,Opportunity,OPP00972,E0028,2025-11-12,11.0
ACT004830,Call,Opportunity,OPP00972,E0028,2025-11-06,33.0
ACT004831,Meeting,Opportunity,OPP00972,E0028,2025-11-06,31.0
ACT004832,Call,Opportunity,OPP00972,E0028,2025-10-13,30.0
ACT004833,Task,Opportunity,OPP00972,E0028,2025-10-18,
ACT004834,Email,Opportunity,OPP00973,E0163,2024-11-28,
ACT004835,Call,Opportunity,OPP00973,E0163,2024-10-20,31.0
ACT004836,Email,Opportunity,OPP00974,E0018,2025-04-21,
ACT004837,Task,Opportunity,OPP00974,E0018,2025-05-03,
ACT004838,Call,Opportunity,OPP00974,E0018,2025-05-10,17.0
ACT004839,Email,Opportunity,OPP00974,E0018,2025-05-11,
ACT004840,Call,Opportunity,OPP00974,E0018,2025-04-21,8.0
ACT004841,Call,Opportunity,OPP00974,E0018,2025-05-09,32.0
ACT004842,Email,Opportunity,OPP00974,E0018,2025-05-02,
ACT004843,Call,Opportunity,OPP00974,E0018,2025-04-30,29.0
ACT004844,Email,Opportunity,OPP00975,E0057,2026-01-15,
ACT004845,Email,Opportunity,OPP00975,E0057,2026-01-03,
ACT004846,Email,Opportunity,OPP00975,E0057,2025-12-24,
ACT004847,Meeting,Opportunity,OPP00975,E0057,2025-12-18,32.0
ACT004848,Call,Opportunity,OPP00975,E0057,2025-12-16,28.0
ACT004849,Call,Opportunity,OPP00976,E0119,2025-10-13,36.0
ACT004850,Call,Opportunity,OPP00976,E0119,2025-10-14,37.0
ACT004851,Meeting,Opportunity,OPP00976,E0119,2025-10-08,33.0
ACT004852,Call,Opportunity,OPP00976,E0119,2025-09-26,12.0
ACT004853,Email,Opportunity,OPP00977,E0096,2025-12-27,
ACT004854,Meeting,Opportunity,OPP00977,E0096,2025-12-21,44.0
ACT004855,Email,Opportunity,OPP00977,E0096,2026-01-11,
ACT004856,Email,Opportunity,OPP00977,E0096,2025-12-27,
ACT004857,Meeting,Opportunity,OPP00977,E0096,2026-01-07,37.0
ACT004858,Email,Opportunity,OPP00977,E0096,2025-12-28,
ACT004859,Call,Opportunity,OPP00978,E0172,2024-06-20,26.0
ACT004860,Task,Opportunity,OPP00978,E0172,2024-06-10,
ACT004861,Email,Opportunity,OPP00978,E0172,2024-05-23,
ACT004862,Call,Opportunity,OPP00978,E0172,2024-05-18,25.0
ACT004863,Call,Opportunity,OPP00978,E0172,2024-06-15,32.0
ACT004864,Email,Opportunity,OPP00978,E0172,2024-05-31,
ACT004865,Call,Opportunity,OPP00978,E0172,2024-05-23,40.0
ACT004866,Email,Opportunity,OPP00978,E0172,2024-05-29,
ACT004867,Email,Opportunity,OPP00979,E0161,2025-06-11,
ACT004868,Call,Opportunity,OPP00979,E0161,2025-06-16,14.0
ACT004869,Task,Opportunity,OPP00980,E0057,2024-10-08,
ACT004870,Meeting,Opportunity,OPP00980,E0057,2024-10-18,44.0
ACT004871,Call,Opportunity,OPP00980,E0057,2024-10-24,10.0
ACT004872,Email,Opportunity,OPP00980,E0057,2024-09-12,
ACT004873,Task,Opportunity,OPP00980,E0057,2024-11-07,
ACT004874,Call,Opportunity,OPP00980,E0057,2024-09-16,42.0
ACT004875,Call,Opportunity,OPP00980,E0057,2024-10-27,35.0
ACT004876,Email,Opportunity,OPP00981,E0161,2024-11-26,
ACT004877,Email,Opportunity,OPP00981,E0161,2024-11-16,
ACT004878,Email,Opportunity,OPP00981,E0161,2024-11-16,
ACT004879,Meeting,Opportunity,OPP00981,E0161,2024-10-23,9.0
ACT004880,Email,Opportunity,OPP00981,E0161,2024-12-05,
ACT004881,Call,Opportunity,OPP00981,E0161,2024-12-08,36.0
ACT004882,Meeting,Opportunity,OPP00981,E0161,2024-11-04,13.0
ACT004883,Call,Opportunity,OPP00982,E0089,2026-01-10,38.0
ACT004884,Call,Opportunity,OPP00982,E0089,2025-12-24,33.0
ACT004885,Task,Opportunity,OPP00982,E0089,2026-01-17,
ACT004886,Task,Opportunity,OPP00982,E0089,2026-01-11,
ACT004887,Task,Opportunity,OPP00982,E0089,2026-01-04,
ACT004888,Call,Opportunity,OPP00983,E0122,2024-03-18,10.0
ACT004889,Call,Opportunity,OPP00983,E0122,2024-03-09,30.0
ACT004890,Call,Opportunity,OPP00983,E0122,2024-03-03,22.0
ACT004891,Task,Case,CASE00001,E0001,2025-01-02,
ACT004892,Email,Case,CASE00002,E0051,2025-10-23,
ACT004893,Email,Case,CASE00002,E0051,2025-10-23,
ACT004894,Call,Case,CASE00003,E0170,2024-06-12,13.0
ACT004895,Email,Case,CASE00003,E0170,2024-06-10,
ACT004896,Email,Case,CASE00003,E0170,2024-06-09,
ACT004897,Call,Case,CASE00003,E0170,2024-06-09,8.0
ACT004898,Call,Case,CASE00004,E0103,2024-03-06,26.0
ACT004899,Meeting,Case,CASE00004,E0103,2024-03-06,32.0
ACT004900,Call,Case,CASE00004,E0103,2024-03-07,29.0
ACT004901,Meeting,Case,CASE00004,E0103,2024-03-07,6.0
ACT004902,Meeting,Case,CASE00005,E0080,2025-02-04,6.0
ACT004903,Call,Case,CASE00006,E0046,2024-07-18,33.0
ACT004904,Email,Case,CASE00006,E0046,2024-07-18,
ACT004905,Call,Case,CASE00006,E0046,2024-07-18,23.0
ACT004906,Call,Case,CASE00006,E0046,2024-07-17,43.0
ACT004907,Meeting,Case,CASE00007,E0103,2024-07-06,29.0
ACT004908,Meeting,Case,CASE00008,E0080,2025-03-31,41.0
ACT004909,Email,Case,CASE00008,E0080,2025-04-04,
ACT004910,Call,Case,CASE00008,E0080,2025-04-03,27.0
ACT004911,Email,Case,CASE00008,E0080,2025-04-03,
ACT004912,Meeting,Case,CASE00009,E0064,2024-04-10,37.0
ACT004913,Call,Case,CASE00009,E0064,2024-04-12,40.0
ACT004914,Call,Case,CASE00009,E0064,2024-04-12,34.0
ACT004915,Email,Case,CASE00009,E0064,2024-04-10,
ACT004916,Meeting,Case,CASE00009,E0064,2024-04-10,20.0
ACT004917,Meeting,Case,CASE00010,E0016,2025-11-13,7.0
ACT004918,Call,Case,CASE00011,E0103,2025-08-10,36.0
ACT004919,Call,Case,CASE00011,E0103,2025-08-11,25.0
ACT004920,Email,Case,CASE00011,E0103,2025-08-10,
ACT004921,Email,Case,CASE00011,E0103,2025-08-11,
ACT004922,Task,Case,CASE00012,E0092,2024-03-06,
ACT004923,Meeting,Case,CASE00012,E0092,2024-03-08,40.0
ACT004924,Meeting,Case,CASE00012,E0092,2024-03-12,12.0
ACT004925,Call,Case,CASE00012,E0092,2024-03-13,13.0
ACT004926,Call,Case,CASE00012,E0092,2024-03-16,42.0
ACT004927,Meeting,Case,CASE00013,E0137,2025-07-18,34.0
ACT004928,Call,Case,CASE00013,E0137,2025-07-14,25.0
ACT004929,Call,Case,CASE00013,E0137,2025-07-18,32.0
ACT004930,Email,Case,CASE00014,E0016,2025-04-05,
ACT004931,Email,Case,CASE00014,E0016,2025-04-05,
ACT004932,Email,Case,CASE00014,E0016,2025-04-06,
ACT004933,Email,Case,CASE00015,E0046,2025-08-15,
ACT004934,Meeting,Case,CASE00015,E0046,2025-08-14,29.0
ACT004935,Call,Case,CASE00016,E0092,2025-07-21,17.0
ACT004936,Call,Case,CASE00016,E0092,2025-07-21,8.0
ACT004937,Task,Case,CASE00016,E0092,2025-07-21,
ACT004938,Email,Case,CASE00016,E0092,2025-07-20,
ACT004939,Call,Case,CASE00016,E0092,2025-07-20,32.0
ACT004940,Call,Case,CASE00017,E0069,2024-06-26,6.0
ACT004941,Call,Case,CASE00017,E0069,2024-06-23,23.0
ACT004942,Call,Case,CASE00017,E0069,2024-06-26,32.0
ACT004943,Call,Case,CASE00017,E0069,2024-06-25,17.0
ACT004944,Email,Case,CASE00017,E0069,2024-06-20,
ACT004945,Meeting,Case,CASE00018,E0107,2025-01-11,26.0
ACT004946,Meeting,Case,CASE00018,E0107,2025-01-08,11.0
ACT004947,Task,Case,CASE00018,E0107,2025-01-11,
ACT004948,Meeting,Case,CASE00018,E0107,2025-01-11,10.0
ACT004949,Call,Case,CASE00018,E0107,2025-01-12,16.0
ACT004950,Call,Case,CASE00019,E0069,2024-12-02,11.0
ACT004951,Call,Case,CASE00019,E0069,2024-12-01,37.0
ACT004952,Meeting,Case,CASE00019,E0069,2024-12-02,30.0
ACT004953,Call,Case,CASE00019,E0069,2024-12-01,12.0
ACT004954,Email,Case,CASE00019,E0069,2024-12-04,
ACT004955,Call,Case,CASE00020,E0051,2025-07-26,26.0
ACT004956,Email,Case,CASE00020,E0051,2025-07-21,
ACT004957,Task,Case,CASE00020,E0051,2025-08-09,
ACT004958,Call,Case,CASE00021,E0001,2025-06-14,44.0
ACT004959,Call,Case,CASE00021,E0001,2025-06-16,39.0
ACT004960,Task,Case,CASE00021,E0001,2025-06-13,
ACT004961,Call,Case,CASE00021,E0001,2025-06-18,25.0
ACT004962,Call,Case,CASE00021,E0001,2025-06-22,16.0
ACT004963,Email,Case,CASE00022,E0080,2025-10-08,
ACT004964,Email,Case,CASE00022,E0080,2025-10-06,
ACT004965,Meeting,Case,CASE00022,E0080,2025-10-08,29.0
ACT004966,Meeting,Case,CASE00022,E0080,2025-10-05,23.0
ACT004967,Meeting,Case,CASE00023,E0016,2025-02-21,36.0
ACT004968,Email,Case,CASE00023,E0016,2025-02-22,
ACT004969,Call,Case,CASE00023,E0016,2025-02-21,6.0
ACT004970,Call,Case,CASE00023,E0016,2025-02-21,34.0
ACT004971,Email,Case,CASE00023,E0016,2025-02-23,
ACT004972,Meeting,Case,CASE00024,E0107,2024-12-31,15.0
ACT004973,Call,Case,CASE00025,E0001,2025-01-12,24.0
ACT004974,Email,Case,CASE00025,E0001,2025-01-12,
ACT004975,Call,Case,CASE00025,E0001,2025-01-12,17.0
ACT004976,Call,Case,CASE00025,E0001,2025-01-10,27.0
ACT004977,Meeting,Case,CASE00025,E0001,2025-01-12,41.0
ACT004978,Email,Case,CASE00026,E0064,2025-08-06,
ACT004979,Call,Case,CASE00026,E0064,2025-08-06,21.0
ACT004980,Call,Case,CASE00026,E0064,2025-08-05,5.0
ACT004981,Email,Case,CASE00027,E0064,2025-07-26,
ACT004982,Email,Case,CASE00027,E0064,2025-07-29,
ACT004983,Email,Case,CASE00027,E0064,2025-07-25,
ACT004984,Email,Case,CASE00028,E0001,2024-02-10,
ACT004985,Call,Case,CASE00028,E0001,2024-02-11,31.0
ACT004986,Email,Case,CASE00029,E0137,2025-03-31,
ACT004987,Call,Case,CASE00030,E0016,2025-06-17,11.0
ACT004988,Email,Case,CASE00030,E0016,2025-06-19,
ACT004989,Email,Case,CASE00030,E0016,2025-06-17,
ACT004990,Email,Case,CASE00030,E0016,2025-06-19,
ACT004991,Call,Case,CASE00031,E0016,2024-05-03,18.0
ACT004992,Call,Case,CASE00032,E0092,2025-07-21,22.0
ACT004993,Email,Case,CASE00032,E0092,2025-07-18,
ACT004994,Email,Case,CASE00033,E0107,2025-07-27,
ACT004995,Call,Case,CASE00034,E0001,2024-02-19,13.0
ACT004996,Task,Case,CASE00034,E0001,2024-02-20,
ACT004997,Call,Case,CASE00034,E0001,2024-02-19,39.0
ACT004998,Call,Case,CASE00035,E0080,2025-11-20,22.0
ACT004999,Meeting,Case,CASE00035,E0080,2025-11-16,5.0
ACT005000,Meeting,Case,CASE00035,E0080,2025-11-15,41.0
ACT005001,Call,Case,CASE00035,E0080,2025-11-24,13.0
ACT005002,Call,Case,CASE00035,E0080,2025-11-16,27.0
ACT005003,Call,Case,CASE00036,E0107,2024-03-18,5.0
ACT005004,Meeting,Case,CASE00036,E0107,2024-03-18,28.0
ACT005005,Email,Case,CASE00036,E0107,2024-03-18,
ACT005006,Call,Case,CASE00036,E0107,2024-03-17,8.0
ACT005007,Email,Case,CASE00036,E0107,2024-03-18,
ACT005008,Call,Case,CASE00037,E0069,2024-06-29,36.0
ACT005009,Email,Case,CASE00038,E0051,2024-10-11,
ACT005010,Task,Case,CASE00038,E0051,2024-10-11,
ACT005011,Email,Case,CASE00038,E0051,2024-10-12,
ACT005012,Task,Case,CASE00039,E0051,2024-07-15,
ACT005013,Call,Case,CASE00039,E0051,2024-07-21,24.0
ACT005014,Email,Case,CASE00040,E0080,2024-08-29,
ACT005015,Call,Case,CASE00040,E0080,2024-08-29,10.0
ACT005016,Task,Case,CASE00041,E0103,2025-10-01,
ACT005017,Email,Case,CASE00041,E0103,2025-09-29,
ACT005018,Email,Case,CASE00041,E0103,2025-10-10,
ACT005019,Email,Case,CASE00041,E0103,2025-10-01,
ACT005020,Meeting,Case,CASE00042,E0029,2024-07-02,35.0
ACT005021,Task,Case,CASE00042,E0029,2024-07-03,
ACT005022,Email,Case,CASE00043,E0029,2024-08-26,
ACT005023,Call,Case,CASE00043,E0029,2024-08-28,25.0
ACT005024,Email,Case,CASE00044,E0080,2025-09-09,
ACT005025,Call,Case,CASE00044,E0080,2025-09-11,19.0
ACT005026,Email,Case,CASE00045,E0001,2025-12-11,
ACT005027,Call,Case,CASE00046,E0080,2024-01-13,18.0
ACT005028,Email,Case,CASE00046,E0080,2024-01-11,
ACT005029,Call,Case,CASE00046,E0080,2024-01-13,5.0
ACT005030,Email,Case,CASE00047,E0137,2024-06-22,
ACT005031,Meeting,Case,CASE00047,E0137,2024-07-01,43.0
ACT005032,Call,Case,CASE00047,E0137,2024-06-22,23.0
ACT005033,Call,Case,CASE00047,E0137,2024-06-26,34.0
ACT005034,Call,Case,CASE00047,E0137,2024-06-24,24.0
ACT005035,Email,Case,CASE00048,E0069,2024-05-12,
ACT005036,Call,Case,CASE00048,E0069,2024-05-14,5.0
ACT005037,Email,Case,CASE00049,E0107,2024-09-08,
ACT005038,Call,Case,CASE00049,E0107,2024-09-09,29.0
ACT005039,Email,Case,CASE00050,E0051,2025-04-12,
ACT005040,Call,Case,CASE00050,E0051,2025-04-12,15.0
ACT005041,Meeting,Case,CASE00050,E0051,2025-04-10,16.0
ACT005042,Email,Case,CASE00051,E0069,2025-03-31,
ACT005043,Call,Case,CASE00052,E0080,2024-12-19,24.0
ACT005044,Email,Case,CASE00053,E0137,2024-01-13,
ACT005045,Call,Case,CASE00053,E0137,2024-01-16,26.0
ACT005046,Call,Case,CASE00053,E0137,2024-01-14,29.0
ACT005047,Call,Case,CASE00053,E0137,2024-01-12,23.0
ACT005048,Call,Case,CASE00053,E0137,2024-01-16,35.0
ACT005049,Task,Case,CASE00054,E0080,2025-01-15,
ACT005050,Email,Case,CASE00054,E0080,2025-01-11,
ACT005051,Call,Case,CASE00055,E0107,2024-05-22,44.0
ACT005052,Meeting,Case,CASE00056,E0029,2025-05-13,29.0
ACT005053,Call,Case,CASE00056,E0029,2025-05-13,33.0
ACT005054,Meeting,Case,CASE00056,E0029,2025-05-14,39.0
ACT005055,Meeting,Case,CASE00056,E0029,2025-05-16,34.0
ACT005056,Email,Case,CASE00056,E0029,2025-05-16,
ACT005057,Email,Case,CASE00057,E0001,2024-08-26,
ACT005058,Meeting,Case,CASE00057,E0001,2024-08-28,20.0
ACT005059,Meeting,Case,CASE00057,E0001,2024-08-26,34.0
ACT005060,Email,Case,CASE00058,E0092,2024-02-15,
ACT005061,Email,Case,CASE00058,E0092,2024-02-15,
ACT005062,Email,Case,CASE00058,E0092,2024-02-10,
ACT005063,Call,Case,CASE00058,E0092,2024-02-12,16.0
ACT005064,Meeting,Case,CASE00058,E0092,2024-02-12,15.0
ACT005065,Call,Case,CASE00059,E0080,2025-12-02,39.0
ACT005066,Call,Case,CASE00059,E0080,2025-11-30,23.0
ACT005067,Email,Case,CASE00060,E0016,2025-06-20,
ACT005068,Email,Case,CASE00060,E0016,2025-06-21,
ACT005069,Task,Case,CASE00060,E0016,2025-06-19,
ACT005070,Task,Case,CASE00061,E0080,2025-03-22,
ACT005071,Task,Case,CASE00062,E0069,2025-04-28,
ACT005072,Email,Case,CASE00062,E0069,2025-04-21,
ACT005073,Task,Case,CASE00063,E0001,2025-05-21,
ACT005074,Task,Case,CASE00063,E0001,2025-05-21,
ACT005075,Email,Case,CASE00064,E0046,2025-10-20,
ACT005076,Call,Case,CASE00064,E0046,2025-10-20,34.0
ACT005077,Meeting,Case,CASE00064,E0046,2025-10-21,42.0
ACT005078,Call,Case,CASE00065,E0064,2025-08-20,38.0
ACT005079,Meeting,Case,CASE00065,E0064,2025-08-22,44.0
ACT005080,Call,Case,CASE00065,E0064,2025-08-21,10.0
ACT005081,Call,Case,CASE00065,E0064,2025-08-20,10.0
ACT005082,Email,Case,CASE00065,E0064,2025-08-20,
ACT005083,Email,Case,CASE00066,E0137,2025-03-31,
ACT005084,Email,Case,CASE00066,E0137,2025-03-30,
ACT005085,Meeting,Case,CASE00066,E0137,2025-03-30,32.0
ACT005086,Meeting,Case,CASE00066,E0137,2025-03-31,11.0
ACT005087,Email,Case,CASE00066,E0137,2025-03-30,
ACT005088,Call,Case,CASE00067,E0069,2025-12-10,26.0
ACT005089,Email,Case,CASE00068,E0046,2025-12-29,
ACT005090,Meeting,Case,CASE00068,E0046,2025-12-29,25.0
ACT005091,Email,Case,CASE00068,E0046,2025-12-29,
ACT005092,Call,Case,CASE00068,E0046,2025-12-30,16.0
ACT005093,Call,Case,CASE00069,E0069,2025-09-10,35.0
ACT005094,Email,Case,CASE00070,E0064,2025-01-03,
ACT005095,Task,Case,CASE00071,E0051,2025-01-19,
ACT005096,Email,Case,CASE00071,E0051,2025-01-18,
ACT005097,Email,Case,CASE00071,E0051,2025-01-18,
ACT005098,Email,Case,CASE00071,E0051,2025-01-19,
ACT005099,Task,Case,CASE00072,E0107,2025-06-11,
ACT005100,Call,Case,CASE00072,E0107,2025-06-10,6.0
ACT005101,Call,Case,CASE00073,E0080,2024-04-30,6.0
ACT005102,Task,Case,CASE00073,E0080,2024-04-28,
ACT005103,Meeting,Case,CASE00074,E0137,2024-02-02,20.0
ACT005104,Meeting,Case,CASE00075,E0137,2025-04-08,12.0
ACT005105,Email,Case,CASE00076,E0051,2024-07-09,
ACT005106,Call,Case,CASE00077,E0137,2025-05-27,15.0
ACT005107,Email,Case,CASE00077,E0137,2025-05-29,
ACT005108,Call,Case,CASE00077,E0137,2025-05-27,12.0
ACT005109,Call,Case,CASE00078,E0069,2024-05-06,40.0
ACT005110,Task,Case,CASE00078,E0069,2024-05-07,
ACT005111,Call,Case,CASE00078,E0069,2024-05-06,27.0
ACT005112,Email,Case,CASE00078,E0069,2024-05-06,
ACT005113,Email,Case,CASE00078,E0069,2024-05-07,
ACT005114,Call,Case,CASE00079,E0029,2025-07-20,28.0
ACT005115,Task,Case,CASE00079,E0029,2025-07-20,
ACT005116,Call,Case,CASE00079,E0029,2025-07-20,22.0
ACT005117,Meeting,Case,CASE00079,E0029,2025-07-19,40.0
ACT005118,Call,Case,CASE00080,E0016,2025-02-03,19.0
ACT005119,Call,Case,CASE00080,E0016,2025-02-01,26.0
ACT005120,Task,Case,CASE00081,E0170,2024-10-19,
ACT005121,Task,Case,CASE00081,E0170,2024-10-16,
ACT005122,Call,Case,CASE00082,E0046,2024-11-24,6.0
ACT005123,Call,Case,CASE00082,E0046,2024-11-23,31.0
ACT005124,Task,Case,CASE00082,E0046,2024-11-24,
ACT005125,Call,Case,CASE00082,E0046,2024-11-23,37.0
ACT005126,Call,Case,CASE00082,E0046,2024-11-23,38.0
ACT005127,Call,Case,CASE00083,E0051,2024-04-16,21.0
ACT005128,Meeting,Case,CASE00083,E0051,2024-04-16,12.0
ACT005129,Meeting,Case,CASE00083,E0051,2024-04-16,17.0
ACT005130,Email,Case,CASE00083,E0051,2024-04-16,
ACT005131,Email,Case,CASE00083,E0051,2024-04-13,
ACT005132,Email,Case,CASE00084,E0103,2024-05-21,
ACT005133,Meeting,Case,CASE00084,E0103,2024-05-20,22.0
ACT005134,Email,Case,CASE00085,E0029,2024-06-27,
ACT005135,Email,Case,CASE00085,E0029,2024-07-17,
ACT005136,Email,Case,CASE00085,E0029,2024-07-01,
ACT005137,Meeting,Case,CASE00085,E0029,2024-07-03,17.0
ACT005138,Call,Case,CASE00086,E0137,2024-12-05,18.0
ACT005139,Call,Case,CASE00086,E0137,2024-12-05,37.0
ACT005140,Email,Case,CASE00086,E0137,2024-12-05,
ACT005141,Call,Case,CASE00086,E0137,2024-12-04,27.0
ACT005142,Call,Case,CASE00087,E0092,2024-05-19,44.0
ACT005143,Call,Case,CASE00088,E0170,2024-04-08,37.0
ACT005144,Meeting,Case,CASE00088,E0170,2024-04-09,42.0
ACT005145,Call,Case,CASE00088,E0170,2024-04-09,9.0
ACT005146,Call,Case,CASE00088,E0170,2024-04-08,22.0
ACT005147,Meeting,Case,CASE00089,E0001,2024-11-28,14.0
ACT005148,Task,Case,CASE00089,E0001,2024-12-02,
ACT005149,Email,Case,CASE00089,E0001,2024-12-02,
ACT005150,Email,Case,CASE00089,E0001,2024-12-01,
ACT005151,Call,Case,CASE00089,E0001,2024-12-02,33.0
ACT005152,Call,Case,CASE00090,E0069,2024-11-26,19.0
ACT005153,Call,Case,CASE00090,E0069,2024-11-25,22.0
ACT005154,Task,Case,CASE00090,E0069,2024-11-26,
ACT005155,Call,Case,CASE00090,E0069,2024-11-26,18.0
ACT005156,Call,Case,CASE00090,E0069,2024-11-25,5.0
ACT005157,Email,Case,CASE00091,E0051,2024-09-18,
ACT005158,Call,Case,CASE00091,E0051,2024-09-14,26.0
ACT005159,Task,Case,CASE00092,E0046,2025-12-01,
ACT005160,Call,Case,CASE00092,E0046,2025-11-29,9.0
ACT005161,Call,Case,CASE00093,E0170,2025-07-16,12.0
ACT005162,Call,Case,CASE00093,E0170,2025-07-19,33.0
ACT005163,Call,Case,CASE00093,E0170,2025-07-17,35.0
ACT005164,Call,Case,CASE00093,E0170,2025-07-17,35.0
ACT005165,Email,Case,CASE00094,E0107,2025-01-08,
ACT005166,Call,Case,CASE00094,E0107,2025-01-10,7.0
ACT005167,Email,Case,CASE00094,E0107,2025-01-07,
ACT005168,Meeting,Case,CASE00095,E0137,2024-08-27,28.0
ACT005169,Call,Case,CASE00095,E0137,2024-08-20,9.0
ACT005170,Email,Case,CASE00095,E0137,2024-08-24,
ACT005171,Call,Case,CASE00095,E0137,2024-08-27,37.0
ACT005172,Call,Case,CASE00095,E0137,2024-08-21,8.0
ACT005173,Email,Case,CASE00096,E0137,2024-11-27,
ACT005174,Call,Case,CASE00096,E0137,2024-11-27,44.0
ACT005175,Call,Case,CASE00096,E0137,2024-11-26,14.0
ACT005176,Email,Case,CASE00097,E0103,2025-01-04,
ACT005177,Email,Case,CASE00097,E0103,2025-01-06,
ACT005178,Call,Case,CASE00097,E0103,2025-01-05,24.0
ACT005179,Call,Case,CASE00097,E0103,2025-01-04,25.0
ACT005180,Task,Case,CASE00097,E0103,2025-01-04,
ACT005181,Email,Case,CASE00098,E0137,2024-12-19,
ACT005182,Meeting,Case,CASE00098,E0137,2024-12-19,18.0
ACT005183,Task,Case,CASE00098,E0137,2024-12-19,
ACT005184,Meeting,Case,CASE00099,E0080,2025-10-08,17.0
ACT005185,Call,Case,CASE00099,E0080,2025-10-07,21.0
ACT005186,Call,Case,CASE00099,E0080,2025-10-08,42.0
ACT005187,Email,Case,CASE00099,E0080,2025-10-07,
ACT005188,Call,Case,CASE00099,E0080,2025-10-08,29.0
ACT005189,Call,Case,CASE00100,E0103,2024-07-04,33.0
ACT005190,Call,Case,CASE00100,E0103,2024-07-05,24.0
ACT005191,Call,Case,CASE00100,E0103,2024-06-30,7.0
ACT005192,Call,Case,CASE00100,E0103,2024-07-06,43.0
ACT005193,Meeting,Case,CASE00100,E0103,2024-07-05,21.0
ACT005194,Email,Case,CASE00101,E0069,2025-12-18,
ACT005195,Email,Case,CASE00101,E0069,2025-12-18,
ACT005196,Task,Case,CASE00101,E0069,2025-12-22,
ACT005197,Meeting,Case,CASE00101,E0069,2025-12-21,31.0
ACT005198,Task,Case,CASE00101,E0069,2025-12-24,
ACT005199,Email,Case,CASE00102,E0103,2025-02-24,
ACT005200,Email,Case,CASE00103,E0092,2024-07-26,
ACT005201,Call,Case,CASE00103,E0092,2024-07-24,20.0
ACT005202,Call,Case,CASE00103,E0092,2024-07-26,15.0
ACT005203,Call,Case,CASE00103,E0092,2024-07-26,9.0
ACT005204,Email,Case,CASE00103,E0092,2024-07-24,
ACT005205,Call,Case,CASE00104,E0051,2024-04-26,36.0
ACT005206,Call,Case,CASE00104,E0051,2024-04-26,28.0
ACT005207,Call,Case,CASE00104,E0051,2024-04-26,37.0
ACT005208,Email,Case,CASE00105,E0051,2024-02-02,
ACT005209,Meeting,Case,CASE00105,E0051,2024-02-02,12.0
ACT005210,Call,Case,CASE00105,E0051,2024-02-01,31.0
ACT005211,Task,Case,CASE00105,E0051,2024-02-01,
ACT005212,Call,Case,CASE00106,E0080,2024-03-17,10.0
ACT005213,Call,Case,CASE00107,E0069,2025-10-13,10.0
ACT005214,Call,Case,CASE00108,E0046,2024-12-24,22.0
ACT005215,Call,Case,CASE00109,E0001,2025-03-07,35.0
ACT005216,Meeting,Case,CASE00110,E0080,2024-04-08,34.0
ACT005217,Task,Case,CASE00111,E0029,2024-12-19,
ACT005218,Email,Case,CASE00111,E0029,2024-12-26,
ACT005219,Call,Case,CASE00111,E0029,2024-12-21,10.0
ACT005220,Call,Case,CASE00111,E0029,2024-12-19,34.0
ACT005221,Meeting,Case,CASE00111,E0029,2024-12-22,13.0
ACT005222,Call,Case,CASE00112,E0001,2025-05-09,29.0
ACT005223,Call,Case,CASE00112,E0001,2025-05-11,44.0
ACT005224,Email,Case,CASE00112,E0001,2025-05-12,
ACT005225,Meeting,Case,CASE00112,E0001,2025-05-10,39.0
ACT005226,Meeting,Case,CASE00113,E0001,2024-12-28,42.0
ACT005227,Meeting,Case,CASE00113,E0001,2024-12-27,34.0
ACT005228,Call,Case,CASE00114,E0064,2025-03-25,9.0
ACT005229,Email,Case,CASE00114,E0064,2025-03-25,
ACT005230,Call,Case,CASE00115,E0107,2024-07-06,26.0
ACT005231,Email,Case,CASE00115,E0107,2024-07-05,
ACT005232,Email,Case,CASE00115,E0107,2024-07-07,
ACT005233,Email,Case,CASE00115,E0107,2024-07-05,
ACT005234,Call,Case,CASE00116,E0069,2024-12-08,28.0
ACT005235,Meeting,Case,CASE00117,E0029,2024-09-02,29.0
ACT005236,Email,Case,CASE00117,E0029,2024-09-05,
ACT005237,Email,Case,CASE00118,E0051,2024-05-27,
ACT005238,Email,Case,CASE00118,E0051,2024-05-28,
ACT005239,Call,Case,CASE00119,E0046,2025-11-10,8.0
ACT005240,Call,Case,CASE00119,E0046,2025-11-10,38.0
ACT005241,Call,Case,CASE00119,E0046,2025-11-13,9.0
ACT005242,Meeting,Case,CASE00119,E0046,2025-11-10,36.0
ACT005243,Email,Case,CASE00120,E0029,2024-10-23,
ACT005244,Email,Case,CASE00121,E0064,2024-06-14,
ACT005245,Task,Case,CASE00122,E0069,2025-11-20,
ACT005246,Email,Case,CASE00122,E0069,2025-11-23,
ACT005247,Email,Case,CASE00122,E0069,2025-11-24,
ACT005248,Call,Case,CASE00123,E0069,2024-10-09,26.0
ACT005249,Email,Case,CASE00123,E0069,2024-10-11,
ACT005250,Call,Case,CASE00123,E0069,2024-10-09,9.0
ACT005251,Email,Case,CASE00123,E0069,2024-10-10,
ACT005252,Call,Case,CASE00124,E0016,2025-05-16,19.0
ACT005253,Email,Case,CASE00124,E0016,2025-05-17,
ACT005254,Call,Case,CASE00124,E0016,2025-05-16,30.0
ACT005255,Email,Case,CASE00124,E0016,2025-05-17,
ACT005256,Email,Case,CASE00124,E0016,2025-05-16,
ACT005257,Email,Case,CASE00125,E0001,2025-09-30,
ACT005258,Meeting,Case,CASE00125,E0001,2025-10-04,21.0
ACT005259,Email,Case,CASE00125,E0001,2025-10-04,
ACT005260,Call,Case,CASE00125,E0001,2025-09-30,28.0
ACT005261,Call,Case,CASE00125,E0001,2025-10-09,19.0
ACT005262,Task,Case,CASE00126,E0051,2025-08-14,
ACT005263,Task,Case,CASE00126,E0051,2025-08-14,
ACT005264,Email,Case,CASE00127,E0046,2025-04-30,
ACT005265,Email,Case,CASE00127,E0046,2025-04-30,
ACT005266,Call,Case,CASE00128,E0170,2024-04-21,27.0
ACT005267,Meeting,Case,CASE00128,E0170,2024-04-20,17.0
ACT005268,Task,Case,CASE00129,E0029,2025-12-24,
ACT005269,Call,Case,CASE00129,E0029,2025-12-24,25.0
ACT005270,Meeting,Case,CASE00129,E0029,2025-12-23,21.0
ACT005271,Email,Case,CASE00129,E0029,2025-12-23,
ACT005272,Email,Case,CASE00130,E0046,2025-12-09,
ACT005273,Email,Case,CASE00131,E0001,2025-04-18,
ACT005274,Meeting,Case,CASE00131,E0001,2025-04-18,37.0
ACT005275,Email,Case,CASE00132,E0046,2024-09-29,
ACT005276,Call,Case,CASE00132,E0046,2024-09-23,8.0
ACT005277,Meeting,Case,CASE00132,E0046,2024-09-29,7.0
ACT005278,Call,Case,CASE00133,E0170,2024-03-04,40.0
ACT005279,Meeting,Case,CASE00133,E0170,2024-03-07,31.0
ACT005280,Task,Case,CASE00133,E0170,2024-02-29,
ACT005281,Email,Case,CASE00133,E0170,2024-02-28,
ACT005282,Meeting,Case,CASE00134,E0137,2024-10-04,35.0
ACT005283,Email,Case,CASE00134,E0137,2024-10-01,
ACT005284,Email,Case,CASE00134,E0137,2024-10-04,
ACT005285,Email,Case,CASE00134,E0137,2024-10-02,
ACT005286,Task,Case,CASE00134,E0137,2024-10-04,
ACT005287,Meeting,Case,CASE00135,E0029,2025-05-15,5.0
ACT005288,Task,Case,CASE00135,E0029,2025-05-16,
ACT005289,Email,Case,CASE00135,E0029,2025-05-14,
ACT005290,Meeting,Case,CASE00135,E0029,2025-05-10,11.0
ACT005291,Meeting,Case,CASE00135,E0029,2025-05-09,15.0
ACT005292,Email,Case,CASE00136,E0170,2024-10-03,
ACT005293,Email,Case,CASE00136,E0170,2024-10-06,
ACT005294,Meeting,Case,CASE00136,E0170,2024-10-03,24.0
ACT005295,Email,Case,CASE00136,E0170,2024-10-05,
ACT005296,Email,Case,CASE00136,E0170,2024-10-06,
ACT005297,Call,Case,CASE00137,E0001,2024-08-14,11.0
ACT005298,Call,Case,CASE00137,E0001,2024-08-12,42.0
ACT005299,Call,Case,CASE00137,E0001,2024-08-12,34.0
ACT005300,Call,Case,CASE00137,E0001,2024-08-14,43.0
ACT005301,Call,Case,CASE00137,E0001,2024-08-13,42.0
ACT005302,Call,Case,CASE00138,E0103,2024-03-19,31.0
ACT005303,Email,Case,CASE00138,E0103,2024-03-21,
ACT005304,Call,Case,CASE00138,E0103,2024-03-17,24.0
ACT005305,Email,Case,CASE00138,E0103,2024-03-22,
ACT005306,Call,Case,CASE00138,E0103,2024-03-17,18.0
ACT005307,Email,Case,CASE00139,E0080,2025-04-14,
ACT005308,Call,Case,CASE00139,E0080,2025-04-16,7.0
ACT005309,Meeting,Case,CASE00139,E0080,2025-04-15,28.0
ACT005310,Call,Case,CASE00139,E0080,2025-04-15,21.0
ACT005311,Call,Case,CASE00139,E0080,2025-04-15,36.0
ACT005312,Call,Case,CASE00140,E0069,2025-07-03,42.0
ACT005313,Meeting,Case,CASE00140,E0069,2025-06-29,39.0
ACT005314,Call,Case,CASE00140,E0069,2025-06-27,34.0
ACT005315,Call,Case,CASE00140,E0069,2025-06-29,41.0
ACT005316,Email,Case,CASE00140,E0069,2025-06-28,
ACT005317,Call,Case,CASE00141,E0137,2025-06-21,20.0
ACT005318,Email,Case,CASE00141,E0137,2025-06-19,
ACT005319,Task,Case,CASE00141,E0137,2025-06-30,
ACT005320,Call,Case,CASE00142,E0064,2024-07-16,24.0
ACT005321,Task,Case,CASE00142,E0064,2024-07-18,
ACT005322,Email,Case,CASE00142,E0064,2024-07-18,
ACT005323,Email,Case,CASE00142,E0064,2024-07-14,
ACT005324,Email,Case,CASE00143,E0080,2025-09-26,
ACT005325,Call,Case,CASE00143,E0080,2025-09-19,12.0
ACT005326,Email,Case,CASE00144,E0137,2024-12-28,
ACT005327,Call,Case,CASE00144,E0137,2024-12-26,36.0
ACT005328,Call,Case,CASE00144,E0137,2024-12-26,14.0
ACT005329,Call,Case,CASE00145,E0051,2024-09-12,11.0
ACT005330,Email,Case,CASE00145,E0051,2024-09-17,
ACT005331,Email,Case,CASE00146,E0137,2025-11-12,
ACT005332,Email,Case,CASE00146,E0137,2025-11-10,
ACT005333,Email,Case,CASE00146,E0137,2025-11-11,
ACT005334,Email,Case,CASE00146,E0137,2025-11-10,
ACT005335,Email,Case,CASE00147,E0016,2025-01-28,
ACT005336,Email,Case,CASE00147,E0016,2025-01-26,
ACT005337,Call,Case,CASE00148,E0092,2025-03-28,36.0
ACT005338,Email,Case,CASE00148,E0092,2025-04-09,
ACT005339,Call,Case,CASE00148,E0092,2025-04-08,30.0
ACT005340,Call,Case,CASE00148,E0092,2025-03-30,33.0
ACT005341,Email,Case,CASE00148,E0092,2025-04-07,
ACT005342,Email,Case,CASE00149,E0137,2025-01-26,
ACT005343,Call,Case,CASE00149,E0137,2025-01-25,29.0
ACT005344,Email,Case,CASE00150,E0103,2025-10-25,
ACT005345,Email,Case,CASE00150,E0103,2025-10-21,
ACT005346,Task,Case,CASE00151,E0103,2024-12-13,
ACT005347,Call,Case,CASE00151,E0103,2024-12-12,18.0
ACT005348,Call,Case,CASE00151,E0103,2024-12-12,38.0
ACT005349,Meeting,Case,CASE00151,E0103,2024-12-12,25.0
ACT005350,Call,Case,CASE00151,E0103,2024-12-12,5.0
ACT005351,Email,Case,CASE00152,E0107,2024-06-21,
ACT005352,Call,Case,CASE00152,E0107,2024-05-27,11.0
ACT005353,Email,Case,CASE00153,E0103,2024-04-09,
ACT005354,Email,Case,CASE00154,E0001,2024-11-08,
ACT005355,Call,Case,CASE00154,E0001,2024-11-09,20.0
ACT005356,Email,Case,CASE00154,E0001,2024-11-09,
ACT005357,Meeting,Case,CASE00154,E0001,2024-11-05,9.0
ACT005358,Email,Case,CASE00155,E0016,2025-07-31,
ACT005359,Email,Case,CASE00155,E0016,2025-07-29,
ACT005360,Email,Case,CASE00156,E0092,2025-05-12,
ACT005361,Meeting,Case,CASE00156,E0092,2025-05-12,5.0
ACT005362,Call,Case,CASE00157,E0064,2024-04-01,31.0
ACT005363,Call,Case,CASE00157,E0064,2024-03-31,40.0
ACT005364,Call,Case,CASE00157,E0064,2024-04-04,8.0
ACT005365,Meeting,Case,CASE00157,E0064,2024-03-31,18.0
ACT005366,Email,Case,CASE00157,E0064,2024-04-04,
ACT005367,Email,Case,CASE00158,E0092,2024-08-30,
ACT005368,Meeting,Case,CASE00159,E0080,2025-05-06,21.0
ACT005369,Meeting,Case,CASE00159,E0080,2025-05-03,7.0
ACT005370,Meeting,Case,CASE00159,E0080,2025-05-03,8.0
ACT005371,Call,Case,CASE00159,E0080,2025-05-05,25.0
ACT005372,Email,Case,CASE00160,E0029,2025-01-20,
ACT005373,Email,Case,CASE00160,E0029,2025-01-18,
ACT005374,Task,Case,CASE00160,E0029,2025-01-20,
ACT005375,Meeting,Case,CASE00160,E0029,2025-01-16,9.0
ACT005376,Call,Case,CASE00161,E0170,2025-03-23,35.0
ACT005377,Task,Case,CASE00161,E0170,2025-03-19,
ACT005378,Meeting,Case,CASE00162,E0029,2024-03-09,30.0
ACT005379,Email,Case,CASE00162,E0029,2024-03-09,
ACT005380,Email,Case,CASE00163,E0107,2024-08-17,
ACT005381,Meeting,Case,CASE00164,E0137,2025-03-27,9.0
ACT005382,Email,Case,CASE00164,E0137,2025-03-27,
ACT005383,Email,Case,CASE00164,E0137,2025-03-29,
ACT005384,Call,Case,CASE00164,E0137,2025-03-29,32.0
ACT005385,Call,Case,CASE00165,E0046,2024-04-08,17.0
ACT005386,Email,Case,CASE00165,E0046,2024-04-09,
ACT005387,Call,Case,CASE00166,E0107,2024-11-29,26.0
ACT005388,Email,Case,CASE00167,E0016,2024-09-01,
ACT005389,Email,Case,CASE00168,E0170,2025-10-24,
ACT005390,Call,Case,CASE00168,E0170,2025-10-24,15.0
ACT005391,Task,Case,CASE00168,E0170,2025-10-22,
ACT005392,Email,Case,CASE00168,E0170,2025-10-24,
ACT005393,Email,Case,CASE00169,E0092,2025-12-28,
ACT005394,Email,Case,CASE00169,E0092,2026-01-07,
ACT005395,Email,Case,CASE00169,E0092,2026-01-06,
ACT005396,Call,Case,CASE00169,E0092,2025-12-28,17.0
ACT005397,Meeting,Case,CASE00169,E0092,2025-12-30,9.0
ACT005398,Call,Case,CASE00170,E0107,2024-10-21,12.0
ACT005399,Meeting,Case,CASE00170,E0107,2024-10-18,44.0
ACT005400,Meeting,Case,CASE00170,E0107,2024-10-19,40.0
ACT005401,Meeting,Case,CASE00170,E0107,2024-10-17,24.0
ACT005402,Call,Case,CASE00171,E0069,2024-10-16,41.0
ACT005403,Call,Case,CASE00171,E0069,2024-10-08,40.0
ACT005404,Meeting,Case,CASE00171,E0069,2024-10-12,6.0
ACT005405,Email,Case,CASE00171,E0069,2024-10-09,
ACT005406,Email,Case,CASE00171,E0069,2024-10-14,
ACT005407,Email,Case,CASE00172,E0051,2025-01-20,
ACT005408,Email,Case,CASE00173,E0170,2024-06-06,
ACT005409,Call,Case,CASE00173,E0170,2024-06-05,17.0
ACT005410,Email,Case,CASE00174,E0051,2025-04-04,
ACT005411,Task,Case,CASE00174,E0051,2025-04-04,
ACT005412,Email,Case,CASE00174,E0051,2025-04-03,
ACT005413,Email,Case,CASE00174,E0051,2025-04-03,
ACT005414,Email,Case,CASE00175,E0137,2025-09-20,
ACT005415,Meeting,Case,CASE00175,E0137,2025-09-24,20.0
ACT005416,Call,Case,CASE00175,E0137,2025-09-18,33.0
ACT005417,Task,Case,CASE00176,E0137,2025-05-22,
ACT005418,Call,Case,CASE00176,E0137,2025-05-22,29.0
ACT005419,Call,Case,CASE00177,E0069,2025-05-29,36.0
ACT005420,Call,Case,CASE00177,E0069,2025-05-29,5.0
ACT005421,Call,Case,CASE00177,E0069,2025-05-31,15.0
ACT005422,Call,Case,CASE00178,E0107,2024-09-03,26.0
ACT005423,Call,Case,CASE00178,E0107,2024-09-04,8.0
ACT005424,Call,Case,CASE00179,E0016,2025-03-11,5.0
ACT005425,Call,Case,CASE00180,E0064,2025-03-17,5.0
ACT005426,Call,Case,CASE00180,E0064,2025-03-17,25.0
ACT005427,Email,Case,CASE00181,E0001,2025-06-07,
ACT005428,Email,Case,CASE00182,E0029,2024-07-26,
ACT005429,Call,Case,CASE00182,E0029,2024-07-26,41.0
ACT005430,Email,Case,CASE00182,E0029,2024-07-28,
ACT005431,Call,Case,CASE00182,E0029,2024-07-27,20.0
ACT005432,Email,Case,CASE00183,E0051,2024-01-25,
ACT005433,Meeting,Case,CASE00183,E0051,2024-01-27,19.0
ACT005434,Email,Case,CASE00184,E0029,2024-01-18,
ACT005435,Email,Case,CASE00185,E0064,2025-11-24,
ACT005436,Email,Case,CASE00185,E0064,2025-12-03,
ACT005437,Email,Case,CASE00185,E0064,2025-12-04,
ACT005438,Task,Case,CASE00185,E0064,2025-11-28,
ACT005439,Call,Case,CASE00186,E0051,2025-11-07,32.0
ACT005440,Call,Case,CASE00186,E0051,2025-11-07,5.0
ACT005441,Call,Case,CASE00186,E0051,2025-11-07,24.0
ACT005442,Email,Case,CASE00186,E0051,2025-11-06,
ACT005443,Email,Case,CASE00187,E0051,2025-01-17,
ACT005444,Call,Case,CASE00187,E0051,2025-01-16,28.0
ACT005445,Call,Case,CASE00187,E0051,2025-01-18,35.0
ACT005446,Email,Case,CASE00188,E0001,2025-07-26,
ACT005447,Call,Case,CASE00188,E0001,2025-07-22,17.0
ACT005448,Email,Case,CASE00188,E0001,2025-07-26,
ACT005449,Call,Case,CASE00188,E0001,2025-07-23,7.0
ACT005450,Task,Case,CASE00188,E0001,2025-07-24,
ACT005451,Call,Case,CASE00189,E0107,2024-09-13,19.0
ACT005452,Meeting,Case,CASE00189,E0107,2024-09-12,43.0
ACT005453,Email,Case,CASE00189,E0107,2024-09-13,
ACT005454,Call,Case,CASE00189,E0107,2024-09-11,17.0
ACT005455,Email,Case,CASE00190,E0103,2024-09-04,
ACT005456,Task,Case,CASE00190,E0103,2024-09-02,
ACT005457,Call,Case,CASE00191,E0069,2024-03-31,39.0
ACT005458,Task,Case,CASE00191,E0069,2024-03-31,
ACT005459,Email,Case,CASE00192,E0016,2024-01-20,
ACT005460,Email,Case,CASE00192,E0016,2024-01-12,
ACT005461,Call,Case,CASE00193,E0080,2024-05-10,43.0
ACT005462,Email,Case,CASE00194,E0103,2025-01-21,
ACT005463,Call,Case,CASE00194,E0103,2025-01-17,18.0
ACT005464,Email,Case,CASE00195,E0069,2025-04-25,
ACT005465,Email,Case,CASE00195,E0069,2025-04-21,
ACT005466,Call,Case,CASE00195,E0069,2025-04-26,7.0
ACT005467,Call,Case,CASE00195,E0069,2025-04-23,14.0
ACT005468,Task,Case,CASE00196,E0029,2024-12-02,
ACT005469,Call,Case,CASE00196,E0029,2024-11-21,12.0
ACT005470,Call,Case,CASE00197,E0051,2024-11-06,22.0
ACT005471,Call,Case,CASE00197,E0051,2024-11-07,26.0
ACT005472,Meeting,Case,CASE00197,E0051,2024-11-08,22.0
ACT005473,Meeting,Case,CASE00197,E0051,2024-11-05,31.0
ACT005474,Call,Case,CASE00197,E0051,2024-11-11,44.0
ACT005475,Call,Case,CASE00198,E0080,2025-02-26,32.0
ACT005476,Email,Case,CASE00198,E0080,2025-03-01,
ACT005477,Meeting,Case,CASE00198,E0080,2025-03-02,6.0
ACT005478,Call,Case,CASE00198,E0080,2025-02-28,31.0
ACT005479,Task,Case,CASE00198,E0080,2025-02-27,
ACT005480,Call,Case,CASE00199,E0064,2024-07-27,38.0
ACT005481,Call,Case,CASE00199,E0064,2024-07-27,11.0
ACT005482,Email,Case,CASE00199,E0064,2024-07-26,
ACT005483,Call,Case,CASE00199,E0064,2024-07-27,19.0
ACT005484,Task,Case,CASE00200,E0051,2024-09-23,
ACT005485,Meeting,Case,CASE00201,E0016,2024-11-23,43.0
ACT005486,Call,Case,CASE00201,E0016,2024-11-22,26.0
ACT005487,Email,Case,CASE00201,E0016,2024-11-22,
ACT005488,Call,Case,CASE00202,E0051,2025-06-25,13.0
ACT005489,Meeting,Case,CASE00203,E0029,2024-01-31,24.0
ACT005490,Email,Case,CASE00203,E0029,2024-02-01,
ACT005491,Call,Case,CASE00203,E0029,2024-01-31,36.0
ACT005492,Email,Case,CASE00203,E0029,2024-02-01,
ACT005493,Call,Case,CASE00204,E0046,2025-05-18,5.0
ACT005494,Call,Case,CASE00204,E0046,2025-05-11,19.0
ACT005495,Email,Case,CASE00205,E0051,2024-12-04,
ACT005496,Email,Case,CASE00206,E0051,2025-01-13,
ACT005497,Email,Case,CASE00206,E0051,2025-01-12,
ACT005498,Meeting,Case,CASE00207,E0170,2025-05-15,31.0
ACT005499,Task,Case,CASE00207,E0170,2025-05-14,
ACT005500,Email,Case,CASE00207,E0170,2025-05-11,
ACT005501,Call,Case,CASE00207,E0170,2025-05-20,25.0
ACT005502,Email,Case,CASE00208,E0016,2024-05-28,
ACT005503,Call,Case,CASE00208,E0016,2024-06-10,13.0
ACT005504,Email,Case,CASE00208,E0016,2024-06-12,
ACT005505,Call,Case,CASE00209,E0103,2024-11-23,11.0
ACT005506,Email,Case,CASE00209,E0103,2024-11-22,
ACT005507,Call,Case,CASE00209,E0103,2024-11-22,41.0
ACT005508,Email,Case,CASE00209,E0103,2024-11-22,
ACT005509,Email,Case,CASE00210,E0016,2024-02-03,
ACT005510,Call,Case,CASE00210,E0016,2024-02-03,17.0
ACT005511,Call,Case,CASE00210,E0016,2024-02-05,14.0
ACT005512,Call,Case,CASE00210,E0016,2024-02-04,12.0
ACT005513,Call,Case,CASE00211,E0080,2025-09-14,32.0
ACT005514,Call,Case,CASE00212,E0137,2024-09-28,29.0
ACT005515,Email,Case,CASE00212,E0137,2024-10-03,
ACT005516,Email,Case,CASE00212,E0137,2024-10-03,
ACT005517,Call,Case,CASE00212,E0137,2024-10-04,30.0
ACT005518,Meeting,Case,CASE00212,E0137,2024-10-01,14.0
ACT005519,Email,Case,CASE00213,E0069,2025-07-14,
ACT005520,Call,Case,CASE00214,E0137,2025-09-25,8.0
ACT005521,Task,Case,CASE00214,E0137,2025-09-25,
ACT005522,Call,Case,CASE00214,E0137,2025-09-26,36.0
ACT005523,Email,Case,CASE00214,E0137,2025-09-25,
ACT005524,Call,Case,CASE00214,E0137,2025-09-27,27.0
ACT005525,Meeting,Case,CASE00215,E0046,2025-02-24,31.0
ACT005526,Email,Case,CASE00215,E0046,2025-02-25,
ACT005527,Meeting,Case,CASE00215,E0046,2025-02-25,24.0
ACT005528,Task,Case,CASE00215,E0046,2025-02-28,
ACT005529,Call,Case,CASE00216,E0051,2024-10-20,33.0
ACT005530,Meeting,Case,CASE00216,E0051,2024-10-22,29.0
ACT005531,Meeting,Case,CASE00216,E0051,2024-10-21,32.0
ACT005532,Meeting,Case,CASE00217,E0137,2024-06-22,26.0
ACT005533,Email,Case,CASE00217,E0137,2024-06-20,
ACT005534,Call,Case,CASE00217,E0137,2024-06-23,32.0
ACT005535,Call,Case,CASE00218,E0051,2024-08-19,34.0
ACT005536,Call,Case,CASE00218,E0051,2024-08-30,8.0
ACT005537,Call,Case,CASE00218,E0051,2024-09-01,42.0
ACT005538,Email,Case,CASE00218,E0051,2024-08-23,
ACT005539,Meeting,Case,CASE00219,E0092,2024-03-27,25.0
ACT005540,Call,Case,CASE00219,E0092,2024-03-24,37.0
ACT005541,Task,Case,CASE00219,E0092,2024-03-29,
ACT005542,Meeting,Case,CASE00220,E0069,2024-11-10,36.0
ACT005543,Meeting,Case,CASE00221,E0170,2025-03-10,28.0
ACT005544,Email,Case,CASE00221,E0170,2025-03-10,
ACT005545,Call,Case,CASE00221,E0170,2025-03-10,13.0
ACT005546,Meeting,Case,CASE00221,E0170,2025-03-10,38.0
ACT005547,Meeting,Case,CASE00222,E0137,2025-03-11,31.0
ACT005548,Email,Case,CASE00222,E0137,2025-03-11,
ACT005549,Email,Case,CASE00223,E0103,2026-01-08,
ACT005550,Task,Case,CASE00223,E0103,2026-01-06,
ACT005551,Email,Case,CASE00223,E0103,2026-01-01,
ACT005552,Email,Case,CASE00224,E0051,2024-06-23,
ACT005553,Meeting,Case,CASE00224,E0051,2024-06-25,44.0
ACT005554,Call,Case,CASE00224,E0051,2024-06-25,21.0
ACT005555,Call,Case,CASE00224,E0051,2024-06-23,21.0
ACT005556,Meeting,Case,CASE00224,E0051,2024-06-26,9.0
ACT005557,Email,Case,CASE00225,E0170,2024-04-09,
ACT005558,Task,Case,CASE00225,E0170,2024-04-05,
ACT005559,Call,Case,CASE00225,E0170,2024-04-02,26.0
ACT005560,Email,Case,CASE00225,E0170,2024-04-02,
ACT005561,Call,Case,CASE00226,E0069,2025-07-04,31.0
ACT005562,Call,Case,CASE00226,E0069,2025-06-28,15.0
ACT005563,Email,Case,CASE00227,E0001,2024-11-29,
ACT005564,Meeting,Case,CASE00228,E0051,2024-01-13,29.0
ACT005565,Task,Case,CASE00228,E0051,2024-01-15,
ACT005566,Call,Case,CASE00228,E0051,2024-01-14,44.0
ACT005567,Call,Case,CASE00229,E0051,2025-12-24,10.0
ACT005568,Call,Case,CASE00229,E0051,2025-12-24,9.0
ACT005569,Email,Case,CASE00229,E0051,2025-12-24,
ACT005570,Call,Case,CASE00230,E0064,2025-10-03,13.0
ACT005571,Task,Case,CASE00230,E0064,2025-10-03,
ACT005572,Call,Case,CASE00230,E0064,2025-10-04,26.0
ACT005573,Call,Case,CASE00231,E0092,2025-05-29,28.0
ACT005574,Call,Case,CASE00231,E0092,2025-05-30,20.0
ACT005575,Call,Case,CASE00231,E0092,2025-05-30,13.0
ACT005576,Email,Case,CASE00232,E0051,2024-02-19,
ACT005577,Email,Case,CASE00232,E0051,2024-02-15,
ACT005578,Meeting,Case,CASE00232,E0051,2024-02-12,40.0
ACT005579,Email,Case,CASE00232,E0051,2024-02-13,
ACT005580,Email,Case,CASE00233,E0016,2024-03-21,
ACT005581,Email,Case,CASE00233,E0016,2024-03-23,
ACT005582,Call,Case,CASE00233,E0016,2024-03-21,36.0
ACT005583,Email,Case,CASE00234,E0137,2024-04-04,
ACT005584,Call,Case,CASE00234,E0137,2024-04-06,29.0
ACT005585,Email,Case,CASE00234,E0137,2024-04-10,
ACT005586,Task,Case,CASE00235,E0103,2025-07-22,
ACT005587,Call,Case,CASE00235,E0103,2025-07-21,39.0
ACT005588,Email,Case,CASE00236,E0107,2024-11-28,
ACT005589,Call,Case,CASE00236,E0107,2024-11-27,5.0
ACT005590,Meeting,Case,CASE00236,E0107,2024-11-27,24.0
ACT005591,Meeting,Case,CASE00236,E0107,2024-11-28,34.0
ACT005592,Call,Case,CASE00236,E0107,2024-11-26,29.0
ACT005593,Task,Case,CASE00237,E0046,2024-05-01,
ACT005594,Meeting,Case,CASE00238,E0016,2025-02-01,29.0
ACT005595,Call,Case,CASE00238,E0016,2025-01-29,15.0
ACT005596,Task,Case,CASE00238,E0016,2025-01-29,
ACT005597,Call,Case,CASE00238,E0016,2025-01-30,9.0
ACT005598,Task,Case,CASE00238,E0016,2025-01-31,
ACT005599,Email,Case,CASE00239,E0137,2025-06-08,
ACT005600,Meeting,Case,CASE00239,E0137,2025-06-11,14.0
ACT005601,Email,Case,CASE00239,E0137,2025-06-12,
ACT005602,Email,Case,CASE00239,E0137,2025-06-09,
ACT005603,Email,Case,CASE00240,E0051,2024-12-13,
ACT005604,Email,Case,CASE00240,E0051,2024-12-13,
ACT005605,Call,Case,CASE00240,E0051,2024-12-13,8.0
ACT005606,Email,Case,CASE00240,E0051,2024-12-11,
ACT005607,Call,Case,CASE00241,E0064,2025-02-23,39.0
ACT005608,Call,Case,CASE00241,E0064,2025-02-23,22.0
ACT005609,Email,Case,CASE00242,E0103,2024-12-19,
ACT005610,Task,Case,CASE00242,E0103,2024-12-14,
ACT005611,Meeting,Case,CASE00242,E0103,2024-12-17,32.0
ACT005612,Task,Case,CASE00243,E0069,2025-02-11,
ACT005613,Call,Case,CASE00243,E0069,2025-02-15,34.0
ACT005614,Call,Case,CASE00243,E0069,2025-02-16,11.0
ACT005615,Email,Case,CASE00243,E0069,2025-02-11,
ACT005616,Task,Case,CASE00244,E0029,2024-05-11,
ACT005617,Call,Case,CASE00245,E0069,2025-01-22,31.0
ACT005618,Meeting,Case,CASE00245,E0069,2025-01-22,10.0
ACT005619,Call,Case,CASE00245,E0069,2025-01-21,39.0
ACT005620,Call,Case,CASE00246,E0170,2024-06-12,24.0
ACT005621,Email,Case,CASE00246,E0170,2024-06-16,
ACT005622,Email,Case,CASE00247,E0016,2025-09-01,
ACT005623,Task,Case,CASE00248,E0103,2025-03-04,
ACT005624,Call,Case,CASE00248,E0103,2025-03-03,25.0
ACT005625,Email,Case,CASE00249,E0001,2024-03-18,
ACT005626,Meeting,Case,CASE00249,E0001,2024-03-13,16.0
ACT005627,Meeting,Case,CASE00249,E0001,2024-03-21,40.0
ACT005628,Meeting,Case,CASE00249,E0001,2024-03-11,43.0
ACT005629,Call,Case,CASE00250,E0107,2025-01-07,42.0
ACT005630,Email,Case,CASE00250,E0107,2025-01-06,
ACT005631,Call,Case,CASE00250,E0107,2025-01-05,38.0
ACT005632,Email,Case,CASE00250,E0107,2025-01-05,
ACT005633,Meeting,Case,CASE00251,E0069,2024-09-30,13.0
ACT005634,Email,Case,CASE00251,E0069,2024-09-26,
ACT005635,Call,Case,CASE00251,E0069,2024-09-21,31.0
ACT005636,Task,Case,CASE00251,E0069,2024-09-13,
ACT005637,Email,Case,CASE00251,E0069,2024-09-30,
ACT005638,Email,Case,CASE00252,E0137,2025-05-23,
ACT005639,Email,Case,CASE00252,E0137,2025-05-21,
ACT005640,Email,Case,CASE00252,E0137,2025-05-24,
ACT005641,Email,Case,CASE00253,E0103,2025-08-04,
ACT005642,Call,Case,CASE00253,E0103,2025-08-08,38.0
ACT005643,Call,Case,CASE00254,E0170,2024-08-25,37.0
ACT005644,Email,Case,CASE00254,E0170,2024-08-24,
ACT005645,Call,Case,CASE00254,E0170,2024-08-25,21.0
ACT005646,Meeting,Case,CASE00254,E0170,2024-08-24,24.0
ACT005647,Meeting,Case,CASE00255,E0064,2025-01-20,29.0
ACT005648,Task,Case,CASE00255,E0064,2025-01-25,
ACT005649,Call,Case,CASE00255,E0064,2025-01-20,15.0
ACT005650,Call,Case,CASE00255,E0064,2025-01-21,26.0
ACT005651,Meeting,Case,CASE00256,E0029,2024-05-20,6.0
ACT005652,Call,Case,CASE00256,E0029,2024-05-17,29.0
ACT005653,Email,Case,CASE00257,E0080,2025-12-25,
ACT005654,Call,Case,CASE00258,E0016,2025-06-08,20.0
ACT005655,Email,Case,CASE00258,E0016,2025-06-08,
ACT005656,Call,Case,CASE00258,E0016,2025-06-05,23.0
ACT005657,Task,Case,CASE00258,E0016,2025-06-08,
ACT005658,Task,Case,CASE00259,E0069,2024-12-21,
ACT005659,Email,Case,CASE00259,E0069,2024-12-23,
ACT005660,Meeting,Case,CASE00260,E0107,2024-04-25,21.0
ACT005661,Call,Case,CASE00260,E0107,2024-04-25,31.0
ACT005662,Email,Case,CASE00260,E0107,2024-04-23,
ACT005663,Meeting,Case,CASE00260,E0107,2024-04-23,43.0
ACT005664,Task,Case,CASE00260,E0107,2024-04-23,
ACT005665,Meeting,Case,CASE00261,E0046,2024-03-17,35.0
ACT005666,Meeting,Case,CASE00261,E0046,2024-03-16,12.0
ACT005667,Call,Case,CASE00261,E0046,2024-03-17,25.0
ACT005668,Task,Case,CASE00262,E0080,2025-07-03,
ACT005669,Email,Case,CASE00262,E0080,2025-07-03,
ACT005670,Call,Case,CASE00262,E0080,2025-07-09,36.0
ACT005671,Email,Case,CASE00262,E0080,2025-07-08,
ACT005672,Task,Case,CASE00263,E0029,2024-07-16,
ACT005673,Call,Case,CASE00263,E0029,2024-07-17,7.0
ACT005674,Email,Case,CASE00263,E0029,2024-07-13,
ACT005675,Meeting,Case,CASE00264,E0064,2025-04-15,6.0
ACT005676,Email,Case,CASE00264,E0064,2025-04-19,
ACT005677,Meeting,Case,CASE00264,E0064,2025-04-18,41.0
ACT005678,Call,Case,CASE00265,E0137,2024-08-24,34.0
ACT005679,Email,Case,CASE00265,E0137,2024-08-22,
ACT005680,Call,Case,CASE00265,E0137,2024-08-22,44.0
ACT005681,Call,Case,CASE00265,E0137,2024-08-21,24.0
ACT005682,Email,Case,CASE00265,E0137,2024-08-23,
ACT005683,Email,Case,CASE00266,E0046,2025-07-20,
ACT005684,Call,Case,CASE00266,E0046,2025-07-18,44.0
ACT005685,Email,Case,CASE00266,E0046,2025-07-20,
ACT005686,Call,Case,CASE00266,E0046,2025-07-18,12.0
ACT005687,Email,Case,CASE00267,E0064,2025-04-05,
ACT005688,Email,Case,CASE00267,E0064,2025-03-31,
ACT005689,Call,Case,CASE00267,E0064,2025-03-30,25.0
ACT005690,Email,Case,CASE00268,E0051,2025-07-22,
ACT005691,Email,Case,CASE00268,E0051,2025-07-25,
ACT005692,Task,Case,CASE00268,E0051,2025-07-20,
ACT005693,Meeting,Case,CASE00269,E0069,2024-02-26,27.0
ACT005694,Call,Case,CASE00269,E0069,2024-02-27,24.0
ACT005695,Email,Case,CASE00270,E0092,2024-10-24,
ACT005696,Call,Case,CASE00270,E0092,2024-10-24,25.0
ACT005697,Call,Case,CASE00270,E0092,2024-10-23,17.0
ACT005698,Email,Case,CASE00270,E0092,2024-10-26,
ACT005699,Task,Case,CASE00270,E0092,2024-10-25,
ACT005700,Email,Case,CASE00271,E0029,2024-08-08,
ACT005701,Call,Case,CASE00272,E0046,2024-07-10,17.0
ACT005702,Meeting,Case,CASE00272,E0046,2024-07-16,10.0
ACT005703,Email,Case,CASE00272,E0046,2024-07-21,
ACT005704,Call,Case,CASE00272,E0046,2024-07-08,40.0
ACT005705,Call,Case,CASE00273,E0046,2024-10-16,29.0
ACT005706,Meeting,Case,CASE00273,E0046,2024-10-17,10.0
ACT005707,Meeting,Case,CASE00273,E0046,2024-10-16,9.0
ACT005708,Call,Case,CASE00274,E0029,2024-10-30,13.0
ACT005709,Meeting,Case,CASE00275,E0029,2025-09-08,31.0
ACT005710,Email,Case,CASE00275,E0029,2025-09-07,
ACT005711,Task,Case,CASE00275,E0029,2025-09-04,
ACT005712,Call,Case,CASE00275,E0029,2025-09-05,5.0
ACT005713,Meeting,Case,CASE00275,E0029,2025-09-05,14.0
ACT005714,Call,Case,CASE00276,E0107,2024-04-10,14.0
ACT005715,Call,Case,CASE00276,E0107,2024-04-11,13.0
ACT005716,Email,Case,CASE00277,E0029,2025-12-14,
ACT005717,Email,Case,CASE00277,E0029,2025-12-14,
ACT005718,Email,Case,CASE00278,E0046,2024-03-14,
ACT005719,Email,Case,CASE00278,E0046,2024-03-11,
ACT005720,Call,Case,CASE00279,E0170,2025-07-09,30.0
ACT005721,Meeting,Case,CASE00280,E0170,2025-02-22,29.0
ACT005722,Call,Case,CASE00280,E0170,2025-02-25,22.0
ACT005723,Email,Case,CASE00281,E0103,2024-11-17,
ACT005724,Call,Case,CASE00281,E0103,2024-11-16,42.0
ACT005725,Call,Case,CASE00282,E0001,2024-05-02,40.0
ACT005726,Meeting,Case,CASE00282,E0001,2024-05-07,37.0
ACT005727,Email,Case,CASE00282,E0001,2024-05-02,
ACT005728,Meeting,Case,CASE00282,E0001,2024-05-03,24.0
ACT005729,Email,Case,CASE00282,E0001,2024-04-27,
ACT005730,Email,Case,CASE00283,E0092,2025-09-05,
ACT005731,Call,Case,CASE00283,E0092,2025-08-31,41.0
ACT005732,Call,Case,CASE00283,E0092,2025-09-03,5.0
ACT005733,Meeting,Case,CASE00283,E0092,2025-09-02,14.0
ACT005734,Email,Case,CASE00284,E0051,2024-05-09,
ACT005735,Task,Case,CASE00284,E0051,2024-05-08,
ACT005736,Call,Case,CASE00284,E0051,2024-05-09,17.0
ACT005737,Task,Case,CASE00285,E0107,2024-05-28,
ACT005738,Task,Case,CASE00286,E0064,2024-06-08,
ACT005739,Call,Case,CASE00286,E0064,2024-06-08,20.0
ACT005740,Email,Case,CASE00286,E0064,2024-06-07,
ACT005741,Call,Case,CASE00287,E0001,2024-05-22,28.0
ACT005742,Email,Case,CASE00287,E0001,2024-05-22,
ACT005743,Task,Case,CASE00287,E0001,2024-05-18,
ACT005744,Call,Case,CASE00287,E0001,2024-05-21,43.0
ACT005745,Call,Case,CASE00287,E0001,2024-05-19,34.0
ACT005746,Email,Case,CASE00288,E0069,2024-09-23,
ACT005747,Meeting,Case,CASE00288,E0069,2024-09-26,43.0
ACT005748,Task,Case,CASE00288,E0069,2024-09-28,
ACT005749,Email,Case,CASE00288,E0069,2024-09-30,
ACT005750,Email,Case,CASE00289,E0069,2024-09-02,
ACT005751,Email,Case,CASE00289,E0069,2024-09-06,
ACT005752,Task,Case,CASE00289,E0069,2024-08-26,
ACT005753,Email,Case,CASE00290,E0001,2025-12-17,
ACT005754,Meeting,Case,CASE00290,E0001,2025-12-15,39.0
ACT005755,Email,Case,CASE00290,E0001,2025-12-17,
ACT005756,Call,Case,CASE00291,E0001,2024-04-12,6.0
ACT005757,Task,Case,CASE00291,E0001,2024-04-12,
ACT005758,Email,Case,CASE00291,E0001,2024-04-12,
ACT005759,Call,Case,CASE00291,E0001,2024-04-11,22.0
ACT005760,Meeting,Case,CASE00292,E0107,2025-05-11,19.0
ACT005761,Email,Case,CASE00293,E0029,2025-02-02,
ACT005762,Email,Case,CASE00293,E0029,2025-02-02,
ACT005763,Meeting,Case,CASE00294,E0064,2024-06-25,8.0
ACT005764,Call,Case,CASE00294,E0064,2024-06-24,10.0
ACT005765,Meeting,Case,CASE00295,E0064,2024-07-29,32.0
ACT005766,Call,Case,CASE00295,E0064,2024-08-05,27.0
ACT005767,Call,Case,CASE00295,E0064,2024-07-29,42.0
ACT005768,Call,Case,CASE00296,E0137,2024-01-12,42.0
ACT005769,Call,Case,CASE00296,E0137,2024-01-18,36.0
ACT005770,Meeting,Case,CASE00296,E0137,2024-01-13,35.0
ACT005771,Call,Case,CASE00297,E0107,2024-12-09,20.0
ACT005772,Meeting,Case,CASE00297,E0107,2024-12-10,34.0
ACT005773,Meeting,Case,CASE00297,E0107,2024-12-07,36.0
ACT005774,Call,Case,CASE00297,E0107,2024-12-10,35.0
ACT005775,Email,Case,CASE00297,E0107,2024-12-10,
ACT005776,Email,Case,CASE00298,E0170,2025-07-01,
ACT005777,Meeting,Case,CASE00299,E0051,2025-11-05,27.0
ACT005778,Task,Case,CASE00299,E0051,2025-11-07,
ACT005779,Call,Case,CASE00299,E0051,2025-11-04,20.0
ACT005780,Email,Case,CASE00299,E0051,2025-11-04,
ACT005781,Email,Case,CASE00300,E0103,2024-03-01,
ACT005782,Email,Case,CASE00300,E0103,2024-03-03,
ACT005783,Call,Case,CASE00300,E0103,2024-03-01,15.0
ACT005784,Email,Case,CASE00301,E0107,2025-07-13,
ACT005785,Call,Case,CASE00301,E0107,2025-07-15,18.0
ACT005786,Call,Case,CASE00302,E0103,2025-12-07,23.0
ACT005787,Task,Case,CASE00302,E0103,2025-12-07,
ACT005788,Email,Case,CASE00302,E0103,2025-12-07,
ACT005789,Meeting,Case,CASE00302,E0103,2025-12-05,15.0
ACT005790,Call,Case,CASE00303,E0046,2024-10-25,29.0
ACT005791,Call,Case,CASE00303,E0046,2024-10-26,11.0
ACT005792,Email,Case,CASE00304,E0137,2025-06-09,
ACT005793,Call,Case,CASE00304,E0137,2025-06-09,31.0
ACT005794,Email,Case,CASE00305,E0016,2024-04-26,
ACT005795,Email,Case,CASE00305,E0016,2024-04-25,
ACT005796,Call,Case,CASE00306,E0046,2024-06-27,43.0
ACT005797,Email,Case,CASE00306,E0046,2024-06-23,
ACT005798,Email,Case,CASE00306,E0046,2024-06-27,
ACT005799,Email,Case,CASE00306,E0046,2024-07-02,
ACT005800,Call,Case,CASE00307,E0092,2025-09-16,44.0
ACT005801,Email,Case,CASE00307,E0092,2025-09-21,
ACT005802,Email,Case,CASE00307,E0092,2025-09-04,
ACT005803,Meeting,Case,CASE00307,E0092,2025-09-05,41.0
ACT005804,Call,Case,CASE00308,E0137,2024-02-11,30.0
ACT005805,Email,Case,CASE00308,E0137,2024-01-27,
ACT005806,Task,Case,CASE00308,E0137,2024-02-10,
ACT005807,Call,Case,CASE00308,E0137,2024-01-26,36.0
ACT005808,Call,Case,CASE00308,E0137,2024-02-10,38.0
ACT005809,Call,Case,CASE00309,E0103,2025-02-07,16.0
ACT005810,Email,Case,CASE00309,E0103,2025-02-10,
ACT005811,Meeting,Case,CASE00309,E0103,2025-02-03,23.0
ACT005812,Email,Case,CASE00309,E0103,2025-02-03,
ACT005813,Task,Case,CASE00310,E0092,2025-07-13,
ACT005814,Call,Case,CASE00310,E0092,2025-07-17,13.0
ACT005815,Task,Case,CASE00310,E0092,2025-07-13,
ACT005816,Call,Case,CASE00310,E0092,2025-07-11,15.0
ACT005817,Email,Case,CASE00310,E0092,2025-07-16,
ACT005818,Email,Case,CASE00311,E0170,2024-10-22,
ACT005819,Email,Case,CASE00311,E0170,2024-10-18,
ACT005820,Call,Case,CASE00311,E0170,2024-10-22,20.0
ACT005821,Call,Case,CASE00311,E0170,2024-10-20,8.0
ACT005822,Call,Case,CASE00311,E0170,2024-10-21,36.0
ACT005823,Email,Case,CASE00312,E0029,2024-08-06,
ACT005824,Call,Case,CASE00312,E0029,2024-08-04,43.0
ACT005825,Meeting,Case,CASE00313,E0080,2025-02-08,30.0
ACT005826,Email,Case,CASE00313,E0080,2025-02-09,
ACT005827,Email,Case,CASE00313,E0080,2025-02-08,
ACT005828,Call,Case,CASE00313,E0080,2025-02-09,6.0
ACT005829,Email,Case,CASE00313,E0080,2025-02-09,
ACT005830,Email,Case,CASE00314,E0029,2025-05-04,
ACT005831,Call,Case,CASE00314,E0029,2025-05-03,33.0
ACT005832,Call,Case,CASE00314,E0029,2025-05-04,41.0
ACT005833,Email,Case,CASE00315,E0103,2025-12-26,
ACT005834,Email,Case,CASE00315,E0103,2025-12-25,
ACT005835,Meeting,Case,CASE00316,E0107,2025-08-04,17.0
ACT005836,Call,Case,CASE00316,E0107,2025-08-11,40.0
ACT005837,Email,Case,CASE00316,E0107,2025-08-27,
ACT005838,Call,Case,CASE00316,E0107,2025-09-08,12.0
ACT005839,Email,Case,CASE00317,E0092,2025-01-18,
ACT005840,Call,Case,CASE00317,E0092,2025-01-18,23.0
ACT005841,Email,Case,CASE00318,E0069,2025-08-05,
ACT005842,Email,Case,CASE00319,E0046,2025-04-16,
ACT005843,Call,Case,CASE00320,E0103,2024-03-31,10.0
ACT005844,Meeting,Case,CASE00321,E0029,2024-10-28,12.0
ACT005845,Call,Case,CASE00321,E0029,2024-10-28,25.0
ACT005846,Call,Case,CASE00321,E0029,2024-10-26,17.0
ACT005847,Call,Case,CASE00321,E0029,2024-10-29,33.0
ACT005848,Email,Case,CASE00321,E0029,2024-10-29,
ACT005849,Task,Case,CASE00322,E0137,2025-02-10,
ACT005850,Email,Case,CASE00322,E0137,2025-02-03,
ACT005851,Email,Case,CASE00322,E0137,2025-02-02,
ACT005852,Call,Case,CASE00322,E0137,2025-02-06,25.0
ACT005853,Call,Case,CASE00322,E0137,2025-02-02,37.0
ACT005854,Call,Case,CASE00323,E0092,2024-01-23,44.0
ACT005855,Email,Case,CASE00324,E0092,2024-03-31,
ACT005856,Call,Case,CASE00324,E0092,2024-04-01,21.0
ACT005857,Call,Case,CASE00324,E0092,2024-03-31,43.0
ACT005858,Email,Case,CASE00324,E0092,2024-03-31,
ACT005859,Task,Case,CASE00324,E0092,2024-03-31,
ACT005860,Email,Case,CASE00325,E0051,2024-06-30,
ACT005861,Call,Case,CASE00325,E0051,2024-06-25,12.0
ACT005862,Email,Case,CASE00325,E0051,2024-06-27,
ACT005863,Call,Case,CASE00325,E0051,2024-06-26,36.0
ACT005864,Email,Case,CASE00326,E0064,2024-06-07,
ACT005865,Meeting,Case,CASE00326,E0064,2024-06-09,39.0
ACT005866,Call,Case,CASE00326,E0064,2024-06-07,11.0
ACT005867,Call,Case,CASE00327,E0069,2025-02-12,33.0
ACT005868,Task,Case,CASE00328,E0029,2024-12-12,
ACT005869,Email,Case,CASE00328,E0029,2024-12-12,
ACT005870,Meeting,Case,CASE00329,E0107,2025-07-14,26.0
ACT005871,Call,Case,CASE00329,E0107,2025-07-17,20.0
ACT005872,Meeting,Case,CASE00329,E0107,2025-07-11,41.0
ACT005873,Call,Case,CASE00329,E0107,2025-07-10,41.0
ACT005874,Email,Case,CASE00329,E0107,2025-07-09,
ACT005875,Call,Case,CASE00330,E0016,2026-01-02,31.0
ACT005876,Call,Case,CASE00330,E0016,2026-01-01,34.0
ACT005877,Meeting,Case,CASE00331,E0064,2024-10-06,22.0
ACT005878,Call,Case,CASE00332,E0064,2024-09-17,43.0
ACT005879,Task,Case,CASE00332,E0064,2024-09-18,
ACT005880,Email,Case,CASE00332,E0064,2024-09-22,
ACT005881,Email,Case,CASE00333,E0092,2025-04-22,
ACT005882,Meeting,Case,CASE00334,E0046,2025-05-27,5.0
ACT005883,Email,Case,CASE00334,E0046,2025-05-23,
ACT005884,Email,Case,CASE00334,E0046,2025-05-26,
ACT005885,Call,Case,CASE00335,E0092,2025-11-21,15.0
ACT005886,Meeting,Case,CASE00335,E0092,2025-11-20,16.0
ACT005887,Call,Case,CASE00335,E0092,2025-11-20,44.0
ACT005888,Call,Case,CASE00336,E0051,2025-11-26,32.0
ACT005889,Task,Case,CASE00337,E0069,2025-06-21,
ACT005890,Call,Case,CASE00338,E0029,2024-06-26,41.0
ACT005891,Email,Case,CASE00338,E0029,2024-06-25,
ACT005892,Email,Case,CASE00338,E0029,2024-06-25,
ACT005893,Call,Case,CASE00339,E0080,2025-03-17,37.0
ACT005894,Call,Case,CASE00339,E0080,2025-03-17,42.0
ACT005895,Call,Case,CASE00339,E0080,2025-03-17,17.0
ACT005896,Email,Case,CASE00339,E0080,2025-03-17,
ACT005897,Meeting,Case,CASE00340,E0092,2024-02-20,7.0
ACT005898,Task,Case,CASE00340,E0092,2024-02-19,
ACT005899,Call,Case,CASE00340,E0092,2024-02-20,8.0
ACT005900,Meeting,Case,CASE00340,E0092,2024-02-20,21.0
ACT005901,Email,Case,CASE00340,E0092,2024-02-20,
ACT005902,Email,Case,CASE00341,E0080,2024-05-14,
ACT005903,Email,Case,CASE00342,E0016,2025-06-17,
ACT005904,Email,Case,CASE00342,E0016,2025-06-19,
ACT005905,Email,Case,CASE00342,E0016,2025-06-16,
ACT005906,Email,Case,CASE00343,E0001,2025-04-28,
ACT005907,Call,Case,CASE00344,E0064,2025-03-12,32.0
ACT005908,Email,Case,CASE00345,E0046,2025-12-29,
ACT005909,Call,Case,CASE00345,E0046,2025-12-27,21.0
ACT005910,Meeting,Case,CASE00346,E0080,2024-03-22,30.0
ACT005911,Email,Case,CASE00347,E0029,2025-02-22,
ACT005912,Task,Case,CASE00348,E0069,2024-08-16,
ACT005913,Email,Case,CASE00349,E0137,2026-01-02,
ACT005914,Email,Case,CASE00349,E0137,2026-01-08,
ACT005915,Meeting,Case,CASE00349,E0137,2026-01-06,32.0
ACT005916,Task,Case,CASE00349,E0137,2025-12-31,
ACT005917,Call,Case,CASE00350,E0001,2024-05-19,35.0
ACT005918,Email,Case,CASE00350,E0001,2024-05-03,
ACT005919,Call,Case,CASE00350,E0001,2024-05-22,34.0
ACT005920,Call,Case,CASE00351,E0080,2024-09-20,44.0
ACT005921,Task,Case,CASE00351,E0080,2024-09-21,
ACT005922,Email,Case,CASE00351,E0080,2024-09-20,
ACT005923,Email,Case,CASE00352,E0029,2024-08-10,
ACT005924,Task,Case,CASE00352,E0029,2024-08-04,
ACT005925,Task,Case,CASE00352,E0029,2024-08-05,
ACT005926,Call,Case,CASE00352,E0029,2024-08-05,44.0
ACT005927,Call,Case,CASE00352,E0029,2024-08-03,35.0
ACT005928,Call,Case,CASE00353,E0001,2025-03-17,44.0
ACT005929,Email,Case,CASE00353,E0001,2025-03-17,
ACT005930,Task,Case,CASE00353,E0001,2025-03-19,
ACT005931,Email,Case,CASE00353,E0001,2025-03-17,
ACT005932,Meeting,Case,CASE00353,E0001,2025-03-18,37.0
ACT005933,Email,Case,CASE00354,E0051,2024-05-08,
ACT005934,Call,Case,CASE00354,E0051,2024-05-06,19.0
ACT005935,Meeting,Case,CASE00354,E0051,2024-05-11,28.0
ACT005936,Call,Case,CASE00354,E0051,2024-05-06,32.0
ACT005937,Email,Case,CASE00355,E0029,2024-06-03,
ACT005938,Email,Case,CASE00355,E0029,2024-06-03,
ACT005939,Call,Case,CASE00356,E0069,2024-09-18,44.0
ACT005940,Call,Case,CASE00356,E0069,2024-09-19,14.0
ACT005941,Call,Case,CASE00356,E0069,2024-09-18,13.0
ACT005942,Email,Case,CASE00356,E0069,2024-09-16,
ACT005943,Email,Case,CASE00357,E0170,2024-08-24,
ACT005944,Email,Case,CASE00357,E0170,2024-09-07,
ACT005945,Task,Case,CASE00357,E0170,2024-09-10,
ACT005946,Call,Case,CASE00357,E0170,2024-08-30,10.0
ACT005947,Meeting,Case,CASE00357,E0170,2024-08-26,18.0
ACT005948,Meeting,Case,CASE00358,E0029,2025-02-16,28.0
ACT005949,Email,Case,CASE00358,E0029,2025-02-16,
ACT005950,Call,Case,CASE00358,E0029,2025-02-17,35.0
ACT005951,Call,Case,CASE00358,E0029,2025-02-18,40.0
ACT005952,Call,Case,CASE00359,E0016,2024-05-02,30.0
ACT005953,Call,Case,CASE00359,E0016,2024-04-29,40.0
ACT005954,Call,Case,CASE00359,E0016,2024-04-28,14.0
ACT005955,Meeting,Case,CASE00359,E0016,2024-05-05,10.0
ACT005956,Call,Case,CASE00359,E0016,2024-05-02,13.0
ACT005957,Meeting,Case,CASE00360,E0080,2025-03-23,8.0
ACT005958,Call,Case,CASE00360,E0080,2025-03-24,39.0
ACT005959,Meeting,Case,CASE00360,E0080,2025-03-21,37.0
ACT005960,Call,Case,CASE00360,E0080,2025-03-21,8.0
ACT005961,Call,Case,CASE00360,E0080,2025-03-21,41.0
ACT005962,Call,Case,CASE00361,E0103,2025-01-05,7.0
ACT005963,Email,Case,CASE00361,E0103,2025-01-03,
ACT005964,Call,Case,CASE00361,E0103,2024-12-31,33.0
ACT005965,Email,Case,CASE00361,E0103,2025-01-01,
ACT005966,Call,Case,CASE00362,E0016,2024-11-01,19.0
ACT005967,Email,Case,CASE00362,E0016,2024-11-03,
ACT005968,Email,Case,CASE00362,E0016,2024-10-31,
ACT005969,Email,Case,CASE00362,E0016,2024-11-01,
ACT005970,Email,Case,CASE00362,E0016,2024-11-02,
ACT005971,Task,Case,CASE00363,E0001,2024-06-14,
ACT005972,Email,Case,CASE00364,E0016,2025-01-20,
ACT005973,Call,Case,CASE00364,E0016,2025-01-22,32.0
ACT005974,Email,Case,CASE00364,E0016,2025-01-20,
ACT005975,Call,Case,CASE00364,E0016,2025-01-19,8.0
ACT005976,Email,Case,CASE00365,E0092,2025-08-09,
ACT005977,Meeting,Case,CASE00365,E0092,2025-08-12,41.0
ACT005978,Meeting,Case,CASE00365,E0092,2025-08-09,41.0
ACT005979,Call,Case,CASE00366,E0069,2024-02-11,9.0
ACT005980,Email,Case,CASE00366,E0069,2024-02-11,
ACT005981,Call,Case,CASE00366,E0069,2024-02-07,13.0
ACT005982,Call,Case,CASE00367,E0107,2024-11-07,28.0
ACT005983,Meeting,Case,CASE00367,E0107,2024-11-07,18.0
ACT005984,Call,Case,CASE00367,E0107,2024-11-06,21.0
ACT005985,Email,Case,CASE00367,E0107,2024-11-06,
ACT005986,Call,Case,CASE00368,E0092,2024-12-24,20.0
ACT005987,Call,Case,CASE00369,E0107,2025-02-10,6.0
ACT005988,Email,Case,CASE00369,E0107,2025-02-05,
ACT005989,Call,Case,CASE00369,E0107,2025-02-09,22.0
ACT005990,Meeting,Case,CASE00369,E0107,2025-02-10,28.0
ACT005991,Call,Case,CASE00370,E0170,2024-07-22,15.0
ACT005992,Email,Case,CASE00370,E0170,2024-07-24,
ACT005993,Email,Case,CASE00370,E0170,2024-07-24,
ACT005994,Call,Case,CASE00370,E0170,2024-07-22,10.0
ACT005995,Meeting,Case,CASE00370,E0170,2024-07-23,21.0
ACT005996,Email,Case,CASE00371,E0170,2025-11-20,
ACT005997,Email,Case,CASE00371,E0170,2025-11-19,
ACT005998,Call,Case,CASE00371,E0170,2025-11-18,6.0
ACT005999,Task,Case,CASE00371,E0170,2025-11-20,
ACT006000,Call,Case,CASE00371,E0170,2025-11-20,26.0
ACT006001,Task,Case,CASE00372,E0064,2024-12-07,
ACT006002,Email,Case,CASE00372,E0064,2024-11-30,
ACT006003,Call,Case,CASE00373,E0029,2024-12-07,10.0
ACT006004,Call,Case,CASE00374,E0080,2025-04-03,29.0
ACT006005,Call,Case,CASE00375,E0107,2024-09-21,37.0
ACT006006,Call,Case,CASE00375,E0107,2024-09-23,27.0
ACT006007,Email,Case,CASE00376,E0051,2025-04-30,
ACT006008,Task,Case,CASE00376,E0051,2025-04-27,
ACT006009,Email,Case,CASE00376,E0051,2025-04-30,
ACT006010,Email,Case,CASE00377,E0001,2024-03-16,
ACT006011,Email,Case,CASE00377,E0001,2024-03-15,
ACT006012,Call,Case,CASE00378,E0029,2025-09-18,35.0
ACT006013,Email,Case,CASE00378,E0029,2025-09-19,
ACT006014,Meeting,Case,CASE00378,E0029,2025-09-18,42.0
ACT006015,Email,Case,CASE00378,E0029,2025-09-19,
ACT006016,Call,Case,CASE00379,E0029,2024-07-30,41.0
ACT006017,Call,Case,CASE00380,E0092,2025-04-29,25.0
ACT006018,Call,Case,CASE00381,E0080,2025-09-21,40.0
ACT006019,Email,Case,CASE00382,E0029,2024-07-12,
ACT006020,Email,Case,CASE00382,E0029,2024-07-12,
ACT006021,Email,Case,CASE00382,E0029,2024-07-13,
ACT006022,Email,Case,CASE00382,E0029,2024-07-12,
ACT006023,Call,Case,CASE00382,E0029,2024-07-12,27.0
ACT006024,Email,Case,CASE00383,E0001,2024-10-18,
ACT006025,Task,Case,CASE00383,E0001,2024-10-20,
ACT006026,Email,Case,CASE00383,E0001,2024-10-18,
ACT006027,Email,Case,CASE00384,E0046,2024-10-12,
ACT006028,Meeting,Case,CASE00384,E0046,2024-10-12,43.0
ACT006029,Email,Case,CASE00384,E0046,2024-10-11,
ACT006030,Email,Case,CASE00385,E0092,2025-02-20,
ACT006031,Call,Case,CASE00385,E0092,2025-02-21,21.0
ACT006032,Email,Case,CASE00385,E0092,2025-02-18,
ACT006033,Meeting,Case,CASE00385,E0092,2025-02-23,22.0
ACT006034,Call,Case,CASE00386,E0103,2025-06-26,24.0
ACT006035,Email,Case,CASE00386,E0103,2025-06-22,
ACT006036,Meeting,Case,CASE00386,E0103,2025-06-24,35.0
ACT006037,Meeting,Case,CASE00387,E0051,2024-03-29,26.0
ACT006038,Email,Case,CASE00387,E0051,2024-03-30,
ACT006039,Email,Case,CASE00387,E0051,2024-03-30,
ACT006040,Call,Case,CASE00387,E0051,2024-03-29,20.0
ACT006041,Call,Case,CASE00387,E0051,2024-03-28,26.0
ACT006042,Call,Case,CASE00388,E0069,2025-04-14,5.0
ACT006043,Email,Case,CASE00388,E0069,2025-04-15,
ACT006044,Email,Case,CASE00388,E0069,2025-04-16,
ACT006045,Call,Case,CASE00388,E0069,2025-04-14,27.0
ACT006046,Call,Case,CASE00389,E0137,2024-08-01,43.0
ACT006047,Meeting,Case,CASE00389,E0137,2024-07-31,36.0
ACT006048,Meeting,Case,CASE00390,E0170,2025-10-03,35.0
ACT006049,Meeting,Case,CASE00390,E0170,2025-10-03,39.0
ACT006050,Meeting,Case,CASE00390,E0170,2025-10-03,33.0
ACT006051,Call,Case,CASE00390,E0170,2025-10-03,33.0
ACT006052,Task,Case,CASE00391,E0046,2025-09-13,
ACT006053,Email,Case,CASE00391,E0046,2025-09-10,
ACT006054,Meeting,Case,CASE00391,E0046,2025-09-11,21.0
ACT006055,Call,Case,CASE00392,E0170,2025-03-24,43.0
ACT006056,Call,Case,CASE00392,E0170,2025-03-24,30.0
ACT006057,Call,Case,CASE00392,E0170,2025-03-20,21.0
ACT006058,Email,Case,CASE00392,E0170,2025-03-27,
ACT006059,Task,Case,CASE00392,E0170,2025-03-25,
ACT006060,Meeting,Case,CASE00393,E0029,2024-06-09,15.0
ACT006061,Meeting,Case,CASE00393,E0029,2024-06-09,16.0
ACT006062,Call,Case,CASE00394,E0029,2025-11-28,17.0
ACT006063,Meeting,Case,CASE00394,E0029,2025-11-29,39.0
ACT006064,Call,Case,CASE00394,E0029,2025-11-27,36.0
ACT006065,Call,Case,CASE00394,E0029,2025-12-03,17.0
ACT006066,Meeting,Case,CASE00394,E0029,2025-12-01,32.0
ACT006067,Email,Case,CASE00395,E0107,2024-09-01,
ACT006068,Call,Case,CASE00395,E0107,2024-08-31,17.0
ACT006069,Email,Case,CASE00395,E0107,2024-09-01,
ACT006070,Email,Case,CASE00395,E0107,2024-08-31,
ACT006071,Email,Case,CASE00396,E0051,2024-05-14,
ACT006072,Task,Case,CASE00396,E0051,2024-05-14,
ACT006073,Meeting,Case,CASE00396,E0051,2024-05-13,41.0
ACT006074,Call,Case,CASE00397,E0092,2025-08-25,7.0
ACT006075,Meeting,Case,CASE00397,E0092,2025-08-24,43.0
ACT006076,Call,Case,CASE00398,E0080,2024-03-04,9.0
ACT006077,Meeting,Case,CASE00398,E0080,2024-03-03,26.0
ACT006078,Task,Case,CASE00398,E0080,2024-03-04,
ACT006079,Email,Case,CASE00399,E0092,2025-10-09,
ACT006080,Task,Case,CASE00399,E0092,2025-10-10,
ACT006081,Email,Case,CASE00400,E0029,2024-10-09,
ACT006082,Task,Case,CASE00400,E0029,2024-10-05,
ACT006083,Email,Case,CASE00400,E0029,2024-10-04,
ACT006084,Email,Case,CASE00400,E0029,2024-10-13,
ACT006085,Task,Case,CASE00401,E0170,2025-08-25,
ACT006086,Email,Case,CASE00401,E0170,2025-08-21,
ACT006087,Call,Case,CASE00401,E0170,2025-08-29,13.0
ACT006088,Meeting,Case,CASE00401,E0170,2025-08-22,16.0
ACT006089,Meeting,Case,CASE00401,E0170,2025-08-23,13.0
ACT006090,Call,Case,CASE00402,E0064,2024-03-19,13.0
ACT006091,Meeting,Case,CASE00402,E0064,2024-03-24,16.0
ACT006092,Call,Case,CASE00402,E0064,2024-03-22,38.0
ACT006093,Task,Case,CASE00403,E0069,2024-05-29,
ACT006094,Call,Case,CASE00404,E0080,2024-02-04,12.0
ACT006095,Call,Case,CASE00404,E0080,2024-02-03,22.0
ACT006096,Email,Case,CASE00404,E0080,2024-01-31,
ACT006097,Call,Case,CASE00404,E0080,2024-02-02,23.0
ACT006098,Meeting,Case,CASE00405,E0001,2024-04-15,40.0
ACT006099,Email,Case,CASE00405,E0001,2024-04-10,
ACT006100,Email,Case,CASE00405,E0001,2024-04-06,
ACT006101,Call,Case,CASE00405,E0001,2024-04-09,16.0
ACT006102,Call,Case,CASE00406,E0016,2024-01-28,36.0
ACT006103,Call,Case,CASE00406,E0016,2024-01-28,19.0
ACT006104,Call,Case,CASE00406,E0016,2024-01-28,12.0
ACT006105,Email,Case,CASE00407,E0064,2025-12-07,
ACT006106,Call,Case,CASE00407,E0064,2025-12-12,32.0
ACT006107,Email,Case,CASE00407,E0064,2025-12-04,
ACT006108,Email,Case,CASE00408,E0137,2024-04-26,
ACT006109,Meeting,Case,CASE00408,E0137,2024-04-27,40.0
ACT006110,Call,Case,CASE00408,E0137,2024-04-28,9.0
ACT006111,Call,Case,CASE00408,E0137,2024-04-26,15.0
ACT006112,Email,Case,CASE00409,E0103,2025-05-04,
ACT006113,Call,Case,CASE00409,E0103,2025-05-04,33.0
ACT006114,Meeting,Case,CASE00409,E0103,2025-05-04,37.0
ACT006115,Task,Case,CASE00409,E0103,2025-05-04,
ACT006116,Call,Case,CASE00410,E0029,2025-04-22,13.0
ACT006117,Email,Case,CASE00410,E0029,2025-04-28,
ACT006118,Email,Case,CASE00410,E0029,2025-04-27,
ACT006119,Meeting,Case,CASE00410,E0029,2025-04-21,9.0
ACT006120,Email,Case,CASE00410,E0029,2025-04-24,
ACT006121,Call,Case,CASE00411,E0029,2024-03-24,24.0
ACT006122,Call,Case,CASE00411,E0029,2024-03-25,43.0
ACT006123,Call,Case,CASE00411,E0029,2024-03-20,14.0
ACT006124,Call,Case,CASE00412,E0170,2024-01-11,12.0
ACT006125,Email,Case,CASE00412,E0170,2024-01-12,
ACT006126,Call,Case,CASE00412,E0170,2024-01-10,43.0
ACT006127,Email,Case,CASE00412,E0170,2024-01-10,
ACT006128,Meeting,Case,CASE00413,E0064,2025-06-12,16.0
ACT006129,Email,Case,CASE00413,E0064,2025-06-11,
ACT006130,Call,Case,CASE00414,E0170,2025-11-12,20.0
ACT006131,Call,Case,CASE00414,E0170,2025-11-19,31.0
ACT006132,Task,Case,CASE00415,E0170,2025-02-14,
ACT006133,Email,Case,CASE00415,E0170,2025-02-11,
ACT006134,Call,Case,CASE00415,E0170,2025-02-17,20.0
ACT006135,Email,Case,CASE00415,E0170,2025-02-12,
ACT006136,Call,Case,CASE00415,E0170,2025-02-17,41.0
ACT006137,Email,Case,CASE00416,E0080,2024-12-15,
ACT006138,Email,Case,CASE00417,E0092,2025-07-17,
ACT006139,Email,Case,CASE00417,E0092,2025-07-20,
ACT006140,Call,Case,CASE00418,E0092,2024-08-18,7.0
ACT006141,Call,Case,CASE00418,E0092,2024-08-19,16.0
ACT006142,Task,Case,CASE00418,E0092,2024-08-23,
ACT006143,Email,Case,CASE00418,E0092,2024-08-18,
ACT006144,Call,Case,CASE00418,E0092,2024-08-19,34.0
ACT006145,Email,Case,CASE00419,E0064,2024-07-15,
ACT006146,Call,Case,CASE00419,E0064,2024-07-17,26.0
ACT006147,Call,Case,CASE00419,E0064,2024-07-18,41.0
ACT006148,Email,Case,CASE00419,E0064,2024-07-24,
ACT006149,Email,Case,CASE00420,E0051,2024-12-16,
ACT006150,Call,Case,CASE00420,E0051,2024-12-15,18.0
ACT006151,Email,Case,CASE00420,E0051,2024-12-16,
ACT006152,Call,Case,CASE00421,E0016,2024-01-13,7.0
ACT006153,Email,Case,CASE00421,E0016,2024-01-14,
ACT006154,Meeting,Case,CASE00422,E0046,2024-06-12,35.0
ACT006155,Call,Case,CASE00422,E0046,2024-06-16,8.0
ACT006156,Email,Case,CASE00423,E0001,2025-09-30,
ACT006157,Call,Case,CASE00423,E0001,2025-09-30,5.0
ACT006158,Email,Case,CASE00424,E0051,2025-10-26,
ACT006159,Email,Case,CASE00424,E0051,2025-10-24,
ACT006160,Email,Case,CASE00424,E0051,2025-10-25,
ACT006161,Email,Case,CASE00424,E0051,2025-10-26,
ACT006162,Email,Case,CASE00425,E0064,2025-05-14,
ACT006163,Email,Case,CASE00425,E0064,2025-05-14,
ACT006164,Email,Case,CASE00425,E0064,2025-05-12,
ACT006165,Call,Case,CASE00426,E0137,2024-02-10,41.0
ACT006166,Call,Case,CASE00426,E0137,2024-02-09,34.0
ACT006167,Call,Case,CASE00426,E0137,2024-02-05,7.0
ACT006168,Email,Case,CASE00427,E0016,2024-08-17,
ACT006169,Call,Case,CASE00427,E0016,2024-08-17,33.0
ACT006170,Email,Case,CASE00428,E0080,2024-09-29,
ACT006171,Call,Case,CASE00429,E0001,2026-01-04,6.0
ACT006172,Email,Case,CASE00430,E0170,2024-07-26,
ACT006173,Task,Case,CASE00430,E0170,2024-07-30,
ACT006174,Meeting,Case,CASE00430,E0170,2024-07-27,6.0
ACT006175,Call,Case,CASE00431,E0103,2024-05-22,38.0
ACT006176,Call,Case,CASE00431,E0103,2024-05-19,24.0
ACT006177,Meeting,Case,CASE00431,E0103,2024-05-20,12.0
ACT006178,Call,Case,CASE00432,E0103,2024-01-31,37.0
ACT006179,Call,Case,CASE00433,E0137,2024-06-02,16.0
ACT006180,Task,Case,CASE00433,E0137,2024-06-04,
ACT006181,Call,Case,CASE00433,E0137,2024-06-02,9.0
ACT006182,Call,Case,CASE00433,E0137,2024-06-03,35.0
ACT006183,Call,Case,CASE00433,E0137,2024-06-02,42.0
ACT006184,Email,Case,CASE00434,E0080,2024-09-09,
ACT006185,Call,Case,CASE00434,E0080,2024-09-02,30.0
ACT006186,Meeting,Case,CASE00435,E0001,2025-04-27,38.0
ACT006187,Call,Case,CASE00436,E0001,2024-12-27,40.0
ACT006188,Email,Case,CASE00436,E0001,2024-12-26,
ACT006189,Call,Case,CASE00436,E0001,2024-12-25,33.0
ACT006190,Email,Case,CASE00437,E0029,2024-08-21,
ACT006191,Email,Case,CASE00437,E0029,2024-08-26,
ACT006192,Email,Case,CASE00438,E0092,2024-08-02,
ACT006193,Email,Case,CASE00438,E0092,2024-07-31,
ACT006194,Meeting,Case,CASE00438,E0092,2024-08-01,28.0
ACT006195,Meeting,Case,CASE00439,E0107,2025-07-02,31.0
ACT006196,Call,Case,CASE00440,E0080,2025-10-08,15.0
ACT006197,Task,Case,CASE00440,E0080,2025-10-06,
ACT006198,Email,Case,CASE00440,E0080,2025-10-03,
ACT006199,Call,Case,CASE00440,E0080,2025-10-05,9.0
ACT006200,Email,Case,CASE00441,E0103,2025-02-03,
ACT006201,Call,Case,CASE00442,E0107,2025-09-10,16.0
ACT006202,Task,Case,CASE00442,E0107,2025-09-08,
ACT006203,Task,Case,CASE00442,E0107,2025-09-10,
ACT006204,Task,Case,CASE00443,E0170,2024-10-23,
ACT006205,Call,Case,CASE00443,E0170,2024-10-24,28.0
ACT006206,Email,Case,CASE00443,E0170,2024-10-24,
ACT006207,Meeting,Case,CASE00443,E0170,2024-10-23,32.0
ACT006208,Email,Case,CASE00443,E0170,2024-10-25,
ACT006209,Email,Case,CASE00444,E0051,2024-03-13,
ACT006210,Meeting,Case,CASE00444,E0051,2024-03-21,24.0
ACT006211,Call,Case,CASE00445,E0064,2024-01-25,17.0
ACT006212,Call,Case,CASE00445,E0064,2024-01-25,19.0
ACT006213,Email,Case,CASE00445,E0064,2024-01-24,
ACT006214,Call,Case,CASE00445,E0064,2024-01-25,17.0
ACT006215,Meeting,Case,CASE00446,E0069,2024-10-23,14.0
ACT006216,Meeting,Case,CASE00446,E0069,2024-10-26,8.0
ACT006217,Email,Case,CASE00447,E0069,2024-02-19,
ACT006218,Call,Case,CASE00447,E0069,2024-02-19,43.0
ACT006219,Meeting,Case,CASE00447,E0069,2024-02-19,25.0
ACT006220,Email,Case,CASE00447,E0069,2024-02-20,
ACT006221,Email,Case,CASE00447,E0069,2024-02-20,
ACT006222,Call,Case,CASE00448,E0046,2025-12-22,30.0
ACT006223,Call,Case,CASE00449,E0029,2024-08-13,34.0
ACT006224,Call,Case,CASE00450,E0064,2024-05-12,6.0
ACT006225,Task,Case,CASE00450,E0064,2024-05-09,
ACT006226,Call,Case,CASE00450,E0064,2024-05-08,32.0
ACT006227,Meeting,Case,CASE00450,E0064,2024-05-11,14.0
ACT006228,Email,Case,CASE00450,E0064,2024-05-10,
